State,Season,Soil_Type,Crop,Rainfall_mm,Temperature_C,Humidity_pct,pH,Area_ha,N_kg_ha,P_kg_ha,K_kg_ha,Fertilizer,Irrigation,Yield_kg_ha
Tamil Nadu,Zaid,Sandy,Groundnut,798.3,24.6,64.5,5.8,9.46,38.6,55.6,13.9,Organic,Rain-fed,2131.1
Uttar Pradesh,Zaid,Clay,Jowar,328.0,34.7,94.1,6.9,17.27,28.5,76.4,77.6,Organic,Drip,2457.6
Karnataka,Kharif,Laterite,Barley,208.0,11.2,85.8,6.02,8.13,118.2,39.8,24.6,DAP,Rain-fed,2949.9
Karnataka,Kharif,Loamy,Cotton,918.5,36.7,92.9,8.03,15.07,66.4,29.7,48.0,Organic,Rain-fed,382.7
West Bengal,Zaid,Alluvial,Rice,917.2,27.5,84.9,7.62,14.72,29.6,35.1,18.1,Urea,Flood,4428.8
West Bengal,Rabi,Red,Groundnut,555.5,26.6,88.8,6.92,2.83,118.9,49.3,64.0,Compost,Flood,1816.1
Uttar Pradesh,Zaid,Laterite,Barley,555.3,9.6,89.3,6.93,11.48,38.1,52.3,47.8,Potash,Sprinkler,2122.3
Madhya Pradesh,Kharif,Sandy,Maize,612.9,31.0,87.9,7.91,4.14,90.1,66.5,72.7,Compost,Sprinkler,3171.1
Maharashtra,Kharif,Alluvial,Rice,1199.3,30.4,87.3,5.52,10.46,48.9,18.4,33.6,Urea,Sprinkler,5112.5
Maharashtra,Rabi,Black,Barley,401.9,8.9,78.3,7.64,3.39,99.2,45.2,13.6,Urea,Flood,1974.5
Rajasthan,Rabi,Sandy,Rice,1597.8,30.8,53.3,7.52,15.35,114.7,35.7,54.3,NPK,Drip,4346.6
Uttar Pradesh,Zaid,Sandy,Rice,1065.8,28.6,52.1,7.63,16.29,32.5,75.8,37.8,Potash,Rain-fed,3643.6
Haryana,Zaid,Alluvial,Mustard,255.0,14.8,69.8,7.59,4.96,92.2,47.1,26.9,DAP,Rain-fed,822.9
West Bengal,Rabi,Laterite,Maize,990.3,29.9,82.9,7.43,2.14,107.0,50.6,36.1,Potash,Sprinkler,6694.1
Haryana,Rabi,Black,Barley,202.5,10.3,64.7,8.48,3.93,84.2,22.5,35.7,Potash,Drip,3519.1
Andhra Pradesh,Rabi,Loamy,Maize,945.4,21.5,61.6,8.18,12.81,85.3,50.4,44.5,DAP,Drip,3131.0
Tamil Nadu,Rabi,Alluvial,Maize,900.4,28.8,60.4,5.55,18.6,145.7,77.5,69.7,Urea,Sprinkler,3121.3
Andhra Pradesh,Rabi,Clay,Maize,618.6,25.8,91.2,5.71,4.57,38.2,46.3,71.4,Compost,Flood,4988.3
Rajasthan,Zaid,Clay,Rice,1050.3,31.2,63.1,6.27,12.42,20.7,54.0,23.6,Potash,Sprinkler,2172.7
Karnataka,Zaid,Black,Maize,736.6,23.3,42.0,6.9,11.08,96.8,12.1,12.6,Organic,Sprinkler,5698.2
Tamil Nadu,Zaid,Sandy,Soybean,922.2,23.3,44.7,5.66,10.86,38.0,19.3,77.9,NPK,Flood,2272.6
Rajasthan,Kharif,Sandy,Maize,807.3,19.1,44.4,6.78,13.93,139.0,41.0,26.8,Urea,Sprinkler,2068.0
Karnataka,Zaid,Sandy,Barley,530.1,11.9,64.0,7.69,1.43,40.6,18.4,33.9,DAP,Rain-fed,1841.6
Tamil Nadu,Zaid,Black,Cotton,622.7,22.3,59.0,6.89,13.17,143.4,72.1,28.3,DAP,Sprinkler,357.0
Maharashtra,Zaid,Sandy,Maize,852.2,30.0,91.9,8.1,12.91,108.0,50.1,19.0,Potash,Rain-fed,5528.6
Haryana,Kharif,Laterite,Rice,1957.3,33.8,45.2,7.55,1.89,108.6,33.8,28.2,Organic,Sprinkler,3579.8
West Bengal,Kharif,Sandy,Jowar,718.0,30.2,84.2,6.35,3.96,124.9,79.3,38.9,Urea,Rain-fed,1526.4
Madhya Pradesh,Zaid,Clay,Sugarcane,1357.9,33.5,45.7,8.21,10.35,58.7,17.0,13.7,Urea,Sprinkler,130096.0
Maharashtra,Zaid,Loamy,Maize,563.9,22.5,67.1,5.75,2.29,92.0,24.9,76.2,Potash,Drip,6017.8
Andhra Pradesh,Zaid,Sandy,Barley,580.8,16.7,63.4,6.17,8.23,39.1,45.9,26.3,NPK,Sprinkler,3416.7
Madhya Pradesh,Kharif,Clay,Rice,1868.4,25.1,81.4,6.63,2.13,92.6,39.7,73.4,Organic,Rain-fed,2229.4
Madhya Pradesh,Zaid,Clay,Jowar,744.6,32.0,81.0,7.25,19.26,30.8,47.0,40.5,Potash,Drip,2623.3
Tamil Nadu,Zaid,Laterite,Sugarcane,1065.1,36.9,78.2,5.73,3.74,58.3,79.7,58.8,Urea,Sprinkler,82220.0
West Bengal,Kharif,Laterite,Jowar,870.2,33.6,55.3,6.06,9.54,95.9,15.4,78.2,DAP,Rain-fed,2979.7
Maharashtra,Kharif,Sandy,Soybean,619.4,22.8,77.7,5.99,18.26,143.5,60.8,52.9,Organic,Sprinkler,1680.1
Andhra Pradesh,Zaid,Alluvial,Rice,1314.4,31.7,86.3,8.01,9.64,55.5,13.9,70.5,NPK,Flood,4874.0
Tamil Nadu,Kharif,Sandy,Sugarcane,2495.0,31.8,81.6,6.63,5.2,52.7,29.2,24.5,Urea,Sprinkler,96693.4
Tamil Nadu,Rabi,Loamy,Maize,864.1,29.9,88.2,6.71,3.11,103.1,66.4,73.2,Organic,Drip,5118.2
Uttar Pradesh,Zaid,Loamy,Wheat,425.3,18.3,80.0,7.14,9.29,100.9,70.4,76.5,Potash,Sprinkler,2638.6
Haryana,Kharif,Sandy,Cotton,821.4,37.7,51.5,7.24,7.16,36.6,20.6,19.7,Urea,Flood,784.7
Haryana,Kharif,Red,Mustard,478.6,15.8,50.6,5.62,3.79,43.0,16.2,18.4,Potash,Sprinkler,1263.1
Madhya Pradesh,Rabi,Alluvial,Jowar,714.2,22.5,44.5,8.12,18.46,56.0,66.4,62.4,Organic,Drip,1209.3
West Bengal,Rabi,Clay,Mustard,393.8,18.7,81.1,5.61,5.42,129.8,62.5,12.1,NPK,Flood,1858.1
Madhya Pradesh,Kharif,Clay,Barley,568.7,10.6,51.6,6.48,2.84,97.2,57.5,65.2,Urea,Drip,2908.6
Uttar Pradesh,Rabi,Alluvial,Cotton,876.0,31.4,55.6,6.59,13.1,66.3,79.1,52.4,DAP,Flood,509.6
West Bengal,Kharif,Red,Mustard,558.7,11.1,94.0,5.84,8.26,132.5,67.2,28.1,Potash,Flood,899.7
West Bengal,Rabi,Red,Maize,1074.6,28.1,55.4,7.81,4.15,75.3,45.5,27.0,Compost,Rain-fed,1956.2
Uttar Pradesh,Kharif,Sandy,Sugarcane,1759.2,37.0,60.3,6.86,11.2,46.2,57.9,16.2,DAP,Rain-fed,70421.0
Karnataka,Zaid,Loamy,Barley,580.1,16.3,59.2,8.29,16.7,36.2,61.2,75.7,Potash,Sprinkler,1961.5
Madhya Pradesh,Kharif,Red,Soybean,628.9,27.8,51.1,5.99,3.7,106.5,46.6,35.1,Organic,Flood,2387.1
Uttar Pradesh,Kharif,Loamy,Barley,541.5,14.3,56.6,7.74,10.3,136.9,36.9,48.0,Urea,Drip,3959.5
Maharashtra,Zaid,Black,Soybean,799.7,27.3,88.3,6.99,14.96,149.7,62.7,59.5,NPK,Rain-fed,2564.8
Tamil Nadu,Zaid,Black,Rice,936.9,29.4,81.5,5.81,10.96,36.6,37.8,65.8,Potash,Drip,2732.8
Maharashtra,Rabi,Laterite,Wheat,256.1,18.4,53.8,6.54,4.04,95.8,38.1,42.3,DAP,Rain-fed,5749.8
Punjab,Zaid,Alluvial,Jowar,651.7,28.6,79.9,7.28,2.49,139.9,59.5,20.7,Potash,Drip,2013.6
Tamil Nadu,Kharif,Alluvial,Mustard,536.2,22.7,49.1,6.06,16.83,60.5,25.9,52.6,Urea,Flood,1370.9
Rajasthan,Kharif,Sandy,Sugarcane,1502.8,35.2,46.3,6.74,17.34,80.5,43.7,74.3,Compost,Sprinkler,97905.4
Andhra Pradesh,Rabi,Alluvial,Cotton,793.2,36.6,40.7,7.49,3.97,39.3,39.0,16.0,Potash,Drip,1005.9
Karnataka,Zaid,Loamy,Rice,1229.6,26.0,51.5,8.19,4.5,24.8,43.0,49.5,Organic,Drip,2292.3
Andhra Pradesh,Zaid,Loamy,Wheat,517.2,16.7,48.5,6.05,17.3,55.4,72.8,46.9,NPK,Rain-fed,5855.7
West Bengal,Kharif,Sandy,Groundnut,478.1,32.0,70.3,6.26,4.32,33.5,66.0,22.5,Organic,Rain-fed,1970.0
Maharashtra,Kharif,Red,Mustard,488.9,22.0,47.8,6.72,6.82,102.3,61.5,69.4,DAP,Flood,963.6
Punjab,Zaid,Black,Maize,908.1,23.9,74.4,6.51,16.59,24.4,68.1,34.2,NPK,Flood,6214.1
Rajasthan,Rabi,Alluvial,Maize,1163.9,28.7,66.8,8.18,16.1,22.9,28.8,47.9,Urea,Sprinkler,4485.7
Maharashtra,Rabi,Loamy,Groundnut,509.0,31.0,68.9,6.02,5.81,138.9,18.2,50.4,NPK,Sprinkler,1579.5
Tamil Nadu,Zaid,Loamy,Jowar,732.1,23.4,89.5,8.12,12.15,106.5,22.3,74.0,Potash,Drip,1808.9
Punjab,Zaid,Loamy,Jowar,553.2,26.6,45.0,7.81,1.83,76.8,74.1,60.5,NPK,Rain-fed,1972.0
Rajasthan,Zaid,Alluvial,Mustard,574.7,20.3,54.4,7.29,1.5,97.6,33.4,64.0,Compost,Flood,904.9
West Bengal,Rabi,Sandy,Barley,375.8,13.8,65.3,5.73,2.02,145.8,10.4,17.2,Potash,Rain-fed,2362.4
West Bengal,Zaid,Red,Rice,1103.6,29.0,84.4,7.48,14.0,52.5,44.3,25.5,Compost,Rain-fed,5745.2
Punjab,Zaid,Clay,Jowar,323.7,31.2,70.6,6.92,6.6,58.7,74.7,78.0,Organic,Flood,2668.1
Punjab,Rabi,Clay,Groundnut,627.6,29.3,72.8,6.19,2.85,110.5,33.8,60.7,DAP,Flood,1080.5
Haryana,Kharif,Alluvial,Mustard,415.8,21.1,88.7,7.35,5.04,148.7,10.0,23.0,NPK,Sprinkler,1536.5
Maharashtra,Kharif,Clay,Barley,584.1,13.8,80.3,5.51,9.61,58.5,26.4,12.9,Compost,Sprinkler,1494.5
Rajasthan,Kharif,Laterite,Barley,254.7,13.5,83.2,5.77,8.64,80.8,52.9,21.7,Compost,Rain-fed,4210.1
Punjab,Rabi,Alluvial,Jowar,328.2,27.0,82.9,6.55,1.63,140.6,79.6,22.2,Urea,Drip,1840.0
Uttar Pradesh,Rabi,Red,Wheat,495.6,23.9,74.3,7.74,1.18,131.8,42.0,37.4,Potash,Sprinkler,2866.0
Tamil Nadu,Zaid,Alluvial,Wheat,681.1,21.3,44.8,6.73,7.77,26.3,47.3,77.3,NPK,Drip,3116.5
Uttar Pradesh,Rabi,Sandy,Sugarcane,2487.2,24.9,71.4,7.49,11.1,115.4,46.5,70.8,Organic,Drip,76548.6
Andhra Pradesh,Zaid,Red,Barley,665.0,9.5,88.5,8.38,9.58,126.6,26.0,73.6,DAP,Sprinkler,1681.3
Haryana,Kharif,Clay,Wheat,666.1,17.1,73.9,8.44,12.82,21.2,67.3,19.0,DAP,Rain-fed,3384.7
Tamil Nadu,Kharif,Loamy,Wheat,420.9,18.9,83.4,6.02,15.53,41.6,64.0,59.6,Potash,Flood,3777.0
Maharashtra,Zaid,Black,Soybean,972.5,20.5,47.2,7.77,0.98,62.1,44.2,63.9,NPK,Drip,2238.8
Karnataka,Kharif,Clay,Cotton,798.3,29.2,78.2,6.16,2.11,105.1,29.1,76.6,Compost,Rain-fed,421.9
Andhra Pradesh,Zaid,Laterite,Sugarcane,2364.3,36.0,55.1,8.45,8.48,49.9,24.9,12.2,Potash,Sprinkler,100160.9
Tamil Nadu,Zaid,Sandy,Mustard,263.7,12.9,65.0,7.09,0.85,58.2,73.8,77.7,Organic,Rain-fed,971.2
Maharashtra,Kharif,Loamy,Barley,200.6,16.4,51.0,6.97,1.75,55.0,65.8,31.7,Compost,Drip,2978.0
Andhra Pradesh,Kharif,Alluvial,Soybean,775.0,26.9,42.2,6.94,2.55,148.3,20.0,44.9,Urea,Rain-fed,1793.3
Punjab,Rabi,Black,Cotton,742.2,34.4,69.4,8.15,2.11,66.5,32.5,78.4,Organic,Rain-fed,461.8
Uttar Pradesh,Zaid,Red,Jowar,400.5,23.4,41.7,8.31,1.51,141.6,76.3,53.8,Urea,Sprinkler,2190.7
Rajasthan,Rabi,Loamy,Groundnut,730.4,29.7,64.9,7.43,10.76,30.6,14.2,27.3,DAP,Sprinkler,1255.1
Karnataka,Kharif,Sandy,Groundnut,635.1,32.4,76.2,6.99,11.33,49.7,79.7,78.2,DAP,Flood,2317.1
Punjab,Zaid,Loamy,Jowar,542.0,24.9,65.4,8.1,14.68,75.3,34.2,36.0,Organic,Rain-fed,2285.4
Haryana,Rabi,Clay,Sugarcane,1593.3,32.5,76.0,8.48,6.04,69.9,42.6,68.5,Organic,Rain-fed,73161.8
Rajasthan,Rabi,Clay,Jowar,729.5,33.8,93.4,6.04,17.16,52.1,71.0,41.2,Organic,Drip,2148.3
Haryana,Zaid,Laterite,Soybean,991.3,23.1,76.1,6.48,15.58,50.8,26.4,71.9,Potash,Drip,1717.8
Punjab,Kharif,Alluvial,Jowar,569.3,30.7,53.7,7.35,14.28,69.3,52.4,35.0,Compost,Rain-fed,1855.7
Maharashtra,Rabi,Laterite,Mustard,434.1,22.2,94.3,5.87,5.01,103.2,25.7,22.6,DAP,Drip,1015.3
Maharashtra,Kharif,Black,Rice,1458.0,22.5,66.4,7.56,0.84,146.5,50.6,27.8,Urea,Sprinkler,3543.8
Rajasthan,Zaid,Black,Groundnut,415.0,26.3,48.9,6.07,14.75,50.5,77.4,27.9,Organic,Rain-fed,1810.0
Haryana,Kharif,Black,Groundnut,872.3,31.6,85.7,8.09,15.49,123.4,74.3,52.0,NPK,Rain-fed,2789.9
Andhra Pradesh,Zaid,Black,Barley,253.3,17.2,93.7,6.72,17.48,93.7,61.7,71.5,Urea,Drip,3043.0
Madhya Pradesh,Zaid,Black,Cotton,967.3,34.9,64.0,7.95,2.84,20.7,32.7,35.7,Compost,Flood,539.6
Andhra Pradesh,Rabi,Red,Barley,498.2,15.6,72.3,6.01,13.03,85.1,48.0,76.6,DAP,Sprinkler,4421.2
Haryana,Kharif,Sandy,Sugarcane,2220.6,25.5,53.5,6.93,8.19,113.4,76.9,11.3,Compost,Sprinkler,66044.6
Uttar Pradesh,Rabi,Loamy,Maize,542.2,31.1,49.1,7.35,10.7,140.8,47.3,50.7,Compost,Flood,2037.7
Madhya Pradesh,Rabi,Black,Wheat,450.0,23.7,50.0,7.54,4.04,112.2,17.5,49.7,Organic,Flood,2895.1
Rajasthan,Zaid,Sandy,Groundnut,807.9,27.2,92.3,7.3,16.47,49.7,24.8,52.8,Compost,Rain-fed,1698.0
Tamil Nadu,Rabi,Black,Jowar,840.0,26.6,80.3,8.05,13.59,119.7,20.5,39.7,Urea,Sprinkler,1141.1
Uttar Pradesh,Zaid,Sandy,Rice,1138.4,23.2,70.1,6.2,8.12,84.6,79.1,19.6,Organic,Drip,4792.7
Punjab,Zaid,Alluvial,Maize,809.9,24.2,94.5,5.89,2.53,95.2,29.2,15.6,DAP,Sprinkler,2020.4
Haryana,Kharif,Laterite,Barley,508.6,14.2,43.8,7.42,5.79,89.3,32.7,33.3,DAP,Flood,3471.0
Haryana,Zaid,Red,Groundnut,589.2,27.1,65.6,5.68,11.46,42.8,58.3,24.1,Potash,Drip,1871.5
Karnataka,Zaid,Red,Rice,1230.9,34.8,48.4,8.48,18.58,129.5,46.5,53.7,Potash,Drip,2299.6
Andhra Pradesh,Rabi,Laterite,Groundnut,832.3,30.5,43.5,5.85,4.93,69.5,34.2,26.7,Organic,Sprinkler,1701.7
Andhra Pradesh,Zaid,Red,Jowar,660.4,28.7,71.6,7.2,8.13,71.6,47.8,54.0,Potash,Flood,2233.1
Maharashtra,Rabi,Clay,Jowar,820.8,32.5,44.5,6.71,3.88,65.0,78.3,54.9,DAP,Flood,2614.1
Madhya Pradesh,Rabi,Red,Soybean,1097.6,23.2,48.1,6.6,1.83,37.6,77.4,48.5,DAP,Rain-fed,3026.5
Haryana,Zaid,Loamy,Cotton,807.7,23.7,48.4,5.68,15.72,27.6,79.6,14.0,DAP,Drip,867.0
Tamil Nadu,Zaid,Alluvial,Rice,1460.4,35.0,52.1,6.02,13.29,114.2,65.4,38.3,Compost,Flood,4025.9
Karnataka,Kharif,Loamy,Maize,757.4,23.8,61.3,8.39,5.35,74.4,65.3,50.8,Compost,Flood,4902.2
Haryana,Kharif,Sandy,Sugarcane,2251.5,32.8,92.8,6.96,2.64,79.1,69.1,16.9,Potash,Flood,83110.9
West Bengal,Zaid,Black,Cotton,1105.3,25.9,60.7,6.68,9.46,136.0,76.9,65.1,Organic,Sprinkler,523.1
West Bengal,Kharif,Laterite,Rice,1825.0,22.5,85.4,6.99,8.03,49.5,72.3,41.5,Compost,Rain-fed,5298.3
West Bengal,Kharif,Sandy,Sugarcane,2106.2,31.2,42.1,7.74,13.35,33.7,12.5,45.6,NPK,Rain-fed,84284.2
Uttar Pradesh,Zaid,Laterite,Cotton,1042.3,32.6,62.7,7.15,16.7,30.7,46.0,72.9,DAP,Sprinkler,915.4
Uttar Pradesh,Kharif,Black,Mustard,449.9,15.3,54.0,6.28,1.85,82.2,72.7,32.6,Urea,Sprinkler,860.2
Haryana,Zaid,Laterite,Sugarcane,2380.4,31.3,42.4,5.83,12.17,68.9,48.5,37.2,Urea,Drip,67376.6
Punjab,Kharif,Red,Cotton,668.5,23.9,55.7,7.95,17.3,139.5,27.7,62.9,Urea,Rain-fed,620.0
Andhra Pradesh,Zaid,Loamy,Groundnut,490.3,22.8,54.8,7.12,14.69,109.1,16.4,77.6,DAP,Drip,2108.3
Tamil Nadu,Kharif,Red,Groundnut,820.4,32.3,80.9,7.34,2.57,133.5,54.5,63.3,Organic,Sprinkler,1167.2
West Bengal,Zaid,Laterite,Rice,1715.9,33.5,62.1,7.9,4.48,115.3,53.1,23.2,DAP,Drip,3486.0
Rajasthan,Rabi,Black,Barley,477.1,8.1,85.8,5.53,15.12,108.2,62.9,68.9,Organic,Drip,2785.7
Rajasthan,Kharif,Red,Cotton,1005.4,36.2,76.5,5.51,3.98,41.7,22.7,37.1,DAP,Sprinkler,614.1
Rajasthan,Zaid,Sandy,Groundnut,640.5,31.0,78.7,5.66,9.99,98.3,11.6,32.5,Compost,Sprinkler,2021.1
Maharashtra,Rabi,Red,Jowar,724.6,32.3,58.1,6.8,2.23,97.8,61.5,79.9,Potash,Drip,2775.7
Andhra Pradesh,Zaid,Clay,Rice,1363.4,30.3,86.2,6.65,11.65,93.5,78.6,21.6,Organic,Drip,5313.8
Uttar Pradesh,Rabi,Sandy,Soybean,910.8,23.0,86.9,6.18,7.85,124.3,42.1,43.8,Organic,Rain-fed,1226.9
Punjab,Kharif,Red,Cotton,534.9,36.5,40.4,5.67,4.89,71.8,74.6,43.0,Potash,Rain-fed,321.7
Madhya Pradesh,Kharif,Black,Jowar,463.2,31.9,54.7,5.97,17.14,100.6,49.3,34.2,NPK,Rain-fed,1392.7
Maharashtra,Zaid,Red,Groundnut,443.2,25.3,88.5,6.68,16.64,84.3,78.6,20.1,Compost,Drip,2282.4
Madhya Pradesh,Kharif,Alluvial,Maize,1180.4,26.5,48.3,6.18,5.39,90.9,78.6,25.9,Compost,Flood,3463.4
Andhra Pradesh,Rabi,Black,Barley,595.8,15.7,65.2,6.95,3.73,130.5,56.8,42.4,DAP,Sprinkler,2957.2
Rajasthan,Zaid,Red,Mustard,514.8,11.6,42.9,7.86,4.43,90.8,63.1,62.8,Organic,Rain-fed,797.7
Madhya Pradesh,Rabi,Laterite,Mustard,551.1,22.3,81.3,7.17,11.27,138.2,47.7,44.8,Compost,Flood,924.6
West Bengal,Rabi,Red,Wheat,296.7,16.2,45.2,6.57,15.27,60.6,55.0,23.7,Organic,Drip,6086.0
Haryana,Zaid,Laterite,Wheat,329.0,19.7,73.7,6.59,18.0,85.9,51.9,12.3,NPK,Rain-fed,3856.6
Uttar Pradesh,Kharif,Loamy,Sugarcane,1660.5,32.6,84.2,7.02,19.36,35.9,60.8,32.6,Organic,Flood,129355.6
Tamil Nadu,Kharif,Red,Jowar,556.5,24.1,45.1,5.59,16.55,69.3,78.1,33.6,DAP,Sprinkler,1427.8
Rajasthan,Kharif,Red,Barley,378.9,14.9,46.2,5.76,14.52,137.7,61.8,23.4,NPK,Rain-fed,3397.2
Uttar Pradesh,Kharif,Sandy,Groundnut,710.5,26.9,46.9,7.53,6.84,42.7,69.9,25.9,Potash,Flood,2435.8
Tamil Nadu,Zaid,Clay,Cotton,1106.5,25.4,82.0,6.72,15.31,50.3,66.5,14.1,Potash,Rain-fed,863.1
Haryana,Rabi,Clay,Maize,1135.0,27.4,65.3,8.09,11.16,147.0,17.8,39.6,NPK,Flood,1947.2
Uttar Pradesh,Zaid,Loamy,Groundnut,463.7,31.9,81.5,7.91,0.85,92.7,54.0,47.3,Compost,Flood,1897.6
Maharashtra,Kharif,Sandy,Cotton,578.8,33.3,53.3,5.54,9.64,97.8,30.8,31.0,Urea,Sprinkler,761.9
Punjab,Rabi,Clay,Soybean,1135.4,21.9,63.6,6.3,15.89,105.6,27.7,25.4,Organic,Flood,1878.1
Uttar Pradesh,Kharif,Laterite,Sugarcane,1140.8,36.7,43.6,8.37,0.99,76.5,64.2,52.1,Potash,Sprinkler,130531.7
Maharashtra,Zaid,Red,Maize,811.7,29.0,68.2,5.81,8.0,104.8,76.5,52.0,Organic,Flood,4805.3
Madhya Pradesh,Rabi,Loamy,Rice,1195.9,27.3,59.9,6.92,1.39,81.1,41.5,43.1,NPK,Rain-fed,3946.9
Punjab,Rabi,Loamy,Cotton,644.9,30.3,42.7,8.0,16.96,80.2,40.7,25.3,Urea,Sprinkler,524.0
Punjab,Kharif,Sandy,Soybean,1159.1,24.0,85.0,7.09,17.66,84.2,59.2,79.5,Urea,Flood,1088.5
Punjab,Kharif,Sandy,Maize,787.7,30.7,79.5,8.36,14.57,20.3,60.2,68.1,Urea,Flood,1632.9
Punjab,Zaid,Loamy,Cotton,980.6,23.8,76.4,5.78,12.13,29.2,15.6,34.8,Potash,Drip,1060.4
Haryana,Zaid,Loamy,Wheat,694.0,18.4,90.2,7.34,17.54,35.7,73.2,14.7,Potash,Sprinkler,4512.2
Uttar Pradesh,Zaid,Laterite,Mustard,528.0,19.7,66.7,7.23,1.35,92.6,34.0,61.0,Organic,Sprinkler,1663.7
Tamil Nadu,Rabi,Alluvial,Wheat,451.9,11.1,83.4,6.84,16.07,131.5,74.2,40.2,NPK,Flood,3683.0
Punjab,Zaid,Laterite,Jowar,522.0,22.4,68.1,6.0,13.09,119.0,76.3,33.8,Organic,Rain-fed,1786.2
Maharashtra,Rabi,Black,Rice,1011.4,33.0,65.0,7.56,3.24,23.6,45.4,77.5,Organic,Sprinkler,3101.7
Haryana,Rabi,Red,Soybean,1155.4,24.1,81.6,6.88,6.14,35.1,76.9,32.0,Organic,Sprinkler,2696.5
Maharashtra,Kharif,Loamy,Rice,997.0,29.9,61.2,6.52,11.06,92.0,47.9,63.3,Organic,Drip,5518.3
Uttar Pradesh,Rabi,Sandy,Maize,749.3,29.6,43.2,6.53,5.77,92.5,34.3,50.6,Potash,Flood,2587.5
Haryana,Rabi,Laterite,Cotton,781.2,37.9,71.3,7.36,4.43,25.1,43.3,48.0,Organic,Rain-fed,459.3
Andhra Pradesh,Kharif,Clay,Sugarcane,1898.7,28.9,81.0,7.15,1.63,134.0,76.1,20.4,Potash,Drip,95093.2
Punjab,Rabi,Loamy,Soybean,953.2,23.8,81.9,6.66,10.47,95.0,70.6,78.7,Urea,Flood,1678.1
Uttar Pradesh,Zaid,Clay,Maize,921.5,26.3,46.0,8.06,9.06,136.1,14.4,71.8,Urea,Drip,4536.6
Andhra Pradesh,Zaid,Sandy,Groundnut,409.6,28.7,88.0,7.08,12.83,126.6,33.3,61.3,Organic,Rain-fed,1800.7
West Bengal,Zaid,Alluvial,Maize,1198.5,27.5,40.1,5.63,7.16,29.0,10.4,75.6,Organic,Drip,6058.7
Haryana,Rabi,Alluvial,Maize,929.5,19.2,55.4,7.56,0.98,91.4,54.2,50.4,NPK,Flood,5299.9
Karnataka,Rabi,Alluvial,Maize,865.8,22.2,83.7,7.62,1.48,72.4,30.7,26.3,DAP,Sprinkler,3265.0
Tamil Nadu,Kharif,Alluvial,Groundnut,638.2,25.2,73.2,6.57,13.13,135.5,45.2,41.5,Compost,Flood,1960.9
Haryana,Rabi,Black,Mustard,421.9,18.9,85.2,7.91,11.27,139.2,60.4,38.1,Potash,Drip,948.8
Rajasthan,Rabi,Black,Rice,1249.3,22.0,55.2,7.62,1.72,20.5,27.3,61.9,DAP,Rain-fed,3338.1
Haryana,Rabi,Red,Barley,380.1,11.8,89.1,6.8,18.24,31.6,58.1,44.6,Potash,Flood,2777.0
Tamil Nadu,Kharif,Red,Jowar,383.5,25.3,55.3,5.89,13.68,55.0,43.3,54.4,Urea,Sprinkler,2614.8
Madhya Pradesh,Zaid,Laterite,Rice,1296.1,34.4,65.2,6.13,7.69,26.8,63.7,39.2,Potash,Drip,5267.1
Punjab,Kharif,Loamy,Barley,634.9,18.2,81.5,5.61,8.2,115.8,78.2,13.7,Potash,Sprinkler,3447.0
Uttar Pradesh,Kharif,Laterite,Soybean,719.5,28.9,43.2,5.83,10.56,128.6,11.0,36.5,Potash,Flood,1426.4
Madhya Pradesh,Rabi,Sandy,Soybean,918.6,26.0,68.5,7.53,6.58,120.5,46.5,78.3,Potash,Rain-fed,923.7
Haryana,Kharif,Alluvial,Sugarcane,1114.6,29.4,54.6,5.55,6.22,87.3,34.4,36.0,Urea,Flood,55199.7
West Bengal,Kharif,Red,Groundnut,839.6,31.5,73.3,6.37,4.54,136.9,59.7,75.6,NPK,Rain-fed,2026.9
Karnataka,Kharif,Alluvial,Groundnut,735.8,30.2,69.2,7.45,13.07,67.5,25.8,23.7,Potash,Sprinkler,1219.3
Punjab,Kharif,Laterite,Maize,602.9,29.4,92.1,6.51,14.64,27.9,58.3,58.3,Urea,Flood,6445.6
Punjab,Rabi,Loamy,Cotton,941.6,29.2,56.6,7.78,7.41,145.1,53.5,75.0,DAP,Drip,882.0
Punjab,Kharif,Laterite,Maize,616.0,24.2,94.0,7.88,17.15,144.9,23.8,76.6,Potash,Rain-fed,6335.7
Madhya Pradesh,Rabi,Sandy,Jowar,613.5,24.8,72.6,5.72,12.64,44.7,65.5,73.6,DAP,Sprinkler,2730.1
West Bengal,Rabi,Black,Wheat,733.5,15.5,79.5,6.24,12.99,144.8,63.5,69.9,Urea,Flood,4661.7
Rajasthan,Zaid,Laterite,Sugarcane,1013.6,29.0,74.9,6.17,6.77,114.8,16.7,40.0,DAP,Flood,68471.9
Haryana,Zaid,Clay,Jowar,840.8,24.0,67.2,7.04,9.89,31.8,12.3,14.0,NPK,Rain-fed,1829.2
Maharashtra,Kharif,Laterite,Jowar,514.3,32.2,59.7,7.47,5.19,139.4,17.1,45.4,DAP,Sprinkler,1347.2
West Bengal,Zaid,Red,Barley,675.2,16.1,63.5,6.48,16.87,75.9,73.3,69.2,Organic,Rain-fed,2732.7
Maharashtra,Kharif,Black,Cotton,1076.2,36.2,72.5,6.06,6.97,102.7,35.5,30.7,Compost,Rain-fed,871.3
West Bengal,Rabi,Sandy,Mustard,219.1,20.2,85.4,7.05,9.53,57.7,75.2,37.4,Organic,Rain-fed,1474.6
Andhra Pradesh,Kharif,Loamy,Barley,200.0,13.8,79.8,6.1,4.47,76.9,71.8,13.6,Organic,Drip,2410.8
Rajasthan,Rabi,Clay,Cotton,1019.3,35.6,89.3,7.95,5.43,36.3,33.6,80.0,NPK,Sprinkler,588.3
Karnataka,Zaid,Alluvial,Mustard,505.0,17.6,81.5,5.56,5.75,55.0,54.0,43.7,Compost,Drip,1296.6
Madhya Pradesh,Zaid,Clay,Sugarcane,1840.1,34.9,60.3,8.3,16.64,139.7,58.6,61.0,NPK,Sprinkler,122071.6
Andhra Pradesh,Rabi,Alluvial,Rice,933.9,22.7,76.6,5.97,2.82,107.2,40.5,48.5,Urea,Rain-fed,3128.0
Uttar Pradesh,Rabi,Laterite,Cotton,769.0,22.4,78.7,8.41,9.03,111.6,67.2,48.3,Potash,Rain-fed,767.7
West Bengal,Kharif,Loamy,Maize,800.7,22.3,92.9,7.64,19.07,132.5,21.0,31.7,NPK,Flood,3241.0
Uttar Pradesh,Rabi,Clay,Sugarcane,1106.3,28.4,85.8,8.22,0.74,91.4,30.1,31.5,Potash,Drip,89780.7
Tamil Nadu,Rabi,Laterite,Rice,1928.5,27.6,53.6,6.57,2.14,108.1,15.0,24.4,Urea,Flood,3083.0
West Bengal,Rabi,Laterite,Groundnut,609.2,32.5,91.8,8.24,0.72,147.0,17.2,48.3,Compost,Drip,2894.6
Punjab,Zaid,Alluvial,Barley,568.9,17.9,68.6,5.72,12.31,116.2,54.1,48.5,DAP,Drip,3885.4
Uttar Pradesh,Zaid,Laterite,Soybean,641.0,24.3,75.7,6.3,0.79,52.6,57.3,59.5,NPK,Sprinkler,2070.7
Maharashtra,Kharif,Black,Barley,462.9,11.5,46.4,6.85,12.44,142.1,10.5,64.1,NPK,Sprinkler,3386.0
Madhya Pradesh,Zaid,Alluvial,Rice,916.9,29.6,92.7,6.7,16.88,107.4,78.4,17.1,DAP,Rain-fed,2159.6
Madhya Pradesh,Zaid,Sandy,Soybean,796.2,28.9,54.2,6.8,14.61,96.6,52.9,54.6,DAP,Flood,1406.2
Punjab,Kharif,Laterite,Rice,1800.2,22.7,40.9,5.73,18.27,75.2,25.1,51.8,NPK,Drip,4457.6
Maharashtra,Zaid,Red,Groundnut,819.2,33.3,55.6,7.86,8.25,52.9,79.1,30.4,Compost,Drip,2269.7
Andhra Pradesh,Kharif,Alluvial,Barley,366.8,20.1,76.7,7.86,9.36,52.3,59.4,39.9,Organic,Sprinkler,2562.1
Andhra Pradesh,Zaid,Clay,Sugarcane,2176.0,29.9,72.9,6.1,12.01,83.8,74.9,17.4,Organic,Flood,118192.2
Tamil Nadu,Kharif,Sandy,Rice,1916.4,23.5,50.2,7.49,17.69,109.1,17.7,30.2,Organic,Flood,2781.7
Rajasthan,Kharif,Sandy,Mustard,421.4,13.6,85.5,6.15,16.28,102.2,36.1,29.0,Organic,Rain-fed,1084.9
Madhya Pradesh,Rabi,Loamy,Soybean,932.0,25.0,83.7,8.15,7.22,77.1,52.7,21.2,NPK,Sprinkler,2174.2
Karnataka,Kharif,Alluvial,Cotton,660.7,23.9,79.5,7.7,10.54,30.9,11.3,21.6,Compost,Sprinkler,845.2
Karnataka,Zaid,Laterite,Maize,655.7,25.3,53.4,6.3,7.05,94.3,79.0,39.0,Compost,Rain-fed,5054.5
Rajasthan,Kharif,Clay,Rice,1495.0,31.1,51.2,6.48,11.16,22.9,76.2,58.8,Urea,Sprinkler,3537.5
Rajasthan,Kharif,Sandy,Mustard,476.8,12.9,77.3,7.82,19.05,99.5,70.0,57.1,Urea,Drip,1402.6
Andhra Pradesh,Kharif,Alluvial,Sugarcane,1332.9,34.0,69.5,8.01,16.52,36.6,30.0,47.2,Urea,Flood,88397.9
West Bengal,Rabi,Alluvial,Maize,509.4,23.7,89.6,6.11,1.81,70.6,47.9,77.8,Compost,Sprinkler,2004.3
Andhra Pradesh,Zaid,Sandy,Barley,690.9,14.3,52.7,8.33,1.34,29.1,61.0,52.6,NPK,Flood,3435.2
Haryana,Rabi,Loamy,Jowar,510.0,34.1,86.3,6.62,12.82,33.5,13.4,50.7,DAP,Drip,1768.6
Rajasthan,Kharif,Clay,Jowar,769.2,31.8,40.8,6.12,14.41,106.1,34.3,37.4,NPK,Flood,1314.5
Tamil Nadu,Rabi,Sandy,Sugarcane,1981.2,36.4,81.7,6.42,8.59,70.2,51.2,23.0,NPK,Sprinkler,96662.9
Punjab,Rabi,Laterite,Wheat,462.4,22.7,78.3,6.65,16.53,123.5,29.0,58.5,DAP,Sprinkler,3344.6
Rajasthan,Rabi,Sandy,Rice,1481.6,32.7,52.0,7.29,5.66,126.8,42.3,78.8,Organic,Flood,4658.7
West Bengal,Kharif,Laterite,Jowar,719.4,26.8,65.5,6.29,8.6,92.5,12.7,56.7,NPK,Flood,1660.3
Punjab,Rabi,Red,Mustard,466.7,11.3,78.9,8.4,16.62,141.4,66.1,57.2,Potash,Flood,697.1
Punjab,Zaid,Sandy,Maize,899.8,22.3,41.2,6.58,15.78,60.7,55.8,26.2,NPK,Sprinkler,1921.1
Rajasthan,Zaid,Red,Cotton,527.3,35.4,91.6,6.74,8.35,29.0,54.7,61.3,NPK,Drip,938.7
Haryana,Zaid,Red,Barley,314.4,16.4,74.0,7.4,9.65,84.2,70.3,42.3,Organic,Rain-fed,4174.6
Tamil Nadu,Kharif,Clay,Wheat,431.2,22.1,43.0,7.43,19.5,92.1,62.3,66.7,Compost,Sprinkler,3621.9
Punjab,Kharif,Clay,Mustard,482.1,16.4,92.2,5.68,13.87,42.3,41.8,41.8,Urea,Flood,1610.8
Punjab,Rabi,Sandy,Jowar,541.1,24.0,75.3,5.74,14.94,97.2,59.2,14.7,Potash,Rain-fed,1235.1
Karnataka,Kharif,Loamy,Rice,1567.5,33.5,93.7,7.55,7.82,46.1,25.1,58.4,Urea,Flood,3838.3
Tamil Nadu,Zaid,Clay,Sugarcane,1093.6,28.7,61.8,7.51,17.89,91.7,65.3,39.1,Organic,Flood,65366.3
Tamil Nadu,Zaid,Laterite,Cotton,538.7,37.1,94.2,6.0,2.73,40.2,24.5,54.1,Potash,Rain-fed,401.3
Haryana,Rabi,Clay,Cotton,647.4,34.9,87.6,5.96,2.11,59.3,49.4,66.3,DAP,Flood,405.3
Karnataka,Kharif,Red,Soybean,1068.3,23.0,64.3,8.45,8.22,74.4,42.1,60.8,DAP,Drip,2340.9
Punjab,Kharif,Clay,Jowar,488.3,29.0,91.7,5.55,10.69,105.3,49.2,58.1,Organic,Rain-fed,1984.1
Karnataka,Zaid,Clay,Barley,629.9,13.7,81.9,5.88,4.33,42.8,49.7,50.6,Urea,Drip,2952.3
Andhra Pradesh,Zaid,Red,Groundnut,866.2,32.4,71.4,6.06,5.93,43.8,67.8,30.0,Potash,Flood,2706.2
Uttar Pradesh,Rabi,Loamy,Mustard,423.5,15.2,60.2,5.76,11.36,63.9,79.2,11.8,Organic,Flood,1155.9
Haryana,Kharif,Black,Soybean,1051.0,26.2,74.5,7.75,3.46,65.7,16.6,44.0,Urea,Drip,3041.6
Karnataka,Kharif,Black,Groundnut,545.7,24.9,65.6,7.78,3.51,75.9,51.8,80.0,DAP,Sprinkler,2410.1
West Bengal,Zaid,Alluvial,Sugarcane,2144.3,24.6,73.8,8.23,10.44,101.4,29.5,69.7,Organic,Flood,112886.4
Punjab,Kharif,Alluvial,Rice,1775.6,31.8,46.1,7.32,5.98,69.4,66.1,37.4,Compost,Rain-fed,4484.3
West Bengal,Rabi,Clay,Jowar,706.4,29.4,60.1,6.45,15.11,31.4,29.8,39.3,NPK,Sprinkler,1510.2
Karnataka,Zaid,Red,Sugarcane,2442.2,33.4,73.6,7.54,6.69,143.1,71.9,61.7,DAP,Sprinkler,78260.5
Punjab,Rabi,Red,Maize,718.3,22.8,58.9,8.0,18.74,45.8,21.5,26.8,DAP,Rain-fed,5716.9
Haryana,Zaid,Clay,Mustard,336.6,16.3,53.6,6.91,13.41,118.0,50.5,73.3,DAP,Rain-fed,1904.0
Karnataka,Zaid,Laterite,Wheat,678.1,15.0,56.4,5.82,9.08,142.2,52.3,70.4,DAP,Sprinkler,6015.8
Rajasthan,Rabi,Loamy,Sugarcane,2102.4,31.4,47.5,7.7,12.83,91.1,73.2,34.1,Urea,Sprinkler,104063.0
West Bengal,Rabi,Red,Maize,896.6,27.2,70.8,8.33,2.11,121.4,16.9,15.3,NPK,Drip,3939.5
Punjab,Zaid,Black,Soybean,728.8,20.7,76.2,7.1,2.51,93.8,30.7,75.7,DAP,Drip,2861.4
Punjab,Zaid,Laterite,Wheat,275.2,10.7,52.0,8.47,11.7,109.5,72.8,62.2,Urea,Flood,2318.6
Punjab,Kharif,Clay,Maize,745.6,23.1,70.7,5.97,16.77,129.3,25.5,36.7,Compost,Drip,5812.1
Andhra Pradesh,Kharif,Laterite,Rice,1203.3,24.7,91.4,7.55,10.87,81.8,38.5,21.3,DAP,Flood,4678.4
Karnataka,Zaid,Loamy,Wheat,416.1,23.0,68.2,7.82,1.36,104.3,26.2,57.7,NPK,Drip,6248.7
Maharashtra,Kharif,Red,Rice,1889.2,34.5,69.2,7.11,5.92,92.3,12.0,73.5,Compost,Rain-fed,2379.8
Uttar Pradesh,Rabi,Clay,Jowar,400.9,33.4,57.5,8.41,5.62,135.2,75.4,74.1,Organic,Sprinkler,1760.9
Karnataka,Rabi,Sandy,Jowar,488.9,22.6,85.3,5.94,16.74,129.8,40.2,36.5,Compost,Rain-fed,2556.1
Tamil Nadu,Rabi,Alluvial,Jowar,806.5,28.3,71.5,6.48,1.27,20.8,78.5,77.6,NPK,Sprinkler,1676.7
Maharashtra,Rabi,Alluvial,Soybean,1092.3,24.4,83.1,6.3,19.81,98.5,56.2,58.2,NPK,Drip,1400.1
Tamil Nadu,Zaid,Sandy,Barley,299.0,8.9,67.3,8.25,15.64,93.5,41.0,65.8,DAP,Drip,3721.7
Rajasthan,Zaid,Black,Barley,226.2,10.2,52.9,7.99,18.99,56.4,29.4,12.5,Urea,Rain-fed,4062.1
Rajasthan,Rabi,Red,Rice,910.7,33.2,83.0,6.44,5.33,67.3,49.6,10.4,DAP,Rain-fed,2668.0
West Bengal,Kharif,Loamy,Mustard,561.7,15.2,85.8,7.92,4.87,31.4,16.3,23.5,Potash,Drip,897.1
Karnataka,Kharif,Black,Sugarcane,1125.3,27.0,87.9,7.78,14.69,88.9,21.3,50.0,Potash,Flood,108312.0
Andhra Pradesh,Rabi,Black,Cotton,1013.7,27.5,43.1,5.6,8.14,52.0,78.3,34.1,DAP,Drip,641.0
Andhra Pradesh,Zaid,Loamy,Cotton,585.5,23.8,83.5,5.92,11.14,25.9,55.9,47.5,DAP,Sprinkler,376.1
Uttar Pradesh,Kharif,Clay,Groundnut,458.6,24.4,67.9,7.41,19.71,73.5,39.9,33.1,DAP,Flood,1948.5
Karnataka,Kharif,Alluvial,Groundnut,867.2,31.6,82.9,5.55,16.46,84.0,23.7,55.6,Urea,Drip,2513.9
Uttar Pradesh,Zaid,Black,Cotton,572.0,24.0,77.2,7.28,12.26,20.2,36.5,20.0,DAP,Rain-fed,375.8
West Bengal,Kharif,Sandy,Jowar,715.4,25.0,75.9,6.25,13.18,35.9,59.1,17.9,Organic,Sprinkler,2801.0
Madhya Pradesh,Rabi,Black,Mustard,250.6,10.4,86.3,6.95,15.66,114.2,44.5,54.3,NPK,Rain-fed,1859.0
Maharashtra,Kharif,Laterite,Wheat,275.2,22.5,41.4,6.59,11.16,36.6,66.0,70.4,Organic,Sprinkler,2770.7
Maharashtra,Rabi,Sandy,Cotton,923.8,26.9,72.0,6.26,15.25,106.0,54.4,51.5,NPK,Drip,419.9
Karnataka,Rabi,Clay,Soybean,1010.8,29.0,47.4,5.78,16.71,61.4,72.6,55.1,Potash,Sprinkler,1397.6
Andhra Pradesh,Rabi,Red,Sugarcane,2068.2,29.0,69.7,8.05,19.17,86.9,16.0,48.4,NPK,Drip,89509.8
Punjab,Zaid,Clay,Sugarcane,1583.1,27.4,44.5,7.99,19.55,31.4,14.6,72.4,NPK,Drip,96691.8
West Bengal,Kharif,Loamy,Rice,1343.0,30.7,78.2,6.59,14.9,35.5,50.1,28.0,Organic,Flood,4340.1
Madhya Pradesh,Rabi,Sandy,Maize,850.0,28.2,56.9,6.98,16.03,49.4,48.6,46.6,NPK,Flood,3124.1
Uttar Pradesh,Zaid,Clay,Barley,243.0,8.8,69.9,6.2,12.94,25.4,44.9,58.3,NPK,Flood,2300.2
West Bengal,Zaid,Red,Soybean,991.8,21.5,47.5,8.18,1.96,44.7,59.1,49.0,Organic,Rain-fed,1452.4
Andhra Pradesh,Zaid,Laterite,Barley,616.6,12.2,91.2,7.53,6.49,91.6,65.3,32.3,Potash,Sprinkler,3072.7
Punjab,Rabi,Red,Barley,388.9,8.9,48.9,7.47,19.96,142.3,71.1,41.6,Compost,Sprinkler,3994.0
Karnataka,Rabi,Black,Jowar,336.9,32.6,47.4,6.09,4.02,88.3,17.8,70.8,Urea,Flood,1522.8
Andhra Pradesh,Rabi,Laterite,Sugarcane,2013.4,24.5,51.8,5.63,7.59,35.1,27.8,30.7,Organic,Flood,90933.3
Maharashtra,Kharif,Red,Barley,398.2,12.1,44.4,8.32,15.23,46.1,32.1,65.4,Urea,Rain-fed,4110.4
Punjab,Zaid,Clay,Cotton,1048.4,26.4,88.1,8.41,3.95,25.2,38.4,46.1,Compost,Rain-fed,687.2
Karnataka,Kharif,Loamy,Rice,1064.1,32.2,88.1,5.54,4.92,65.7,52.7,11.7,NPK,Sprinkler,2522.0
Andhra Pradesh,Kharif,Laterite,Wheat,549.7,22.6,89.8,8.01,4.34,45.9,28.5,45.2,NPK,Rain-fed,2123.2
Karnataka,Zaid,Loamy,Sugarcane,1621.2,37.4,74.4,7.21,4.1,122.4,29.8,68.6,Organic,Flood,85432.3
Uttar Pradesh,Zaid,Clay,Jowar,348.1,27.7,80.8,6.23,12.16,131.1,76.7,71.8,Potash,Flood,1315.4
Uttar Pradesh,Kharif,Clay,Maize,543.4,19.0,70.7,8.38,1.45,44.1,47.9,55.2,Compost,Sprinkler,1586.4
Madhya Pradesh,Kharif,Laterite,Mustard,318.6,11.1,83.8,7.77,13.77,27.7,58.4,61.0,Potash,Drip,877.8
Madhya Pradesh,Kharif,Clay,Barley,227.7,12.6,41.2,8.47,1.31,91.5,77.4,18.0,DAP,Rain-fed,2766.7
Haryana,Rabi,Clay,Sugarcane,1145.4,26.5,72.3,5.84,6.97,76.8,53.9,55.3,Potash,Flood,121353.1
Uttar Pradesh,Zaid,Alluvial,Soybean,1038.1,24.9,93.8,6.04,16.08,115.0,39.4,50.5,DAP,Rain-fed,2490.7
Uttar Pradesh,Rabi,Black,Cotton,1106.5,23.0,75.9,6.88,13.68,93.9,14.1,54.3,Compost,Flood,860.7
Andhra Pradesh,Zaid,Alluvial,Jowar,844.2,34.9,56.7,7.69,14.16,97.2,50.3,21.3,Compost,Drip,2001.1
West Bengal,Zaid,Red,Groundnut,557.5,25.1,59.5,7.84,11.5,110.3,49.7,65.7,Compost,Flood,2022.7
Punjab,Kharif,Laterite,Groundnut,558.7,34.8,50.1,6.46,8.6,51.5,16.4,32.3,NPK,Drip,1368.8
Haryana,Kharif,Red,Maize,622.1,24.6,59.9,5.88,5.45,55.8,44.6,18.5,Urea,Rain-fed,4575.7
Madhya Pradesh,Kharif,Red,Groundnut,614.8,32.5,58.0,5.99,4.03,76.7,51.6,51.3,DAP,Sprinkler,960.5
Rajasthan,Rabi,Black,Barley,240.8,9.2,79.3,7.24,0.78,98.6,37.1,70.4,Organic,Drip,2489.1
Maharashtra,Zaid,Sandy,Maize,890.2,27.9,76.5,7.54,18.67,113.6,30.1,71.6,DAP,Drip,2049.8
Rajasthan,Kharif,Sandy,Barley,268.8,8.0,51.5,6.75,7.45,25.2,45.9,57.6,Potash,Rain-fed,4264.5
Tamil Nadu,Zaid,Red,Sugarcane,2401.8,28.2,48.3,5.96,6.91,107.3,61.1,50.3,Urea,Drip,72629.3
Andhra Pradesh,Kharif,Red,Soybean,820.2,21.5,52.8,6.72,5.75,125.6,67.8,65.7,Compost,Rain-fed,1447.8
Punjab,Kharif,Red,Maize,1169.4,23.3,89.7,6.3,16.34,98.0,44.0,48.2,DAP,Rain-fed,6886.8
Andhra Pradesh,Rabi,Alluvial,Groundnut,828.6,32.7,92.0,7.55,6.97,103.9,45.7,18.4,Urea,Sprinkler,1423.1
West Bengal,Zaid,Clay,Maize,1166.7,22.6,92.0,6.44,17.24,111.7,61.9,57.4,Urea,Drip,3246.0
Punjab,Zaid,Red,Maize,618.2,18.8,52.0,5.76,4.29,108.0,54.5,38.1,NPK,Flood,4596.3
Uttar Pradesh,Rabi,Clay,Sugarcane,2471.9,37.1,76.9,7.59,7.58,114.3,17.9,38.5,Urea,Rain-fed,101204.8
West Bengal,Zaid,Clay,Soybean,809.9,28.6,53.7,8.33,6.32,149.4,73.8,25.5,Organic,Rain-fed,949.1
Madhya Pradesh,Rabi,Clay,Wheat,333.7,16.5,43.5,6.69,9.74,133.0,47.1,42.8,Organic,Sprinkler,3307.2
Punjab,Zaid,Black,Soybean,717.4,28.2,65.2,6.27,15.17,61.7,51.7,79.7,Organic,Flood,1678.4
Madhya Pradesh,Rabi,Black,Barley,485.4,14.7,40.0,8.25,16.96,41.8,18.4,14.7,Compost,Sprinkler,3412.7
Maharashtra,Kharif,Laterite,Rice,1155.0,31.2,59.2,6.62,12.62,34.4,12.5,79.6,Potash,Sprinkler,2790.6
Karnataka,Kharif,Red,Wheat,476.1,20.3,68.0,8.08,17.39,121.1,42.3,79.2,NPK,Sprinkler,3896.2
Punjab,Rabi,Black,Jowar,637.5,25.6,61.9,8.09,5.71,131.6,32.8,76.8,DAP,Sprinkler,1065.7
Andhra Pradesh,Zaid,Red,Soybean,933.3,22.9,89.8,6.98,6.94,143.9,14.2,30.8,DAP,Drip,1725.2
Uttar Pradesh,Zaid,Loamy,Groundnut,482.1,33.0,46.8,5.71,18.23,126.8,48.1,15.4,Organic,Drip,2744.8
Maharashtra,Rabi,Alluvial,Soybean,607.9,25.1,67.6,5.54,16.16,56.9,30.2,36.4,Potash,Drip,1661.3
Punjab,Kharif,Black,Groundnut,696.1,31.8,85.6,7.46,8.52,35.4,38.1,65.5,Urea,Sprinkler,1251.3
Madhya Pradesh,Kharif,Clay,Jowar,740.8,31.1,47.8,7.79,2.62,82.1,43.5,63.8,Compost,Flood,1881.1
Uttar Pradesh,Rabi,Clay,Wheat,475.1,17.4,74.4,7.92,1.85,60.8,54.5,34.9,Urea,Drip,2943.3
Rajasthan,Zaid,Clay,Rice,1368.6,34.6,75.4,7.3,14.07,112.6,23.5,43.0,Compost,Flood,3720.9
Karnataka,Rabi,Alluvial,Cotton,862.1,28.6,44.0,7.23,17.15,66.9,16.1,24.2,Urea,Drip,768.9
West Bengal,Kharif,Alluvial,Mustard,564.3,10.1,58.9,5.83,11.62,112.9,26.8,41.1,Compost,Rain-fed,990.7
Tamil Nadu,Kharif,Laterite,Jowar,620.7,24.5,58.0,6.62,15.32,85.3,50.8,50.5,Potash,Sprinkler,983.7
Madhya Pradesh,Rabi,Black,Sugarcane,2308.9,25.2,58.8,8.38,9.17,65.7,73.7,49.8,Organic,Flood,93073.6
Karnataka,Rabi,Alluvial,Rice,1243.4,31.4,60.0,7.88,18.85,90.8,12.9,62.1,Compost,Sprinkler,3616.0
Madhya Pradesh,Rabi,Clay,Groundnut,578.5,30.9,70.0,6.11,6.19,82.7,25.1,77.7,DAP,Drip,2286.6
Rajasthan,Kharif,Laterite,Wheat,463.6,16.7,78.9,6.26,9.21,46.8,10.1,12.7,DAP,Drip,7016.0
Karnataka,Rabi,Red,Wheat,326.6,20.2,87.1,6.75,6.53,87.0,44.8,22.5,Potash,Drip,2584.1
West Bengal,Zaid,Red,Cotton,1071.0,31.6,70.6,7.25,4.54,31.0,34.9,57.6,Organic,Flood,525.9
Andhra Pradesh,Kharif,Sandy,Sugarcane,1803.0,32.9,68.5,7.74,16.81,140.7,61.7,31.4,Compost,Rain-fed,71078.8
Haryana,Kharif,Loamy,Jowar,858.1,28.9,85.2,5.8,15.94,93.4,52.0,21.6,NPK,Drip,1834.5
Haryana,Rabi,Black,Sugarcane,1186.2,25.7,50.6,7.5,12.66,73.0,29.6,19.5,Potash,Drip,117115.3
Rajasthan,Kharif,Sandy,Sugarcane,2207.8,26.6,76.2,6.81,5.9,65.1,75.3,74.6,Organic,Rain-fed,94714.8
Karnataka,Rabi,Black,Soybean,1117.5,23.2,40.7,7.16,14.94,107.5,33.6,22.6,NPK,Sprinkler,1456.7
Madhya Pradesh,Rabi,Laterite,Groundnut,641.7,28.0,50.7,7.01,15.49,80.6,65.4,38.2,DAP,Sprinkler,1946.5
Punjab,Kharif,Black,Groundnut,618.9,33.8,42.2,6.85,11.76,63.2,32.1,17.5,Compost,Sprinkler,1507.6
Rajasthan,Rabi,Black,Jowar,542.5,34.9,87.6,7.3,14.17,102.0,41.9,43.7,Potash,Sprinkler,2087.0
Madhya Pradesh,Kharif,Black,Mustard,367.7,11.6,49.1,5.69,6.69,87.0,17.2,62.6,NPK,Sprinkler,1911.2
Tamil Nadu,Zaid,Black,Wheat,438.5,18.4,91.3,7.23,2.96,124.3,21.2,47.6,Compost,Rain-fed,2668.6
West Bengal,Zaid,Clay,Wheat,672.5,16.7,56.6,6.05,15.25,49.4,53.2,12.8,Urea,Rain-fed,3625.7
Maharashtra,Zaid,Clay,Rice,1983.1,24.7,41.2,5.6,9.19,135.1,16.1,47.7,Organic,Rain-fed,4991.4
Rajasthan,Kharif,Clay,Sugarcane,2465.4,26.6,77.2,6.59,18.79,63.2,59.1,63.6,Potash,Drip,130318.4
Tamil Nadu,Kharif,Clay,Jowar,319.5,25.1,61.3,6.35,6.44,103.6,60.2,78.4,Potash,Flood,1491.0
Madhya Pradesh,Zaid,Clay,Sugarcane,1271.0,37.3,55.1,7.28,10.04,116.5,26.0,14.1,Organic,Sprinkler,83581.2
West Bengal,Zaid,Alluvial,Jowar,521.6,30.6,71.7,7.52,0.82,123.4,15.4,29.8,Compost,Sprinkler,1805.7
West Bengal,Zaid,Clay,Mustard,464.5,10.5,68.3,8.07,9.6,89.7,60.2,41.0,DAP,Rain-fed,2067.2
Madhya Pradesh,Rabi,Black,Cotton,1029.8,33.0,66.4,5.71,11.22,133.6,25.4,21.1,Potash,Flood,344.5
Uttar Pradesh,Rabi,Sandy,Sugarcane,1436.3,30.6,73.8,6.03,10.51,146.5,24.1,10.7,Potash,Rain-fed,60737.2
Madhya Pradesh,Kharif,Black,Wheat,660.3,10.1,42.9,6.85,5.47,111.7,46.5,18.7,NPK,Rain-fed,6796.4
Maharashtra,Kharif,Alluvial,Rice,924.0,32.1,91.5,6.87,6.16,34.6,52.7,49.8,DAP,Drip,5862.6
Madhya Pradesh,Kharif,Loamy,Cotton,833.9,28.2,83.2,6.96,18.93,26.6,48.3,72.3,Compost,Flood,453.9
Uttar Pradesh,Rabi,Alluvial,Barley,339.5,13.7,71.8,5.75,3.51,28.3,15.2,18.1,Organic,Sprinkler,3615.9
Tamil Nadu,Kharif,Red,Mustard,586.6,23.2,59.1,7.88,12.69,108.4,49.9,52.7,NPK,Flood,2279.6
Andhra Pradesh,Zaid,Sandy,Maize,1013.2,31.9,53.0,8.15,2.39,36.8,14.0,69.2,Potash,Sprinkler,1886.4
Rajasthan,Kharif,Black,Cotton,880.7,33.1,76.7,5.9,17.11,21.8,72.7,12.0,NPK,Flood,501.7
Maharashtra,Kharif,Laterite,Maize,903.5,22.8,50.3,7.75,5.1,44.1,22.7,45.9,NPK,Flood,5958.6
West Bengal,Rabi,Black,Wheat,577.2,22.2,90.9,7.48,8.08,54.1,50.7,60.3,Potash,Sprinkler,2698.5
Haryana,Zaid,Laterite,Cotton,1086.2,27.2,49.5,6.3,2.83,33.8,67.5,19.7,Organic,Sprinkler,915.3
Karnataka,Rabi,Loamy,Jowar,492.4,24.5,82.9,7.07,13.0,72.7,10.2,69.5,Urea,Rain-fed,1500.9
Haryana,Zaid,Loamy,Wheat,548.1,20.4,41.7,8.03,9.48,37.4,76.7,15.1,NPK,Flood,2912.3
Rajasthan,Zaid,Laterite,Rice,1582.3,29.1,79.3,6.31,15.33,48.3,35.7,37.4,DAP,Drip,5793.7
Andhra Pradesh,Kharif,Loamy,Barley,588.9,20.0,50.1,6.2,12.89,121.1,25.8,22.3,DAP,Drip,4368.3
Rajasthan,Kharif,Red,Soybean,782.5,28.1,78.1,8.46,4.89,99.3,74.1,20.9,Organic,Drip,2200.8
Karnataka,Kharif,Loamy,Maize,682.5,25.3,71.3,7.4,10.62,84.0,31.7,22.7,NPK,Drip,5060.2
Karnataka,Zaid,Laterite,Barley,226.4,14.2,91.0,8.1,14.3,120.9,66.6,63.7,NPK,Sprinkler,2027.5
Tamil Nadu,Zaid,Black,Sugarcane,2147.2,27.7,85.3,5.76,17.39,58.5,28.6,40.2,NPK,Flood,132413.8
Haryana,Rabi,Red,Groundnut,481.7,23.5,69.1,6.9,2.58,36.8,62.0,55.0,Potash,Drip,1444.5
Tamil Nadu,Zaid,Loamy,Groundnut,467.8,25.6,85.2,8.41,9.35,141.2,70.1,21.9,NPK,Drip,1883.7
Punjab,Rabi,Red,Maize,1052.4,26.4,78.3,7.68,16.81,22.8,16.4,57.7,Compost,Sprinkler,6578.7
Uttar Pradesh,Zaid,Laterite,Groundnut,783.9,32.5,59.9,7.98,14.18,131.6,42.5,64.9,DAP,Drip,3167.5
Andhra Pradesh,Kharif,Alluvial,Wheat,405.8,17.4,94.0,7.49,16.43,110.9,31.5,14.0,Organic,Drip,3565.5
West Bengal,Zaid,Sandy,Sugarcane,1209.5,34.0,67.2,8.11,14.87,94.5,19.6,75.6,DAP,Sprinkler,85898.1
West Bengal,Zaid,Sandy,Rice,1505.6,24.5,74.7,5.57,14.55,76.9,34.0,48.3,DAP,Sprinkler,2314.0
Karnataka,Zaid,Loamy,Cotton,631.8,24.9,61.8,5.87,10.75,126.5,32.9,34.5,Compost,Flood,742.4
West Bengal,Zaid,Alluvial,Mustard,586.6,16.2,77.8,8.18,13.94,110.2,31.4,63.1,Urea,Flood,1507.5
Rajasthan,Rabi,Sandy,Barley,252.8,19.4,82.7,5.71,13.38,107.5,44.8,76.5,DAP,Rain-fed,2330.4
Madhya Pradesh,Zaid,Laterite,Rice,1245.6,34.5,83.4,7.82,4.75,138.9,24.8,20.1,Potash,Drip,5099.4
Madhya Pradesh,Rabi,Clay,Rice,1178.7,33.6,72.7,7.76,6.53,72.7,78.9,30.5,NPK,Drip,3422.4
Uttar Pradesh,Zaid,Clay,Jowar,333.3,32.8,88.3,6.09,18.97,99.8,25.6,48.2,DAP,Drip,2459.7
Madhya Pradesh,Zaid,Laterite,Mustard,228.4,21.5,45.8,6.77,16.01,78.8,61.4,68.8,NPK,Sprinkler,1487.2
Madhya Pradesh,Rabi,Black,Cotton,1146.6,35.1,69.6,7.53,13.81,42.4,40.2,45.7,Organic,Sprinkler,366.2
Punjab,Zaid,Red,Wheat,595.9,19.4,52.4,5.9,17.8,49.1,70.0,67.2,DAP,Flood,3685.3
Punjab,Rabi,Sandy,Groundnut,508.9,23.1,91.5,8.32,3.91,115.9,27.7,14.7,Organic,Sprinkler,1270.2
Maharashtra,Rabi,Sandy,Barley,328.6,18.1,65.2,5.79,18.01,147.4,70.8,22.2,NPK,Sprinkler,1807.6
Madhya Pradesh,Kharif,Black,Jowar,845.7,25.5,51.6,6.3,13.43,139.1,45.2,65.7,Potash,Rain-fed,1107.6
Madhya Pradesh,Rabi,Alluvial,Wheat,385.9,21.4,62.0,6.76,10.53,137.8,19.6,13.8,NPK,Drip,2466.3
Haryana,Rabi,Laterite,Soybean,634.0,21.2,56.8,6.95,1.73,147.9,35.3,62.7,DAP,Rain-fed,1986.8
West Bengal,Kharif,Loamy,Maize,1197.4,24.6,59.0,6.67,17.87,112.9,27.4,73.7,Potash,Drip,2526.4
Tamil Nadu,Zaid,Loamy,Cotton,565.5,22.3,64.7,6.54,3.87,134.7,77.1,23.5,Compost,Rain-fed,719.9
Uttar Pradesh,Rabi,Black,Mustard,475.9,23.2,40.4,6.77,14.5,115.2,26.3,66.9,NPK,Drip,1944.9
Punjab,Rabi,Sandy,Mustard,294.7,18.8,72.9,7.72,1.07,26.9,59.1,13.9,NPK,Flood,2043.1
Haryana,Rabi,Loamy,Rice,1043.7,25.8,40.0,7.28,14.53,30.6,25.2,27.5,Potash,Sprinkler,5386.5
Andhra Pradesh,Zaid,Red,Soybean,1171.4,25.3,47.1,6.63,2.43,78.1,64.5,25.4,Organic,Drip,1356.5
Rajasthan,Zaid,Red,Maize,1152.8,19.8,76.7,6.36,11.92,145.6,22.2,55.4,NPK,Sprinkler,3076.8
Haryana,Kharif,Clay,Cotton,1043.8,32.8,68.0,5.57,8.43,115.2,57.9,24.8,NPK,Sprinkler,486.4
Uttar Pradesh,Rabi,Alluvial,Jowar,855.0,26.8,54.8,8.49,17.23,40.8,65.3,53.1,DAP,Drip,1005.3
Karnataka,Kharif,Loamy,Maize,943.2,30.6,84.6,6.7,18.97,120.3,43.9,72.8,Compost,Flood,6308.3
Madhya Pradesh,Kharif,Sandy,Mustard,416.8,23.6,92.4,5.65,3.42,103.9,11.2,77.2,Urea,Flood,778.7
Uttar Pradesh,Rabi,Red,Groundnut,528.9,31.8,76.6,7.97,0.76,79.7,44.9,15.1,Organic,Drip,2331.9
Uttar Pradesh,Kharif,Alluvial,Soybean,794.1,28.2,88.0,7.34,3.57,87.4,15.1,53.9,NPK,Flood,1466.5
Tamil Nadu,Rabi,Clay,Soybean,1090.7,29.8,87.7,7.06,13.55,74.3,69.7,69.9,DAP,Rain-fed,1139.8
Haryana,Zaid,Black,Barley,250.9,8.2,52.9,7.42,5.1,133.6,18.9,70.7,Urea,Sprinkler,3069.4
Karnataka,Kharif,Black,Groundnut,613.8,24.3,45.8,7.02,16.39,86.8,76.5,47.5,Urea,Flood,1618.8
West Bengal,Rabi,Clay,Wheat,495.2,21.9,72.3,8.3,14.66,138.1,52.3,46.9,NPK,Flood,4523.7
Rajasthan,Kharif,Red,Jowar,443.3,34.3,65.3,6.42,1.19,57.7,15.7,30.9,NPK,Sprinkler,2070.7
Haryana,Kharif,Alluvial,Barley,448.8,11.9,79.0,5.56,8.67,64.0,49.5,24.3,Compost,Flood,3199.0
Rajasthan,Zaid,Clay,Jowar,791.0,30.9,57.6,8.22,2.97,84.1,15.7,23.7,Urea,Sprinkler,2516.7
Madhya Pradesh,Zaid,Black,Cotton,881.4,26.3,94.4,6.3,13.61,34.8,10.3,80.0,NPK,Sprinkler,941.6
Tamil Nadu,Kharif,Laterite,Groundnut,654.9,26.2,81.6,7.12,2.01,33.3,38.7,75.3,DAP,Rain-fed,2225.2
Tamil Nadu,Rabi,Red,Mustard,592.4,20.4,49.2,7.04,10.0,143.0,50.6,47.8,NPK,Drip,1021.8
Rajasthan,Zaid,Sandy,Mustard,274.9,10.5,94.8,7.5,10.12,22.1,61.1,72.2,Potash,Rain-fed,761.4
West Bengal,Zaid,Alluvial,Maize,539.1,20.0,55.4,6.61,3.61,21.3,71.8,50.0,Compost,Sprinkler,3104.6
Punjab,Rabi,Loamy,Groundnut,653.9,29.0,59.8,5.77,5.51,103.6,64.8,75.6,Organic,Rain-fed,2026.6
Karnataka,Kharif,Clay,Barley,677.5,16.6,90.6,7.45,2.26,53.6,33.6,38.2,Organic,Sprinkler,1738.7
Maharashtra,Kharif,Laterite,Jowar,833.3,31.0,45.8,6.3,10.64,121.5,35.3,38.4,DAP,Drip,2779.8
Madhya Pradesh,Zaid,Black,Sugarcane,1182.1,37.8,67.1,5.51,10.27,129.6,55.1,55.6,DAP,Sprinkler,124684.7
Rajasthan,Zaid,Black,Groundnut,732.9,25.0,80.7,7.77,12.33,21.4,16.4,49.0,Organic,Sprinkler,2313.3
Tamil Nadu,Zaid,Clay,Jowar,540.2,29.1,86.0,6.15,2.85,40.4,78.2,69.0,Compost,Sprinkler,1629.5
Haryana,Kharif,Laterite,Soybean,1118.1,23.4,76.5,6.86,16.79,120.8,53.5,52.5,Potash,Flood,2645.5
Punjab,Rabi,Sandy,Rice,1685.0,24.7,69.5,5.76,6.41,143.7,32.4,70.8,NPK,Sprinkler,5036.5
West Bengal,Zaid,Loamy,Groundnut,751.1,27.2,66.7,7.83,7.96,68.9,35.7,46.8,Compost,Drip,2561.0
Punjab,Kharif,Alluvial,Cotton,1009.9,27.1,70.9,6.44,2.15,112.0,35.2,15.4,Compost,Rain-fed,544.7
Rajasthan,Kharif,Red,Mustard,277.3,23.3,53.1,8.44,8.03,74.8,16.6,18.8,Potash,Flood,1260.4
Karnataka,Zaid,Loamy,Mustard,242.1,19.4,55.1,8.44,12.13,21.0,46.3,12.6,Organic,Rain-fed,1456.5
Madhya Pradesh,Rabi,Alluvial,Jowar,568.1,27.8,92.0,7.52,1.77,90.4,54.1,28.0,Potash,Drip,2384.8
Karnataka,Rabi,Alluvial,Rice,1813.2,30.6,51.5,5.62,14.96,27.0,17.4,22.2,Organic,Rain-fed,4470.8
Uttar Pradesh,Rabi,Loamy,Maize,672.7,24.4,80.8,6.34,11.52,73.8,62.5,58.5,Compost,Rain-fed,6563.8
Haryana,Kharif,Alluvial,Mustard,376.2,22.0,76.3,7.07,0.96,58.9,62.4,24.6,Compost,Drip,1016.1
Madhya Pradesh,Zaid,Black,Groundnut,598.0,24.8,81.9,7.02,19.77,27.6,28.4,40.5,NPK,Rain-fed,1246.5
Tamil Nadu,Rabi,Alluvial,Soybean,1040.9,22.5,70.9,7.16,2.74,88.8,28.8,11.5,NPK,Drip,2450.6
Andhra Pradesh,Kharif,Black,Maize,638.7,20.0,43.5,7.16,16.9,24.3,44.9,52.0,DAP,Drip,2224.7
Punjab,Zaid,Laterite,Cotton,743.1,26.2,54.7,7.93,1.58,29.2,75.4,63.6,Potash,Flood,757.3
Haryana,Kharif,Alluvial,Jowar,569.5,32.4,74.2,7.12,15.12,82.7,53.6,10.7,NPK,Flood,1324.2
Rajasthan,Zaid,Sandy,Groundnut,481.8,25.9,62.6,6.15,19.34,68.3,11.8,25.5,Organic,Rain-fed,2231.8
Madhya Pradesh,Zaid,Red,Groundnut,440.0,28.6,84.4,7.81,18.35,140.0,24.5,71.2,NPK,Sprinkler,981.9
Maharashtra,Zaid,Clay,Groundnut,890.4,24.2,65.9,8.38,13.69,114.9,61.5,15.6,Organic,Drip,1687.8
Rajasthan,Zaid,Loamy,Sugarcane,1831.9,36.6,90.9,8.1,10.24,112.9,53.6,77.9,NPK,Flood,97428.3
Andhra Pradesh,Rabi,Red,Barley,243.1,15.8,80.9,7.75,6.69,58.3,28.1,11.8,Organic,Rain-fed,1981.4
Rajasthan,Kharif,Sandy,Rice,958.2,31.8,72.7,7.32,8.37,44.7,67.3,18.2,Compost,Drip,5018.7
Punjab,Kharif,Laterite,Groundnut,402.9,23.1,93.6,7.98,1.67,140.3,45.2,56.3,Organic,Rain-fed,2258.9
Punjab,Zaid,Loamy,Soybean,652.0,26.7,79.5,6.36,5.37,43.0,58.7,53.1,Urea,Rain-fed,1857.4
Maharashtra,Zaid,Clay,Rice,1391.0,29.2,68.6,6.92,5.54,136.9,64.7,23.7,Potash,Sprinkler,2266.4
Haryana,Rabi,Loamy,Barley,323.9,8.5,76.5,7.27,8.74,34.7,38.4,44.0,NPK,Rain-fed,3164.9
Karnataka,Zaid,Clay,Soybean,1015.7,25.6,85.0,7.15,18.63,29.0,41.9,52.7,Urea,Sprinkler,1389.9
Andhra Pradesh,Zaid,Red,Jowar,569.9,31.8,45.0,6.99,5.63,44.6,72.5,40.2,Potash,Sprinkler,1072.1
Karnataka,Rabi,Black,Wheat,369.7,15.9,43.6,7.69,11.41,65.1,62.3,72.5,Urea,Flood,4327.7
Punjab,Rabi,Loamy,Soybean,836.7,27.9,88.0,5.62,16.7,102.4,27.7,48.9,Organic,Rain-fed,1674.9
Rajasthan,Rabi,Alluvial,Maize,512.4,25.2,60.5,6.56,11.1,122.7,25.2,57.4,Potash,Sprinkler,5557.8
Rajasthan,Rabi,Sandy,Jowar,744.5,30.6,56.2,7.21,15.04,59.4,42.2,67.3,Potash,Flood,2889.2
Haryana,Rabi,Loamy,Mustard,335.7,17.0,87.1,6.75,2.24,50.0,30.4,64.1,Compost,Flood,861.7
Andhra Pradesh,Rabi,Black,Maize,1022.0,18.5,41.0,7.15,17.23,49.1,75.3,34.1,Potash,Rain-fed,2532.7
Rajasthan,Zaid,Alluvial,Wheat,694.3,16.2,83.4,7.42,17.14,134.7,40.4,62.3,DAP,Drip,7236.1
Karnataka,Zaid,Alluvial,Sugarcane,1431.1,31.8,49.6,8.39,3.92,139.0,42.6,14.4,Compost,Flood,88885.9
Maharashtra,Kharif,Loamy,Wheat,646.4,22.7,88.5,6.48,2.7,102.7,21.5,40.1,Potash,Rain-fed,3338.6
Rajasthan,Zaid,Black,Jowar,309.0,26.1,59.5,6.95,10.31,114.8,71.2,75.7,Potash,Rain-fed,2296.2
Tamil Nadu,Zaid,Alluvial,Jowar,482.1,27.2,55.7,8.38,6.6,88.5,14.0,17.7,NPK,Drip,1474.5
Madhya Pradesh,Rabi,Alluvial,Maize,874.8,29.0,85.3,7.19,4.0,27.1,56.7,66.5,Compost,Sprinkler,4188.6
Rajasthan,Rabi,Clay,Jowar,815.7,31.2,93.6,8.4,4.7,45.6,24.9,57.3,DAP,Sprinkler,1631.5
Tamil Nadu,Rabi,Black,Wheat,294.5,17.2,61.5,5.82,13.57,96.1,51.4,60.3,NPK,Rain-fed,4461.4
Maharashtra,Rabi,Loamy,Jowar,485.9,28.6,63.8,6.66,13.95,33.9,45.6,61.5,NPK,Drip,3129.2
Rajasthan,Rabi,Red,Groundnut,436.0,34.7,69.3,6.41,8.16,95.1,77.1,45.2,DAP,Sprinkler,985.3
Andhra Pradesh,Rabi,Loamy,Mustard,314.0,16.7,54.6,7.8,4.51,131.1,10.3,75.6,Potash,Flood,886.4
Madhya Pradesh,Zaid,Sandy,Rice,1064.3,28.6,66.2,8.0,15.24,34.5,18.1,66.1,Urea,Sprinkler,4036.2
Andhra Pradesh,Kharif,Red,Mustard,215.1,19.0,55.1,7.9,7.85,29.1,14.1,74.9,Compost,Drip,1680.0
Tamil Nadu,Zaid,Loamy,Cotton,765.6,36.6,42.2,6.71,13.16,103.0,32.4,16.5,Organic,Rain-fed,552.6
Rajasthan,Kharif,Sandy,Sugarcane,1574.1,34.6,87.7,7.52,1.42,134.7,20.3,59.8,Urea,Drip,128202.0
Uttar Pradesh,Kharif,Laterite,Wheat,371.5,22.7,85.1,6.58,11.04,111.3,76.9,47.2,Organic,Drip,3952.2
Karnataka,Zaid,Loamy,Groundnut,821.3,27.1,50.9,7.31,1.68,58.0,21.7,36.5,Urea,Sprinkler,1577.8
Punjab,Kharif,Laterite,Mustard,215.5,12.7,85.9,8.03,6.41,124.6,35.8,69.8,Organic,Drip,2044.5
Haryana,Zaid,Alluvial,Soybean,1157.1,25.8,78.8,7.96,5.11,71.0,35.8,58.3,Urea,Flood,1451.8
Maharashtra,Kharif,Loamy,Maize,1085.1,19.4,53.8,7.92,5.95,85.6,70.6,26.9,DAP,Flood,2237.6
Madhya Pradesh,Kharif,Red,Soybean,1044.0,23.1,73.2,6.98,1.28,69.9,20.7,56.7,Compost,Rain-fed,1361.8
Haryana,Rabi,Red,Cotton,945.3,29.3,64.7,7.11,13.44,71.3,55.2,20.5,Potash,Drip,1118.1
West Bengal,Kharif,Red,Rice,1774.8,23.8,69.0,8.29,9.93,35.6,66.2,27.3,Compost,Sprinkler,4505.8
West Bengal,Zaid,Clay,Jowar,576.1,22.2,73.1,5.6,10.2,43.8,35.6,40.3,NPK,Sprinkler,2008.8
Punjab,Rabi,Alluvial,Rice,964.1,34.0,80.6,6.51,15.42,58.7,12.3,51.3,Organic,Rain-fed,3679.8
Madhya Pradesh,Kharif,Laterite,Soybean,785.9,20.9,47.0,6.57,12.05,25.7,26.6,72.3,Compost,Drip,917.7
Karnataka,Rabi,Sandy,Groundnut,414.1,25.4,51.7,5.82,13.92,122.4,31.8,32.9,Organic,Rain-fed,846.5
Andhra Pradesh,Zaid,Laterite,Groundnut,853.7,23.7,62.6,6.95,1.87,62.2,76.2,29.8,Urea,Drip,1830.1
Karnataka,Kharif,Alluvial,Soybean,1043.1,28.7,46.9,8.34,3.09,141.4,60.4,62.8,Potash,Sprinkler,1260.4
Tamil Nadu,Rabi,Alluvial,Sugarcane,1926.7,34.8,85.1,7.25,10.42,115.0,30.1,61.6,Compost,Flood,57648.6
Andhra Pradesh,Rabi,Red,Maize,997.8,18.7,54.4,6.23,9.92,69.2,62.5,16.8,Potash,Flood,4241.3
Punjab,Kharif,Sandy,Mustard,382.4,15.6,82.9,7.81,4.95,42.9,20.1,27.8,NPK,Flood,2070.5
Maharashtra,Kharif,Clay,Rice,1094.1,32.6,52.4,6.9,5.67,102.7,71.2,15.8,NPK,Rain-fed,5503.2
Uttar Pradesh,Zaid,Clay,Maize,628.5,21.5,63.1,8.33,18.1,131.1,64.7,17.2,Organic,Rain-fed,2128.6
Rajasthan,Kharif,Alluvial,Jowar,837.1,34.6,92.1,6.77,0.68,26.0,48.1,33.7,Organic,Flood,1773.4
Haryana,Rabi,Alluvial,Maize,987.1,20.3,89.8,5.86,10.87,26.1,56.8,70.4,NPK,Drip,2835.9
Rajasthan,Zaid,Red,Rice,1816.5,34.1,70.4,5.65,1.36,122.1,32.8,67.2,Organic,Drip,3473.6
Haryana,Rabi,Clay,Soybean,1083.5,20.8,64.5,8.19,2.96,23.0,40.1,71.3,DAP,Rain-fed,1504.2
Punjab,Kharif,Red,Rice,1527.3,22.7,51.4,7.01,11.13,92.1,33.9,77.3,Urea,Flood,3667.0
Uttar Pradesh,Kharif,Black,Rice,1442.1,24.1,75.9,6.55,19.34,102.0,30.5,36.1,Urea,Rain-fed,4115.7
Rajasthan,Zaid,Sandy,Barley,440.0,13.6,82.4,6.29,0.61,25.1,55.8,41.0,Organic,Rain-fed,4022.0
Uttar Pradesh,Zaid,Laterite,Soybean,739.5,26.1,80.9,7.48,5.11,94.9,48.8,23.2,Potash,Sprinkler,988.9
Uttar Pradesh,Kharif,Sandy,Soybean,1016.3,24.9,74.1,7.53,15.66,103.9,10.9,21.4,NPK,Drip,2907.8
Rajasthan,Rabi,Sandy,Barley,580.2,21.8,78.8,6.2,5.76,70.7,23.6,61.2,Potash,Rain-fed,1984.4
Rajasthan,Kharif,Loamy,Wheat,509.6,14.2,46.7,5.74,10.78,96.5,16.2,40.2,Potash,Drip,3040.3
Punjab,Rabi,Black,Wheat,670.7,18.1,93.7,6.36,8.76,125.3,47.6,29.5,Organic,Rain-fed,2308.0
Andhra Pradesh,Rabi,Loamy,Wheat,563.0,12.1,60.0,6.15,13.56,42.8,51.8,39.7,DAP,Rain-fed,4206.7
Maharashtra,Zaid,Black,Rice,1807.6,28.3,50.0,5.76,14.43,70.7,39.1,42.8,Organic,Rain-fed,2931.9
Tamil Nadu,Rabi,Red,Jowar,699.5,25.7,51.6,5.57,17.99,49.6,29.6,18.9,Organic,Flood,1918.5
Andhra Pradesh,Zaid,Alluvial,Cotton,815.5,34.1,86.3,7.78,3.78,45.4,72.5,42.1,Organic,Flood,707.7
Andhra Pradesh,Zaid,Sandy,Groundnut,703.9,27.7,94.8,8.04,12.41,137.2,49.0,70.8,NPK,Sprinkler,2515.0
Tamil Nadu,Rabi,Sandy,Maize,929.9,22.7,57.0,5.56,11.86,131.0,19.8,48.1,Urea,Drip,1739.3
Karnataka,Zaid,Red,Rice,1865.5,32.6,61.9,6.51,11.6,30.2,15.1,69.5,DAP,Rain-fed,2843.3
Punjab,Kharif,Sandy,Mustard,361.9,17.1,47.1,7.17,18.95,62.5,52.5,75.1,Potash,Flood,1901.2
Uttar Pradesh,Zaid,Alluvial,Cotton,884.5,34.0,79.7,7.47,19.2,122.6,60.6,29.2,DAP,Sprinkler,918.4
Madhya Pradesh,Zaid,Red,Wheat,379.7,11.2,48.2,6.87,10.1,45.4,67.9,68.2,Organic,Flood,3226.3
Punjab,Kharif,Loamy,Cotton,1192.5,24.7,53.9,7.99,14.23,73.2,56.3,42.5,NPK,Sprinkler,786.5
Rajasthan,Rabi,Loamy,Barley,294.3,15.1,76.5,5.84,14.55,64.5,68.3,29.2,Organic,Rain-fed,3578.5
Maharashtra,Kharif,Red,Cotton,906.6,33.4,76.9,6.68,0.53,89.5,57.3,39.2,Urea,Flood,849.6
Tamil Nadu,Zaid,Clay,Rice,981.6,24.5,86.8,8.49,17.8,68.7,26.2,61.4,Compost,Drip,3285.6
Andhra Pradesh,Kharif,Clay,Rice,1905.9,32.9,51.6,6.44,3.99,71.6,27.2,41.4,Urea,Rain-fed,2882.4
West Bengal,Kharif,Sandy,Rice,1918.9,34.5,45.1,7.69,7.27,68.5,20.2,38.4,Compost,Sprinkler,2103.5
Uttar Pradesh,Zaid,Loamy,Mustard,330.2,23.8,90.7,5.81,3.01,136.2,78.2,13.2,NPK,Sprinkler,1261.1
Andhra Pradesh,Kharif,Clay,Sugarcane,1247.1,33.6,57.6,7.28,1.91,29.5,66.9,62.7,Organic,Flood,118665.0
Tamil Nadu,Kharif,Clay,Barley,521.1,8.5,67.5,6.57,5.91,128.7,39.1,63.5,Organic,Sprinkler,2157.2
Rajasthan,Zaid,Black,Mustard,411.1,17.2,68.8,6.37,5.7,88.9,53.0,43.8,NPK,Flood,967.4
Rajasthan,Kharif,Sandy,Rice,1582.9,31.3,47.8,8.15,11.86,80.1,69.1,72.8,Urea,Drip,3031.8
West Bengal,Zaid,Clay,Rice,1010.0,22.4,41.7,7.16,15.36,129.3,12.3,35.7,NPK,Flood,2929.9
Uttar Pradesh,Rabi,Black,Sugarcane,1216.9,33.7,62.4,6.03,2.64,38.2,16.7,39.7,Organic,Sprinkler,126581.3
Rajasthan,Rabi,Alluvial,Mustard,271.9,23.4,44.8,7.4,18.34,106.5,15.5,52.3,NPK,Flood,989.1
Haryana,Rabi,Laterite,Wheat,549.7,12.4,76.4,5.97,13.92,75.3,27.3,62.4,Urea,Flood,3072.1
West Bengal,Kharif,Clay,Wheat,695.9,12.8,61.5,7.64,13.36,56.7,36.5,17.2,Urea,Sprinkler,5185.5
Karnataka,Rabi,Red,Rice,1228.4,34.0,58.8,7.91,18.0,79.2,12.2,71.5,Organic,Sprinkler,1937.1
Andhra Pradesh,Kharif,Loamy,Mustard,317.5,15.6,41.3,7.24,11.2,75.8,55.7,60.9,Potash,Drip,778.3
Tamil Nadu,Kharif,Clay,Mustard,381.5,19.4,94.5,6.24,10.38,51.1,39.1,53.1,NPK,Flood,1437.7
Haryana,Kharif,Laterite,Barley,315.0,15.2,75.9,5.71,12.81,90.3,60.1,49.0,DAP,Drip,3881.5
Tamil Nadu,Zaid,Loamy,Cotton,789.4,25.3,76.4,6.12,18.16,133.0,49.8,40.8,Urea,Sprinkler,352.9
Andhra Pradesh,Rabi,Red,Wheat,590.1,21.8,46.5,5.54,6.41,122.7,30.7,44.7,Urea,Flood,3225.4
Rajasthan,Kharif,Clay,Barley,641.0,13.7,71.6,6.71,7.81,75.9,78.9,30.8,Potash,Sprinkler,3227.9
Haryana,Rabi,Black,Groundnut,870.1,34.5,75.6,5.63,1.55,91.5,72.1,17.3,NPK,Sprinkler,2433.7
Karnataka,Zaid,Alluvial,Sugarcane,1600.2,26.1,64.3,6.97,17.05,83.8,28.0,71.9,Organic,Sprinkler,88720.0
Punjab,Zaid,Clay,Maize,1047.2,28.6,57.0,6.38,16.32,124.7,56.8,61.3,Potash,Flood,3981.4
Maharashtra,Rabi,Red,Barley,540.3,9.7,75.6,7.64,3.98,142.3,28.2,69.7,Potash,Flood,3949.9
Karnataka,Kharif,Sandy,Mustard,267.5,21.5,93.8,5.61,9.18,65.7,79.9,72.2,NPK,Flood,904.5
Rajasthan,Zaid,Laterite,Barley,282.0,13.3,76.5,6.54,3.84,110.1,64.9,67.9,DAP,Flood,4471.4
Maharashtra,Kharif,Clay,Groundnut,475.2,22.5,54.4,8.45,18.01,23.4,58.2,52.3,Potash,Drip,2604.5
Karnataka,Kharif,Red,Sugarcane,1242.5,36.7,59.4,6.73,0.86,124.6,53.1,62.8,Organic,Flood,89083.6
Uttar Pradesh,Kharif,Sandy,Cotton,838.0,27.2,83.6,8.02,13.27,55.6,32.0,18.2,Compost,Drip,529.9
Rajasthan,Zaid,Black,Barley,552.7,18.3,45.3,8.27,11.59,126.7,16.5,57.2,Potash,Rain-fed,1523.0
Andhra Pradesh,Zaid,Laterite,Cotton,1090.1,28.4,56.5,7.91,5.8,46.8,27.5,33.6,Potash,Drip,816.7
Andhra Pradesh,Zaid,Clay,Wheat,663.1,13.2,59.4,7.43,5.29,123.3,16.9,29.0,Organic,Drip,5962.8
Rajasthan,Rabi,Alluvial,Jowar,620.1,22.7,88.8,5.81,15.01,55.3,43.0,59.8,Organic,Flood,1651.3
Madhya Pradesh,Rabi,Sandy,Rice,1294.2,24.4,70.4,7.4,5.51,42.1,77.6,11.0,Compost,Flood,3564.2
Haryana,Zaid,Clay,Rice,1802.3,24.7,62.8,7.7,13.87,92.2,61.1,47.3,Urea,Sprinkler,4745.8
Uttar Pradesh,Kharif,Laterite,Barley,569.4,20.5,62.9,8.05,4.98,68.4,26.1,49.3,Compost,Sprinkler,1878.2
Punjab,Zaid,Sandy,Mustard,562.1,11.2,84.4,7.79,8.03,138.4,77.4,40.0,NPK,Rain-fed,1109.6
Andhra Pradesh,Zaid,Alluvial,Jowar,483.1,34.7,80.7,6.44,16.62,123.2,79.3,57.5,Compost,Drip,3002.7
Rajasthan,Kharif,Sandy,Cotton,698.3,22.0,87.7,6.2,15.68,146.2,36.2,57.7,DAP,Sprinkler,411.4
Rajasthan,Kharif,Sandy,Soybean,842.5,28.8,75.5,6.62,19.04,59.5,74.5,32.5,DAP,Sprinkler,1456.0
West Bengal,Zaid,Red,Maize,970.5,20.8,50.0,7.64,8.01,121.8,77.4,18.9,NPK,Sprinkler,3399.9
Uttar Pradesh,Kharif,Loamy,Groundnut,409.8,33.3,50.7,7.95,16.15,105.7,73.7,78.8,NPK,Flood,1205.6
Uttar Pradesh,Kharif,Alluvial,Sugarcane,1084.6,36.2,94.8,6.37,3.41,63.5,33.1,11.4,Urea,Drip,69565.2
West Bengal,Zaid,Sandy,Jowar,526.7,26.1,77.6,5.51,18.65,72.8,64.0,40.5,Organic,Drip,2698.7
Karnataka,Kharif,Laterite,Barley,352.7,10.2,89.4,7.69,7.66,109.5,78.5,60.9,DAP,Rain-fed,4032.4
Rajasthan,Zaid,Alluvial,Maize,739.3,20.4,46.9,7.27,10.74,123.6,51.3,16.8,Organic,Flood,4463.7
Punjab,Rabi,Red,Sugarcane,1152.6,24.7,77.3,5.57,8.53,107.0,25.1,51.4,Compost,Flood,112032.6
Madhya Pradesh,Kharif,Clay,Jowar,362.0,24.3,44.7,6.05,15.29,21.8,56.0,35.6,Potash,Flood,2104.1
Karnataka,Kharif,Red,Groundnut,431.4,33.4,72.4,7.06,14.97,74.9,37.9,11.9,NPK,Rain-fed,1623.7
Rajasthan,Rabi,Sandy,Jowar,703.4,33.7,83.1,5.78,10.66,127.9,76.9,58.9,Potash,Rain-fed,1105.5
Tamil Nadu,Kharif,Loamy,Groundnut,639.7,29.2,51.1,6.04,7.09,100.1,79.0,54.8,NPK,Flood,2599.3
Madhya Pradesh,Rabi,Clay,Jowar,814.7,28.4,58.8,7.13,14.38,107.4,59.3,49.1,Organic,Flood,2550.2
Haryana,Kharif,Black,Soybean,857.2,21.3,65.4,8.32,9.98,122.1,67.5,48.8,DAP,Drip,1413.9
Tamil Nadu,Rabi,Laterite,Soybean,619.7,24.7,92.9,8.0,10.05,128.3,34.4,72.5,Urea,Rain-fed,1676.9
Andhra Pradesh,Kharif,Laterite,Barley,699.9,19.8,68.4,7.79,9.22,100.4,17.9,20.9,Potash,Drip,3214.5
West Bengal,Zaid,Red,Maize,828.2,22.1,48.8,6.52,6.82,130.8,28.1,44.4,NPK,Flood,6794.9
Andhra Pradesh,Zaid,Sandy,Barley,435.2,21.4,81.0,6.03,1.76,66.5,29.3,66.5,Potash,Sprinkler,2647.6
Karnataka,Kharif,Loamy,Jowar,513.8,32.8,53.3,7.03,7.91,147.5,34.5,41.7,Urea,Rain-fed,1054.1
Madhya Pradesh,Zaid,Red,Cotton,1121.4,27.1,60.8,6.92,12.79,74.5,64.8,28.8,DAP,Flood,740.1
Tamil Nadu,Kharif,Laterite,Maize,733.7,28.2,76.0,6.75,4.0,93.5,70.1,18.2,Compost,Drip,6077.9
Karnataka,Kharif,Red,Groundnut,848.2,30.9,92.0,5.92,13.04,144.4,33.1,77.4,NPK,Rain-fed,2755.3
Uttar Pradesh,Rabi,Red,Sugarcane,1379.0,30.1,45.3,5.57,1.59,138.0,60.5,57.4,Potash,Drip,96848.8
Madhya Pradesh,Zaid,Loamy,Jowar,692.2,34.4,57.4,5.61,3.17,50.1,22.7,66.7,Organic,Drip,1231.7
Punjab,Zaid,Sandy,Rice,1975.8,34.9,41.2,8.11,11.31,146.4,20.7,61.3,Compost,Rain-fed,1796.7
Tamil Nadu,Zaid,Alluvial,Sugarcane,1540.2,37.6,75.8,7.64,13.92,52.8,76.9,74.6,Organic,Rain-fed,81342.5
Rajasthan,Kharif,Black,Groundnut,478.4,28.0,69.1,6.68,12.63,32.3,37.3,38.5,Urea,Flood,1980.8
Tamil Nadu,Rabi,Laterite,Jowar,494.3,23.8,88.3,7.26,13.65,105.7,37.9,46.0,Compost,Rain-fed,2116.4
Rajasthan,Zaid,Laterite,Rice,1354.5,27.3,55.9,6.27,13.45,145.5,57.9,65.4,Potash,Flood,2781.9
Madhya Pradesh,Kharif,Red,Sugarcane,2378.6,36.6,61.3,6.36,5.74,29.1,57.4,22.1,NPK,Sprinkler,83660.7
Punjab,Kharif,Clay,Maize,718.9,19.5,65.9,8.12,15.37,107.2,69.3,10.7,Organic,Flood,3448.2
Uttar Pradesh,Zaid,Alluvial,Sugarcane,1099.4,29.1,63.0,7.64,17.29,78.7,38.6,58.1,DAP,Rain-fed,79872.0
Uttar Pradesh,Rabi,Black,Groundnut,855.5,35.9,61.7,8.44,15.3,103.7,17.2,69.1,Organic,Flood,1910.0
Madhya Pradesh,Rabi,Black,Maize,1093.9,18.3,55.6,7.56,13.65,24.5,38.6,30.2,Compost,Drip,5877.7
Maharashtra,Kharif,Sandy,Jowar,796.3,27.5,70.4,6.99,6.47,73.0,55.6,63.8,Urea,Rain-fed,2870.3
Karnataka,Rabi,Laterite,Wheat,435.7,16.3,48.6,8.14,8.96,24.6,44.9,48.8,Compost,Flood,3784.3
Rajasthan,Zaid,Black,Groundnut,412.7,22.9,67.4,6.14,1.67,112.3,47.4,20.1,DAP,Flood,950.8
Andhra Pradesh,Rabi,Laterite,Rice,1270.6,29.6,57.0,7.32,10.71,122.8,10.8,30.5,DAP,Rain-fed,2101.1
Madhya Pradesh,Rabi,Laterite,Mustard,388.5,18.0,74.5,7.85,13.14,137.8,70.4,57.2,Potash,Drip,1067.8
Tamil Nadu,Zaid,Black,Sugarcane,2209.0,28.1,88.9,8.04,10.75,134.8,44.7,31.9,Organic,Rain-fed,100051.3
West Bengal,Rabi,Black,Maize,782.7,21.0,53.9,6.86,8.02,78.2,18.5,39.8,Compost,Rain-fed,2876.7
Uttar Pradesh,Kharif,Black,Maize,793.1,24.0,48.2,5.81,2.91,117.2,23.8,64.4,NPK,Sprinkler,5587.6
Tamil Nadu,Rabi,Clay,Soybean,796.5,22.1,68.8,8.2,3.71,123.0,18.9,37.9,Compost,Drip,1221.3
Karnataka,Rabi,Loamy,Sugarcane,2269.7,30.9,47.0,8.42,5.0,65.7,66.8,32.4,Compost,Rain-fed,56482.9
Uttar Pradesh,Rabi,Sandy,Groundnut,647.9,32.3,89.3,5.67,3.24,72.5,19.6,45.5,Potash,Rain-fed,950.1
Haryana,Rabi,Clay,Maize,844.9,22.7,77.8,8.02,8.59,25.3,18.6,24.2,Organic,Drip,3739.7
Maharashtra,Zaid,Clay,Rice,1223.7,23.1,71.7,6.53,2.14,36.5,15.1,71.5,Compost,Sprinkler,3196.5
West Bengal,Zaid,Red,Soybean,1105.2,25.8,40.5,7.84,13.5,123.8,64.8,34.7,Organic,Drip,1496.3
Rajasthan,Rabi,Red,Wheat,259.5,20.3,94.6,7.46,1.7,84.6,20.1,74.4,Urea,Sprinkler,3724.2
Madhya Pradesh,Rabi,Laterite,Mustard,285.7,10.9,67.8,7.95,17.29,21.7,58.7,39.3,Compost,Rain-fed,1340.8
Tamil Nadu,Zaid,Black,Maize,1001.4,21.1,90.9,5.84,2.35,68.6,25.0,51.0,DAP,Flood,4220.5
Rajasthan,Rabi,Laterite,Rice,1905.6,29.1,43.4,6.79,8.29,128.1,78.6,44.6,Potash,Sprinkler,1882.7
Haryana,Kharif,Alluvial,Rice,982.6,34.3,58.6,5.56,7.59,102.9,54.0,48.8,NPK,Sprinkler,5384.7
Rajasthan,Rabi,Loamy,Wheat,347.9,10.4,66.6,7.04,16.67,94.2,46.9,12.7,Urea,Drip,4717.4
Karnataka,Rabi,Alluvial,Rice,906.5,29.7,93.9,6.68,4.93,106.8,52.7,55.0,DAP,Sprinkler,2518.0
Maharashtra,Kharif,Clay,Mustard,355.7,14.4,87.5,8.29,6.42,127.3,79.1,49.0,NPK,Sprinkler,1079.7
Haryana,Rabi,Laterite,Wheat,532.4,14.7,70.9,6.14,7.15,45.0,54.7,55.8,Compost,Rain-fed,5506.0
Andhra Pradesh,Rabi,Clay,Barley,530.8,16.3,43.7,5.85,12.13,30.4,40.1,48.8,Urea,Sprinkler,2423.5
Uttar Pradesh,Rabi,Red,Barley,524.3,16.9,68.2,6.88,13.03,82.0,30.7,46.0,Organic,Rain-fed,2143.9
Haryana,Zaid,Sandy,Rice,1311.3,29.3,53.8,7.57,17.12,89.2,38.2,21.3,Compost,Drip,2772.9
Andhra Pradesh,Kharif,Red,Rice,1178.8,23.0,72.9,6.38,13.84,34.7,47.3,17.1,NPK,Flood,5322.2
Karnataka,Rabi,Clay,Wheat,532.2,11.6,55.5,6.23,11.43,87.7,37.4,50.4,Organic,Rain-fed,4632.1
Andhra Pradesh,Rabi,Red,Wheat,378.4,16.4,68.5,6.8,19.84,91.1,12.9,32.1,DAP,Rain-fed,4305.5
Karnataka,Zaid,Clay,Rice,1293.6,34.2,90.7,8.06,15.61,85.6,42.5,27.7,Potash,Rain-fed,3642.4
Haryana,Zaid,Clay,Sugarcane,1160.3,33.2,42.5,8.3,14.26,123.3,62.3,40.9,Compost,Rain-fed,108952.7
Tamil Nadu,Rabi,Red,Barley,399.5,21.7,45.6,7.3,17.54,78.6,73.8,67.0,Organic,Drip,3254.0
West Bengal,Kharif,Black,Maize,587.3,20.6,84.0,6.8,10.11,111.6,66.2,26.7,Potash,Flood,1910.2
Haryana,Kharif,Clay,Mustard,441.1,23.8,65.7,7.47,17.95,145.0,39.1,52.1,Urea,Sprinkler,1715.9
Rajasthan,Zaid,Red,Cotton,676.6,31.4,57.8,6.94,12.54,45.8,77.3,45.8,Potash,Sprinkler,884.5
Haryana,Rabi,Sandy,Maize,793.9,25.1,83.1,6.06,12.87,103.3,31.7,55.9,Potash,Drip,2803.6
West Bengal,Kharif,Red,Wheat,704.5,18.9,92.8,7.96,17.15,55.2,30.0,29.0,NPK,Rain-fed,5444.2
Uttar Pradesh,Kharif,Black,Rice,1201.3,24.6,40.3,6.79,8.45,107.9,59.1,60.5,Compost,Sprinkler,4654.0
Punjab,Rabi,Red,Mustard,495.5,23.4,92.0,6.83,12.19,72.6,21.3,59.1,Compost,Flood,2040.2
Punjab,Kharif,Alluvial,Maize,908.1,30.7,40.2,7.39,12.13,78.7,27.3,65.3,Compost,Rain-fed,4240.5
Andhra Pradesh,Zaid,Red,Mustard,529.1,16.3,80.5,6.93,2.89,79.0,61.4,35.7,Potash,Flood,787.8
Uttar Pradesh,Zaid,Loamy,Sugarcane,1621.7,24.2,78.7,6.98,18.34,78.5,24.0,31.5,Potash,Drip,57118.5
Madhya Pradesh,Rabi,Red,Maize,1030.2,23.0,54.0,7.82,8.98,43.2,63.6,65.0,DAP,Flood,4753.8
West Bengal,Kharif,Black,Sugarcane,1219.0,28.0,81.7,6.17,1.99,57.7,47.9,11.7,Urea,Rain-fed,63229.5
Maharashtra,Rabi,Sandy,Barley,667.4,19.8,74.5,7.89,19.4,93.5,76.4,73.2,DAP,Drip,4574.9
Maharashtra,Kharif,Alluvial,Soybean,924.7,20.9,67.2,8.04,10.35,38.1,27.7,61.2,Organic,Sprinkler,1060.6
Maharashtra,Kharif,Black,Soybean,1027.7,25.6,67.1,7.86,18.98,52.5,53.1,44.9,Organic,Flood,2499.1
Uttar Pradesh,Zaid,Loamy,Maize,627.6,31.2,49.8,8.21,7.14,88.9,19.6,35.8,Urea,Flood,5070.2
Madhya Pradesh,Kharif,Sandy,Soybean,876.6,26.7,81.9,5.67,19.97,132.3,55.6,69.9,Potash,Rain-fed,977.9
Tamil Nadu,Rabi,Black,Jowar,437.0,32.7,68.2,7.26,4.0,44.5,17.9,48.3,DAP,Drip,2570.1
West Bengal,Rabi,Clay,Sugarcane,2187.0,32.1,42.8,8.12,1.97,110.4,38.7,71.3,DAP,Rain-fed,78565.4
Punjab,Zaid,Clay,Rice,1096.1,34.8,69.4,8.13,18.29,80.1,48.4,76.4,NPK,Drip,6475.1
Punjab,Zaid,Loamy,Soybean,771.8,27.6,41.2,7.56,6.23,59.1,21.7,38.5,Potash,Flood,1197.4
Madhya Pradesh,Rabi,Laterite,Sugarcane,1081.4,32.4,76.9,7.76,2.65,29.2,51.9,28.5,Organic,Rain-fed,94964.8
Madhya Pradesh,Kharif,Sandy,Groundnut,708.0,27.3,94.9,7.37,11.39,55.5,74.7,34.8,Potash,Sprinkler,2125.6
Maharashtra,Rabi,Sandy,Soybean,778.5,23.0,48.2,6.87,8.02,69.4,43.3,13.1,Compost,Rain-fed,2570.5
Andhra Pradesh,Zaid,Loamy,Cotton,1054.9,36.2,59.5,5.72,13.63,106.2,33.9,57.9,Organic,Flood,346.7
Madhya Pradesh,Rabi,Alluvial,Rice,1391.3,27.9,90.9,8.23,10.49,109.7,71.9,24.5,Compost,Drip,5374.1
Madhya Pradesh,Kharif,Black,Jowar,367.3,25.8,81.4,5.82,2.11,76.2,45.2,54.6,Compost,Flood,1343.9
Tamil Nadu,Kharif,Loamy,Sugarcane,1254.0,35.6,67.2,6.78,19.14,87.2,61.5,49.0,Organic,Rain-fed,122590.6
Tamil Nadu,Zaid,Red,Groundnut,412.7,22.6,92.7,5.93,6.44,48.4,27.0,55.0,Urea,Drip,1239.8
Karnataka,Zaid,Laterite,Soybean,837.3,23.2,55.7,6.59,9.56,42.4,35.0,61.1,Potash,Rain-fed,2628.6
Madhya Pradesh,Zaid,Clay,Rice,1384.9,30.2,43.9,5.71,4.6,40.7,13.1,37.6,Potash,Rain-fed,3196.2
Punjab,Zaid,Clay,Jowar,582.1,34.4,58.6,6.43,18.68,103.5,29.3,45.5,Organic,Drip,2280.6
Haryana,Kharif,Alluvial,Jowar,672.5,33.6,45.6,5.68,1.5,112.7,21.0,27.7,Compost,Sprinkler,1147.4
Tamil Nadu,Kharif,Red,Sugarcane,1608.1,28.7,91.9,7.91,4.02,66.2,65.4,45.7,Compost,Rain-fed,57062.6
Rajasthan,Zaid,Loamy,Groundnut,587.7,29.0,61.9,5.56,15.56,25.7,55.8,64.2,Organic,Sprinkler,2345.5
West Bengal,Kharif,Alluvial,Maize,670.7,20.1,89.7,5.81,19.66,109.4,75.7,60.6,Urea,Drip,2619.6
Uttar Pradesh,Rabi,Red,Barley,570.8,13.4,63.5,6.2,19.89,110.4,17.4,56.5,NPK,Rain-fed,2499.5
Uttar Pradesh,Rabi,Black,Maize,1060.6,30.9,83.5,6.08,13.52,86.0,21.4,39.1,DAP,Rain-fed,6591.0
Rajasthan,Kharif,Clay,Jowar,719.5,34.0,50.8,7.43,16.44,53.2,28.4,12.7,Organic,Drip,1847.4
Andhra Pradesh,Kharif,Laterite,Jowar,328.5,24.9,71.8,7.05,13.87,75.2,39.7,19.9,NPK,Sprinkler,1832.0
Maharashtra,Kharif,Loamy,Groundnut,760.8,23.0,92.9,6.89,8.55,128.6,77.7,40.7,NPK,Drip,2166.6
West Bengal,Zaid,Red,Wheat,633.6,12.9,69.3,7.93,15.72,113.0,66.0,34.2,Organic,Rain-fed,2733.8
Madhya Pradesh,Kharif,Loamy,Jowar,600.0,23.8,54.2,6.18,9.87,48.0,29.0,21.9,Organic,Sprinkler,2118.1
Tamil Nadu,Rabi,Loamy,Jowar,728.5,31.6,58.5,7.16,11.72,38.0,62.4,42.9,Potash,Rain-fed,2422.1
West Bengal,Rabi,Red,Groundnut,655.0,30.7,41.8,8.06,13.84,123.0,31.5,12.5,DAP,Rain-fed,2902.3
Uttar Pradesh,Rabi,Black,Sugarcane,1971.2,28.8,54.8,6.23,19.84,142.1,10.1,60.8,Urea,Drip,106324.7
Karnataka,Zaid,Laterite,Mustard,453.6,20.7,66.2,7.97,5.79,108.6,47.3,46.0,Organic,Flood,1101.9
Madhya Pradesh,Rabi,Sandy,Sugarcane,1615.4,25.5,63.7,5.66,2.36,104.1,12.3,10.1,Urea,Rain-fed,56826.4
Madhya Pradesh,Kharif,Alluvial,Barley,457.0,16.0,62.8,8.29,15.81,37.0,57.3,49.2,Compost,Rain-fed,3728.9
Madhya Pradesh,Rabi,Black,Groundnut,528.2,30.3,41.8,5.75,6.22,119.4,11.6,45.1,Organic,Flood,1350.4
Maharashtra,Zaid,Red,Sugarcane,2017.8,26.8,66.2,7.11,15.54,52.4,60.3,52.3,DAP,Rain-fed,135161.4
Madhya Pradesh,Rabi,Clay,Cotton,510.5,36.2,46.5,8.49,15.85,127.0,57.6,65.3,Compost,Rain-fed,797.6
Rajasthan,Kharif,Loamy,Barley,451.9,17.0,80.5,8.02,19.02,82.8,33.5,20.8,Organic,Sprinkler,2409.9
Rajasthan,Rabi,Laterite,Barley,460.8,21.1,80.1,7.43,7.03,42.7,30.0,46.2,Organic,Drip,2549.3
West Bengal,Rabi,Alluvial,Groundnut,429.1,27.2,71.6,7.97,11.47,48.2,60.0,35.9,Compost,Drip,1308.9
West Bengal,Rabi,Sandy,Groundnut,492.0,26.1,84.1,7.74,15.98,94.5,25.4,70.4,Organic,Sprinkler,1982.9
Rajasthan,Kharif,Red,Sugarcane,2394.9,28.8,40.0,6.01,1.09,32.6,52.4,41.6,Urea,Rain-fed,106260.5
Haryana,Kharif,Clay,Soybean,1168.7,23.7,87.8,7.31,12.47,31.9,41.2,80.0,DAP,Flood,2614.2
Madhya Pradesh,Kharif,Black,Groundnut,876.3,27.4,44.6,7.97,13.7,30.4,68.6,15.5,Potash,Drip,1085.7
Haryana,Rabi,Laterite,Mustard,332.4,13.8,71.3,8.28,10.84,123.6,41.0,32.3,DAP,Rain-fed,1823.0
Rajasthan,Rabi,Loamy,Maize,911.7,26.0,40.0,6.59,14.88,43.1,31.3,33.6,DAP,Flood,4973.9
Maharashtra,Rabi,Clay,Wheat,716.2,20.5,66.7,7.99,19.04,95.3,56.6,40.7,NPK,Rain-fed,5648.0
Andhra Pradesh,Kharif,Black,Groundnut,625.2,26.6,87.2,8.19,18.96,48.2,36.2,33.3,Organic,Drip,1302.6
Uttar Pradesh,Kharif,Alluvial,Maize,1106.0,18.4,88.7,7.69,18.59,85.4,11.0,10.5,NPK,Sprinkler,2886.2
West Bengal,Zaid,Laterite,Jowar,749.5,34.2,80.5,5.96,18.29,46.3,28.9,45.3,Potash,Flood,2522.4
Uttar Pradesh,Zaid,Laterite,Wheat,697.6,19.2,57.1,7.81,17.4,149.1,10.8,31.0,Compost,Drip,4582.6
Maharashtra,Zaid,Alluvial,Maize,517.8,27.0,89.7,6.73,10.74,78.2,64.3,46.9,DAP,Sprinkler,3303.6
West Bengal,Zaid,Black,Barley,563.9,9.7,48.1,7.46,13.78,85.5,72.6,75.5,Organic,Rain-fed,3432.9
Karnataka,Zaid,Black,Soybean,677.4,25.2,54.3,8.23,0.91,113.5,63.7,39.1,Potash,Flood,912.7
West Bengal,Zaid,Alluvial,Rice,1358.4,31.8,48.9,6.62,17.02,69.8,51.2,60.5,Compost,Rain-fed,2861.5
Maharashtra,Zaid,Clay,Barley,305.6,14.8,68.2,6.46,3.77,24.6,59.3,44.4,Urea,Drip,2009.1
Tamil Nadu,Zaid,Red,Groundnut,734.5,32.5,94.5,7.55,13.05,132.0,20.2,68.6,NPK,Flood,896.4
Madhya Pradesh,Kharif,Laterite,Wheat,366.2,18.7,46.6,7.45,11.56,81.0,74.7,37.8,DAP,Drip,5732.4
Tamil Nadu,Rabi,Laterite,Wheat,509.6,22.0,49.8,6.93,10.14,53.5,35.6,40.4,Potash,Drip,3032.0
West Bengal,Zaid,Red,Wheat,487.2,15.5,77.1,6.71,9.19,87.5,19.8,45.9,Compost,Drip,3258.0
West Bengal,Rabi,Black,Maize,545.4,28.7,80.0,7.54,9.67,68.9,54.8,44.6,Potash,Drip,5835.3
Maharashtra,Rabi,Alluvial,Barley,293.8,8.3,88.9,6.18,18.62,119.1,24.1,26.4,Organic,Drip,3248.9
Maharashtra,Kharif,Sandy,Maize,648.3,29.9,79.8,7.43,14.7,85.7,69.6,57.7,Organic,Drip,6723.1
Rajasthan,Zaid,Clay,Cotton,879.3,23.5,53.1,8.13,17.43,81.5,57.0,52.5,Organic,Drip,695.3
Uttar Pradesh,Rabi,Red,Cotton,858.8,27.3,93.3,5.75,7.27,55.7,48.2,25.0,Urea,Drip,637.4
Madhya Pradesh,Rabi,Sandy,Barley,280.0,19.0,78.4,6.26,1.29,141.6,10.8,51.2,DAP,Sprinkler,2983.4
Punjab,Kharif,Clay,Groundnut,442.0,31.5,91.8,7.97,1.32,27.0,35.2,66.9,Organic,Drip,2096.8
Punjab,Rabi,Laterite,Barley,661.1,14.7,73.2,7.9,11.91,79.3,62.4,56.7,DAP,Flood,4719.6
Andhra Pradesh,Zaid,Loamy,Mustard,371.1,11.4,68.7,5.52,6.67,82.9,78.5,71.2,Potash,Sprinkler,1218.1
Rajasthan,Rabi,Sandy,Wheat,273.3,10.1,55.5,8.36,1.54,82.1,25.6,59.4,NPK,Rain-fed,2744.9
Andhra Pradesh,Rabi,Alluvial,Soybean,1080.3,22.5,93.6,5.68,16.34,91.6,30.3,52.9,Urea,Flood,1453.0
Karnataka,Rabi,Laterite,Barley,325.0,13.8,62.1,7.72,19.39,127.8,78.3,71.1,Urea,Sprinkler,2058.5
Punjab,Zaid,Laterite,Mustard,408.4,16.8,55.7,7.8,9.67,100.9,55.7,63.9,Urea,Flood,931.4
Andhra Pradesh,Rabi,Alluvial,Maize,1170.4,30.1,85.0,6.6,12.23,67.5,73.3,45.2,Potash,Drip,4680.2
Maharashtra,Rabi,Black,Maize,914.1,26.9,83.8,5.65,17.17,76.5,34.3,11.3,DAP,Rain-fed,5784.3
Tamil Nadu,Rabi,Black,Groundnut,843.2,29.6,81.0,7.02,13.13,56.2,21.1,23.7,Urea,Sprinkler,2595.9
West Bengal,Zaid,Black,Wheat,384.6,18.3,87.6,7.19,19.03,58.4,23.5,48.8,Urea,Rain-fed,3580.3
Rajasthan,Rabi,Laterite,Soybean,712.4,24.5,51.3,6.38,7.25,130.1,36.3,30.8,NPK,Flood,2614.3
West Bengal,Zaid,Loamy,Barley,535.2,21.9,67.5,6.87,7.22,101.0,34.1,20.8,DAP,Sprinkler,2533.9
Karnataka,Zaid,Laterite,Barley,224.1,8.0,85.9,8.21,16.38,52.7,35.9,11.4,DAP,Sprinkler,2818.5
West Bengal,Rabi,Clay,Sugarcane,1787.9,37.6,78.3,8.33,3.99,76.7,53.6,68.8,NPK,Sprinkler,104608.1
Maharashtra,Kharif,Red,Jowar,476.8,22.7,53.8,7.58,15.5,26.4,69.4,10.7,NPK,Drip,2637.7
Maharashtra,Kharif,Red,Jowar,620.2,23.8,53.0,5.91,12.44,117.1,42.4,52.1,DAP,Rain-fed,2342.3
Tamil Nadu,Zaid,Clay,Barley,415.9,14.3,55.0,5.86,11.34,121.4,33.1,32.6,Organic,Drip,3192.3
Andhra Pradesh,Zaid,Clay,Soybean,1043.9,27.1,88.0,6.8,8.55,95.7,15.0,72.4,DAP,Flood,1057.1
Tamil Nadu,Kharif,Laterite,Wheat,277.1,18.4,40.2,8.38,12.05,127.3,14.6,22.0,Potash,Sprinkler,3212.2
Madhya Pradesh,Rabi,Clay,Jowar,545.7,34.4,51.6,6.65,11.1,36.5,55.5,15.1,NPK,Sprinkler,1483.8
Andhra Pradesh,Kharif,Loamy,Mustard,583.3,11.3,94.8,7.07,11.11,60.3,27.6,34.0,Organic,Rain-fed,1416.4
West Bengal,Rabi,Loamy,Wheat,427.1,22.7,87.1,6.36,4.08,136.3,10.7,57.5,Potash,Flood,3760.8
Maharashtra,Zaid,Loamy,Maize,1061.9,20.0,72.7,7.42,10.16,63.5,22.9,57.6,Organic,Flood,1846.9
Punjab,Kharif,Loamy,Mustard,277.5,12.9,57.9,8.27,8.64,117.3,70.8,47.6,Compost,Sprinkler,1645.1
Haryana,Kharif,Laterite,Cotton,778.0,25.4,67.4,5.52,2.64,71.6,31.2,60.0,Potash,Flood,334.0
Tamil Nadu,Kharif,Clay,Wheat,539.6,18.6,77.5,8.04,14.03,113.2,63.5,21.8,Compost,Flood,3175.3
Uttar Pradesh,Kharif,Alluvial,Jowar,428.7,23.0,94.6,7.54,18.77,129.8,49.8,36.8,NPK,Sprinkler,2566.5
Rajasthan,Rabi,Sandy,Cotton,878.7,26.4,65.9,5.64,17.7,96.6,19.7,10.2,DAP,Rain-fed,492.4
Karnataka,Zaid,Laterite,Barley,307.5,10.9,81.2,6.81,14.25,143.6,51.8,11.0,Potash,Flood,2538.2
Haryana,Rabi,Loamy,Mustard,492.7,16.2,52.4,8.04,6.52,25.0,19.0,25.7,Potash,Sprinkler,1739.1
Punjab,Rabi,Red,Sugarcane,2249.2,28.6,70.5,6.36,18.83,146.4,12.6,30.0,DAP,Drip,79055.5
Maharashtra,Rabi,Sandy,Wheat,589.4,13.2,54.7,8.05,3.73,88.2,78.7,48.7,NPK,Rain-fed,2135.6
Maharashtra,Zaid,Red,Wheat,432.1,12.9,67.1,6.68,12.42,117.8,15.5,56.0,Urea,Sprinkler,2201.3
Rajasthan,Rabi,Loamy,Groundnut,487.3,29.2,70.7,7.45,3.5,43.7,62.5,33.7,Compost,Sprinkler,2095.2
Karnataka,Kharif,Laterite,Mustard,495.9,13.5,72.3,6.56,9.91,81.4,58.9,40.4,NPK,Rain-fed,1061.7
Rajasthan,Rabi,Laterite,Soybean,1000.8,28.1,92.7,7.01,18.38,113.9,16.0,25.4,NPK,Flood,925.4
Punjab,Kharif,Red,Barley,369.5,19.5,50.8,7.51,5.42,110.9,55.1,38.8,Potash,Sprinkler,2995.5
Uttar Pradesh,Rabi,Clay,Jowar,657.1,30.6,69.7,7.83,6.76,53.3,27.8,76.4,Urea,Flood,2022.1
Maharashtra,Rabi,Red,Cotton,966.5,24.2,84.9,7.47,10.39,44.0,17.5,77.8,Urea,Flood,445.5
Madhya Pradesh,Zaid,Loamy,Maize,1173.2,25.7,71.2,6.69,15.55,81.3,70.8,30.4,DAP,Rain-fed,2509.3
Haryana,Kharif,Clay,Wheat,587.5,23.7,60.6,7.38,15.98,33.6,63.4,45.8,Organic,Flood,4371.1
West Bengal,Kharif,Alluvial,Soybean,1169.7,23.4,63.8,7.95,4.33,103.9,69.2,43.1,DAP,Drip,2649.0
Maharashtra,Kharif,Loamy,Maize,814.8,25.6,60.6,5.74,8.05,97.1,62.9,55.1,Potash,Rain-fed,2800.7
Uttar Pradesh,Rabi,Loamy,Jowar,813.3,23.2,66.5,7.09,6.4,37.2,76.9,66.0,DAP,Rain-fed,2470.8
Karnataka,Kharif,Laterite,Cotton,926.1,28.6,86.3,6.19,0.61,46.3,72.3,70.1,Compost,Rain-fed,385.1
Haryana,Rabi,Laterite,Wheat,280.1,11.1,77.3,5.53,9.88,33.9,74.6,66.4,Potash,Drip,3193.2
Maharashtra,Kharif,Black,Groundnut,428.0,30.3,74.2,7.49,6.57,64.1,57.6,14.1,DAP,Flood,2472.8
Punjab,Zaid,Red,Barley,293.6,8.5,48.9,6.72,16.71,71.3,62.1,72.8,DAP,Sprinkler,4082.7
Andhra Pradesh,Zaid,Black,Wheat,538.5,19.2,61.4,6.73,3.6,20.3,72.6,71.9,Potash,Rain-fed,3196.5
Rajasthan,Rabi,Sandy,Jowar,451.7,31.9,77.9,8.22,3.05,53.0,66.1,14.9,DAP,Drip,2383.3
Tamil Nadu,Zaid,Clay,Groundnut,579.7,35.0,89.0,7.26,18.39,85.8,25.6,48.1,Urea,Sprinkler,1025.8
Maharashtra,Rabi,Alluvial,Groundnut,838.5,31.5,77.2,8.38,5.45,140.1,56.9,75.2,DAP,Drip,1848.1
Tamil Nadu,Rabi,Sandy,Cotton,1134.8,29.8,86.3,6.9,2.32,55.5,10.2,39.1,NPK,Rain-fed,884.4
Maharashtra,Zaid,Loamy,Soybean,656.5,22.7,93.3,8.16,5.55,142.5,42.3,31.8,Organic,Rain-fed,1663.6
Tamil Nadu,Rabi,Alluvial,Rice,925.4,23.7,47.3,7.29,9.26,52.8,36.1,17.6,Urea,Flood,2943.3
Haryana,Rabi,Clay,Soybean,1032.4,20.5,42.7,6.5,10.43,54.8,73.8,35.8,NPK,Drip,1166.1
Uttar Pradesh,Kharif,Sandy,Cotton,883.5,33.9,64.3,7.02,7.93,81.1,63.9,17.4,Compost,Rain-fed,760.5
Uttar Pradesh,Zaid,Sandy,Rice,1948.1,32.3,57.3,7.6,16.61,148.6,29.1,71.2,Compost,Flood,4539.5
Punjab,Zaid,Black,Maize,943.9,18.3,51.5,5.59,8.96,134.0,75.0,47.0,Urea,Rain-fed,4933.2
Uttar Pradesh,Kharif,Laterite,Sugarcane,1172.2,37.4,74.9,5.55,14.59,71.9,41.4,69.6,Compost,Drip,114517.2
Rajasthan,Zaid,Black,Soybean,937.9,21.6,76.3,6.59,15.83,35.1,24.3,15.9,Compost,Flood,1922.7
Karnataka,Kharif,Loamy,Rice,1416.2,26.5,41.2,7.33,7.67,128.2,31.7,76.0,DAP,Flood,2862.2
West Bengal,Rabi,Black,Groundnut,562.4,33.7,69.4,5.69,4.57,100.9,24.7,33.7,DAP,Flood,2007.8
Madhya Pradesh,Zaid,Loamy,Jowar,632.7,29.8,57.9,6.1,12.86,107.3,79.3,16.3,Compost,Sprinkler,2226.8
Tamil Nadu,Kharif,Laterite,Jowar,800.6,26.6,50.4,7.21,14.92,59.2,45.9,53.5,Organic,Sprinkler,2252.7
Andhra Pradesh,Zaid,Clay,Rice,1730.9,33.7,54.1,5.86,18.27,43.5,12.7,29.3,Compost,Drip,4851.3
Punjab,Kharif,Red,Sugarcane,1641.1,37.0,62.1,7.79,18.35,111.3,76.0,28.7,Compost,Sprinkler,80294.6
Uttar Pradesh,Zaid,Sandy,Jowar,479.0,30.5,68.1,7.09,17.59,56.3,26.2,71.2,DAP,Rain-fed,1156.9
Andhra Pradesh,Rabi,Loamy,Soybean,884.6,23.5,70.5,7.65,17.99,23.2,36.4,72.7,Compost,Drip,1440.8
Karnataka,Rabi,Red,Maize,1074.8,25.6,80.0,8.18,13.65,141.2,28.5,20.5,Compost,Drip,2092.7
Uttar Pradesh,Zaid,Red,Groundnut,833.4,28.1,81.9,6.29,5.28,21.1,71.6,24.0,Potash,Rain-fed,2678.7
Andhra Pradesh,Kharif,Red,Wheat,273.7,18.6,57.5,7.16,14.75,59.9,68.4,31.6,Organic,Rain-fed,3460.5
Maharashtra,Kharif,Loamy,Cotton,883.9,23.9,92.5,5.93,14.32,34.1,45.6,42.5,Organic,Flood,899.7
Tamil Nadu,Zaid,Laterite,Mustard,535.3,20.2,92.1,7.31,11.79,26.1,76.2,32.0,Organic,Rain-fed,1288.9
Rajasthan,Rabi,Black,Wheat,481.6,12.2,49.3,6.65,17.5,143.7,76.2,20.1,Potash,Flood,2822.4
Uttar Pradesh,Zaid,Laterite,Soybean,1034.7,21.9,84.0,5.9,2.66,120.0,40.0,63.1,Compost,Sprinkler,1565.1
Rajasthan,Rabi,Alluvial,Rice,1513.7,25.3,71.8,5.7,8.97,55.4,23.4,71.8,Potash,Rain-fed,3879.9
Rajasthan,Rabi,Alluvial,Wheat,349.7,16.0,41.0,7.67,7.32,97.8,40.5,78.7,Organic,Rain-fed,2995.2
Uttar Pradesh,Zaid,Black,Soybean,980.5,21.3,57.8,7.14,3.37,74.8,68.8,51.3,DAP,Drip,1544.2
Rajasthan,Rabi,Loamy,Barley,453.0,13.6,44.0,5.8,8.61,95.5,51.6,30.4,NPK,Flood,2247.6
Maharashtra,Zaid,Alluvial,Cotton,986.4,23.3,40.4,6.93,4.26,147.3,42.5,67.2,Potash,Drip,764.4
Andhra Pradesh,Zaid,Red,Wheat,416.1,22.6,56.5,8.38,12.84,74.3,63.1,37.5,NPK,Drip,5545.5
Maharashtra,Rabi,Laterite,Barley,399.8,21.8,65.8,7.18,3.28,101.5,33.5,57.0,Potash,Rain-fed,1579.7
Rajasthan,Zaid,Loamy,Groundnut,531.2,31.0,48.5,7.97,11.04,72.9,79.2,64.8,DAP,Rain-fed,1900.2
Haryana,Zaid,Red,Sugarcane,1865.1,26.3,62.0,7.78,9.91,58.2,39.1,65.1,Organic,Drip,92399.5
Punjab,Kharif,Sandy,Maize,779.0,21.8,88.6,7.53,7.15,129.3,71.8,21.2,Compost,Sprinkler,3130.4
Maharashtra,Rabi,Sandy,Wheat,715.6,15.1,74.5,6.63,3.25,72.4,59.6,45.5,Organic,Drip,5805.8
West Bengal,Zaid,Red,Wheat,535.2,20.6,93.0,6.1,2.36,121.8,34.5,25.7,Compost,Rain-fed,3510.1
Karnataka,Rabi,Laterite,Mustard,483.3,21.7,44.0,6.89,6.38,25.6,18.5,70.6,Urea,Rain-fed,1664.4
Karnataka,Kharif,Loamy,Groundnut,762.1,33.4,71.1,8.08,16.52,63.9,18.6,15.9,Organic,Drip,999.4
Rajasthan,Zaid,Sandy,Rice,1445.0,23.3,64.4,5.76,6.09,39.7,55.3,74.2,NPK,Sprinkler,4126.3
Karnataka,Zaid,Clay,Maize,576.3,21.5,80.7,7.03,5.26,132.2,46.8,47.0,Compost,Flood,6047.8
Rajasthan,Kharif,Black,Sugarcane,2309.2,35.2,78.5,6.27,18.49,27.1,59.2,72.4,Urea,Flood,89278.7
Uttar Pradesh,Rabi,Sandy,Maize,617.0,18.5,87.1,7.99,16.08,122.2,32.5,12.6,NPK,Sprinkler,6435.7
Rajasthan,Zaid,Clay,Barley,232.6,8.7,55.2,6.89,9.28,138.4,60.1,71.9,DAP,Rain-fed,2461.8
Punjab,Rabi,Alluvial,Barley,511.8,14.7,67.8,8.16,17.79,69.8,46.8,57.5,DAP,Flood,2312.7
Punjab,Rabi,Sandy,Wheat,631.1,16.0,65.1,7.94,7.92,101.9,65.7,64.7,Organic,Rain-fed,3168.3
Punjab,Kharif,Red,Maize,987.1,31.3,47.9,6.2,18.16,48.6,31.7,53.2,DAP,Sprinkler,4518.6
Madhya Pradesh,Rabi,Sandy,Jowar,419.0,31.7,43.2,7.69,6.91,56.3,50.0,64.1,Potash,Sprinkler,2322.2
Maharashtra,Zaid,Red,Barley,222.5,10.4,89.6,5.77,3.07,33.9,34.2,20.4,Urea,Flood,3295.6
Madhya Pradesh,Kharif,Black,Cotton,511.1,30.6,62.2,5.73,14.06,60.5,18.5,70.5,Organic,Drip,600.7
Tamil Nadu,Zaid,Sandy,Jowar,311.3,34.7,81.0,5.88,2.53,47.1,31.5,43.3,DAP,Flood,1762.2
Uttar Pradesh,Kharif,Red,Barley,557.0,12.1,56.9,8.45,16.37,20.7,13.0,27.1,Urea,Drip,2108.2
Punjab,Kharif,Sandy,Cotton,525.7,28.9,62.0,7.02,16.3,86.2,58.6,17.8,Compost,Sprinkler,656.9
Punjab,Zaid,Clay,Maize,679.9,18.7,40.5,5.83,5.17,133.0,23.7,13.0,NPK,Rain-fed,2321.7
Punjab,Kharif,Alluvial,Soybean,1006.8,23.0,45.2,7.7,14.92,75.0,69.2,56.9,Compost,Rain-fed,2012.2
Punjab,Rabi,Alluvial,Jowar,703.9,35.0,55.3,7.5,17.97,88.6,21.2,60.1,Compost,Flood,2323.0
Maharashtra,Zaid,Clay,Soybean,1179.3,29.4,68.4,7.21,4.82,60.2,74.5,56.0,Potash,Rain-fed,1748.5
Karnataka,Rabi,Loamy,Sugarcane,1195.9,27.4,42.3,6.86,16.12,139.5,47.3,17.0,DAP,Sprinkler,111438.0
Punjab,Rabi,Black,Rice,1828.0,25.4,63.5,7.08,7.55,24.0,77.9,74.7,NPK,Rain-fed,5576.6
Andhra Pradesh,Rabi,Loamy,Jowar,841.4,32.3,81.7,8.23,0.79,142.0,65.3,19.1,Compost,Rain-fed,876.5
Maharashtra,Zaid,Black,Groundnut,763.3,31.8,66.1,6.9,1.15,124.4,39.9,54.4,Potash,Flood,2299.7
Punjab,Kharif,Clay,Cotton,500.1,33.5,92.7,6.83,13.07,65.5,41.1,14.5,NPK,Drip,967.3
Karnataka,Rabi,Laterite,Sugarcane,1443.7,24.9,78.1,7.49,10.77,72.3,77.0,79.7,Organic,Rain-fed,104534.2
Rajasthan,Rabi,Loamy,Sugarcane,2082.8,36.4,94.4,8.12,19.96,129.5,67.6,26.2,Potash,Flood,56282.9
Punjab,Rabi,Clay,Cotton,571.7,33.8,41.2,6.9,5.15,93.5,15.4,21.4,NPK,Drip,682.3
Andhra Pradesh,Zaid,Black,Jowar,722.6,33.6,53.2,8.08,18.53,32.8,32.9,19.5,Urea,Rain-fed,1087.1
Tamil Nadu,Rabi,Loamy,Maize,1091.1,29.8,92.5,7.03,18.32,130.1,31.7,23.7,NPK,Drip,5464.5
Haryana,Rabi,Alluvial,Mustard,303.1,20.5,88.0,6.62,16.91,72.2,12.0,58.7,Urea,Rain-fed,1825.4
Tamil Nadu,Kharif,Loamy,Groundnut,401.9,29.5,72.4,6.33,3.92,24.4,57.9,68.6,Potash,Rain-fed,2059.7
Andhra Pradesh,Kharif,Loamy,Soybean,1124.2,23.1,69.8,8.18,13.76,31.0,17.5,18.9,Urea,Flood,2444.1
Punjab,Rabi,Red,Cotton,814.3,37.7,85.2,6.17,17.55,46.7,28.5,73.7,Urea,Flood,993.4
Haryana,Zaid,Red,Sugarcane,2461.4,30.2,64.6,6.43,10.3,118.4,48.1,71.4,Compost,Rain-fed,87769.8
Haryana,Kharif,Clay,Maize,1026.7,20.9,65.2,7.88,0.97,115.0,79.5,57.5,Compost,Rain-fed,2709.1
Karnataka,Rabi,Alluvial,Maize,955.3,28.6,84.6,6.81,2.92,143.8,65.5,50.5,Compost,Sprinkler,4667.0
Haryana,Rabi,Red,Maize,522.3,27.4,75.0,8.42,1.83,52.0,43.4,74.4,Compost,Flood,4590.4
Karnataka,Rabi,Alluvial,Mustard,213.0,18.2,51.6,5.72,6.13,93.6,52.9,48.4,NPK,Drip,1374.9
Haryana,Kharif,Red,Soybean,1063.5,23.2,50.3,6.03,17.52,105.7,38.5,28.3,Potash,Sprinkler,2630.3
Rajasthan,Kharif,Sandy,Wheat,629.5,14.2,92.5,7.82,18.68,136.4,26.6,34.2,Compost,Flood,5101.8
Andhra Pradesh,Kharif,Loamy,Jowar,773.4,31.9,72.7,8.42,6.89,55.0,79.2,56.9,NPK,Rain-fed,1668.2
Rajasthan,Kharif,Loamy,Jowar,439.3,33.4,45.6,8.06,12.23,107.1,22.3,43.2,DAP,Rain-fed,2130.0
Andhra Pradesh,Kharif,Alluvial,Jowar,874.5,32.1,63.3,8.27,1.92,48.0,32.7,46.4,Compost,Flood,2269.3
Maharashtra,Kharif,Laterite,Wheat,564.1,17.7,60.7,5.5,9.21,33.6,15.3,34.3,Compost,Sprinkler,4393.6
Rajasthan,Zaid,Red,Barley,532.2,17.5,68.2,7.93,11.3,87.4,52.3,40.6,Organic,Sprinkler,3595.2
Madhya Pradesh,Rabi,Clay,Groundnut,655.1,28.1,54.1,5.66,19.33,138.7,69.3,43.6,Potash,Sprinkler,2569.4
Tamil Nadu,Kharif,Sandy,Mustard,401.0,12.5,40.7,8.19,11.84,113.4,28.5,53.5,NPK,Rain-fed,1486.2
Madhya Pradesh,Rabi,Loamy,Wheat,252.5,19.5,44.1,5.72,4.32,122.0,44.0,33.5,Compost,Rain-fed,2418.2
Madhya Pradesh,Zaid,Sandy,Rice,1835.2,26.6,46.1,6.14,9.73,120.3,72.9,33.4,Potash,Rain-fed,5516.6
Andhra Pradesh,Rabi,Alluvial,Groundnut,587.4,22.1,71.4,8.37,6.34,102.3,26.9,40.6,Urea,Rain-fed,2128.5
Punjab,Rabi,Black,Rice,943.3,26.7,90.8,5.73,18.64,62.9,37.4,61.9,Potash,Flood,3710.2
Andhra Pradesh,Zaid,Laterite,Maize,651.2,28.2,51.8,7.29,15.71,69.4,72.2,38.3,Compost,Sprinkler,5131.0
Punjab,Zaid,Clay,Jowar,425.9,34.8,73.0,5.79,7.97,60.0,30.2,42.8,NPK,Rain-fed,2636.5
Rajasthan,Zaid,Loamy,Cotton,968.6,22.3,59.3,6.44,13.84,71.9,42.2,73.5,Organic,Flood,956.1
West Bengal,Rabi,Clay,Mustard,587.7,12.0,71.8,7.6,13.27,33.5,19.0,16.4,Organic,Flood,974.0
Madhya Pradesh,Kharif,Clay,Mustard,400.2,21.1,86.5,8.34,17.36,104.5,18.4,10.4,DAP,Rain-fed,850.1
Madhya Pradesh,Rabi,Loamy,Wheat,578.1,22.0,92.5,6.99,8.17,122.7,43.4,64.8,Compost,Rain-fed,3536.8
Madhya Pradesh,Kharif,Alluvial,Barley,504.3,10.1,55.5,8.02,1.48,68.1,29.9,73.8,Organic,Flood,3181.3
Karnataka,Rabi,Clay,Cotton,1000.3,30.4,71.6,7.0,10.05,118.2,41.6,77.1,Urea,Rain-fed,513.3
West Bengal,Kharif,Sandy,Barley,569.0,9.8,40.2,6.28,10.99,102.9,31.3,47.8,Urea,Flood,2090.4
Karnataka,Kharif,Red,Maize,530.5,21.0,46.8,7.2,5.77,72.1,22.5,10.1,Compost,Flood,5882.9
Andhra Pradesh,Kharif,Sandy,Barley,550.5,21.1,64.3,7.17,10.59,104.7,23.2,14.4,Compost,Flood,2838.8
West Bengal,Rabi,Clay,Barley,326.0,21.4,56.7,6.3,3.02,40.0,53.1,20.9,Potash,Flood,2911.7
Haryana,Zaid,Sandy,Cotton,1047.2,22.2,48.2,6.18,9.64,57.6,22.1,63.4,DAP,Sprinkler,938.8
Andhra Pradesh,Kharif,Black,Soybean,1068.9,24.3,47.5,7.15,12.31,108.4,30.5,33.1,Urea,Sprinkler,2033.5
Karnataka,Rabi,Black,Soybean,763.3,20.9,61.1,5.55,9.43,94.1,45.5,68.8,NPK,Rain-fed,1966.8
Haryana,Rabi,Black,Wheat,652.2,12.9,74.2,8.25,6.33,126.8,45.8,60.3,Urea,Drip,3757.9
Andhra Pradesh,Kharif,Clay,Wheat,437.9,23.8,44.4,6.71,7.79,58.6,35.2,79.2,Organic,Drip,5136.5
Andhra Pradesh,Kharif,Alluvial,Wheat,686.2,18.9,86.3,7.44,8.38,127.7,78.6,32.7,Organic,Sprinkler,3165.5
Tamil Nadu,Kharif,Laterite,Jowar,639.1,27.2,76.4,7.66,5.48,30.2,39.8,76.2,Potash,Drip,1343.3
West Bengal,Zaid,Alluvial,Jowar,360.5,29.9,87.4,6.96,3.12,106.1,52.9,47.2,NPK,Flood,2319.7
Punjab,Zaid,Sandy,Maize,1045.0,21.5,83.1,7.5,18.05,137.1,19.2,56.2,Compost,Drip,4649.9
Madhya Pradesh,Zaid,Clay,Mustard,243.9,11.7,41.9,7.12,8.06,124.2,74.1,63.0,Organic,Flood,1792.1
West Bengal,Zaid,Sandy,Mustard,473.8,17.5,75.1,6.66,8.8,24.1,58.7,40.7,DAP,Sprinkler,1539.9
Maharashtra,Rabi,Loamy,Rice,1205.1,28.2,61.2,7.09,12.18,121.1,20.6,22.2,Potash,Sprinkler,2443.1
Tamil Nadu,Zaid,Laterite,Rice,1614.2,23.1,88.1,7.66,13.04,114.0,39.4,16.8,Urea,Rain-fed,2027.1
Uttar Pradesh,Rabi,Loamy,Soybean,1148.8,25.8,41.6,5.69,10.99,48.0,60.5,66.7,Potash,Drip,1682.6
Punjab,Kharif,Loamy,Wheat,386.4,12.2,62.6,6.0,4.48,29.0,13.3,14.3,DAP,Rain-fed,6145.7
Rajasthan,Zaid,Sandy,Wheat,366.8,20.3,83.7,6.3,12.26,89.6,75.2,17.5,Organic,Rain-fed,5253.5
Tamil Nadu,Rabi,Alluvial,Sugarcane,1904.4,31.8,76.3,7.66,3.44,52.0,61.0,62.3,Organic,Drip,80315.5
Andhra Pradesh,Zaid,Red,Soybean,912.8,29.2,77.6,6.78,12.03,86.9,67.0,60.6,Potash,Sprinkler,2059.8
Rajasthan,Kharif,Red,Jowar,470.5,31.5,79.7,5.92,17.6,123.6,42.0,33.0,DAP,Flood,1139.8
Andhra Pradesh,Kharif,Black,Groundnut,730.9,29.7,82.8,5.67,10.74,92.8,15.9,73.3,DAP,Rain-fed,2715.8
Haryana,Zaid,Black,Maize,584.6,21.1,61.5,7.18,13.86,141.0,49.9,61.4,Urea,Flood,6131.5
Punjab,Rabi,Loamy,Sugarcane,2122.1,33.3,60.2,7.14,10.57,42.8,36.0,12.0,Compost,Flood,65665.2
West Bengal,Kharif,Black,Cotton,968.9,32.7,48.3,7.36,8.69,119.0,48.2,53.9,Organic,Rain-fed,971.2
Uttar Pradesh,Kharif,Alluvial,Rice,1077.7,32.7,85.1,6.53,4.28,115.2,53.0,24.4,DAP,Sprinkler,2736.6
Punjab,Zaid,Clay,Groundnut,525.2,29.6,78.2,6.79,13.98,147.0,21.4,52.0,DAP,Sprinkler,1771.3
Karnataka,Zaid,Red,Maize,1025.0,21.9,53.4,6.79,9.73,119.5,21.1,51.5,Compost,Drip,6687.2
Maharashtra,Kharif,Clay,Sugarcane,1431.0,32.3,67.9,8.49,3.98,68.9,24.0,39.0,Compost,Flood,88407.5
Rajasthan,Rabi,Clay,Rice,1220.6,33.1,41.3,6.63,2.66,30.1,53.8,39.7,Potash,Drip,4489.3
Uttar Pradesh,Kharif,Alluvial,Maize,820.9,25.3,93.4,7.86,11.08,40.0,43.5,47.6,Organic,Drip,4069.0
Andhra Pradesh,Zaid,Clay,Groundnut,838.4,29.4,71.1,6.37,2.79,130.6,75.2,78.1,Urea,Flood,2524.7
Madhya Pradesh,Kharif,Loamy,Sugarcane,1877.4,33.3,60.4,5.73,19.19,137.9,53.7,31.2,Organic,Drip,75220.4
Madhya Pradesh,Rabi,Laterite,Mustard,521.5,17.7,44.0,6.3,2.06,38.3,17.0,49.3,DAP,Rain-fed,1392.7
Maharashtra,Rabi,Red,Wheat,462.8,22.2,58.6,6.09,17.28,138.1,29.8,73.0,DAP,Rain-fed,5901.9
Madhya Pradesh,Rabi,Alluvial,Jowar,771.8,33.6,62.1,7.79,5.26,68.9,47.3,75.9,NPK,Rain-fed,2369.8
Uttar Pradesh,Zaid,Laterite,Sugarcane,2409.2,30.0,74.8,7.9,9.32,29.6,30.0,35.7,Potash,Sprinkler,97846.7
Madhya Pradesh,Kharif,Alluvial,Jowar,618.1,33.7,81.6,6.3,6.55,48.1,71.9,16.0,Organic,Sprinkler,1744.7
Rajasthan,Zaid,Alluvial,Rice,1362.8,31.2,58.8,8.49,0.57,104.2,19.5,51.3,Organic,Sprinkler,3997.1
Tamil Nadu,Kharif,Loamy,Groundnut,518.8,29.0,79.6,5.98,12.84,58.1,74.5,22.0,Potash,Flood,963.6
Maharashtra,Zaid,Alluvial,Soybean,813.3,29.0,90.0,7.06,1.96,69.9,75.8,58.5,NPK,Drip,2952.0
Uttar Pradesh,Rabi,Black,Jowar,325.9,34.7,50.7,6.21,17.6,100.3,79.6,61.5,NPK,Flood,1304.9
Andhra Pradesh,Zaid,Clay,Sugarcane,1482.1,34.7,53.6,7.19,16.33,92.8,54.2,26.9,DAP,Flood,96169.2
Karnataka,Rabi,Alluvial,Wheat,350.4,12.6,54.3,6.93,6.34,53.9,62.7,35.6,Urea,Flood,5269.2
Punjab,Zaid,Sandy,Cotton,1183.1,27.9,85.9,5.95,13.35,140.0,49.6,33.0,Organic,Sprinkler,364.1
Maharashtra,Kharif,Clay,Maize,910.7,21.8,55.2,7.89,6.12,146.6,35.3,52.1,Potash,Rain-fed,4642.5
Haryana,Kharif,Black,Sugarcane,1605.6,36.1,74.4,7.95,13.24,142.8,29.1,21.9,Compost,Rain-fed,84387.9
Punjab,Zaid,Loamy,Maize,569.3,28.6,50.6,6.57,3.81,137.9,79.8,21.5,Potash,Flood,1791.3
Punjab,Kharif,Sandy,Cotton,800.1,35.2,74.9,6.66,18.23,24.2,13.2,34.1,Organic,Drip,384.9
Maharashtra,Rabi,Alluvial,Rice,1540.0,28.8,92.7,6.12,13.27,28.6,48.6,17.3,DAP,Flood,2148.3
West Bengal,Rabi,Black,Groundnut,862.4,33.9,41.5,6.29,14.35,65.9,66.6,26.5,Potash,Sprinkler,1638.0
Maharashtra,Rabi,Red,Rice,1274.9,34.4,68.1,5.98,7.76,54.2,13.2,10.1,Urea,Rain-fed,3041.8
West Bengal,Zaid,Loamy,Cotton,949.9,33.3,51.3,7.13,16.18,44.5,49.3,58.5,DAP,Sprinkler,732.0
West Bengal,Rabi,Sandy,Maize,1008.1,29.1,81.7,6.76,6.3,32.1,13.2,17.8,Potash,Sprinkler,2736.9
Madhya Pradesh,Rabi,Loamy,Soybean,853.0,23.9,44.0,7.21,11.39,149.5,45.6,34.2,Urea,Rain-fed,1231.3
Punjab,Zaid,Clay,Groundnut,690.9,23.4,67.8,8.25,12.75,39.3,69.9,57.3,Compost,Flood,1141.6
Punjab,Kharif,Clay,Cotton,639.4,37.1,94.0,7.85,18.0,50.4,38.8,60.1,Potash,Rain-fed,374.3
Haryana,Rabi,Black,Groundnut,825.0,30.4,41.4,7.53,18.68,110.2,78.3,77.4,Urea,Drip,1458.3
Andhra Pradesh,Zaid,Alluvial,Groundnut,568.0,24.4,67.9,6.45,19.83,133.1,72.8,68.5,NPK,Flood,1044.7
Uttar Pradesh,Zaid,Loamy,Wheat,268.3,12.6,76.8,7.65,11.83,22.8,61.7,77.1,NPK,Flood,5284.7
Karnataka,Zaid,Red,Barley,268.8,13.9,69.7,7.57,8.72,120.3,14.5,53.5,Organic,Sprinkler,1988.8
Punjab,Rabi,Red,Mustard,551.6,15.7,64.5,8.33,16.56,62.1,25.4,78.0,DAP,Sprinkler,1714.3
Andhra Pradesh,Rabi,Alluvial,Barley,524.2,17.5,78.7,6.03,9.55,38.3,57.5,62.3,Compost,Rain-fed,1853.2
Madhya Pradesh,Zaid,Black,Rice,1450.1,23.3,64.1,7.7,13.83,107.6,74.9,34.3,DAP,Drip,3129.0
Karnataka,Zaid,Clay,Maize,728.3,31.5,68.0,8.09,8.63,131.3,31.7,37.5,DAP,Drip,3956.1
Rajasthan,Zaid,Laterite,Barley,222.2,12.3,70.5,6.39,4.36,106.7,41.3,75.4,Potash,Sprinkler,3605.3
Rajasthan,Kharif,Red,Wheat,686.3,14.2,62.3,8.12,1.13,41.4,69.2,66.9,Organic,Rain-fed,3991.1
Punjab,Rabi,Black,Jowar,448.3,22.2,71.2,8.2,19.41,119.3,15.9,21.3,Organic,Flood,1879.2
Haryana,Rabi,Sandy,Cotton,1113.7,33.2,60.1,6.71,11.3,114.1,48.6,63.9,Potash,Drip,567.9
Maharashtra,Zaid,Clay,Barley,203.6,21.8,65.3,7.2,14.03,136.4,34.8,76.6,Urea,Flood,3358.4
Tamil Nadu,Rabi,Sandy,Sugarcane,2376.0,30.4,66.2,6.44,6.06,56.0,60.0,36.9,Organic,Sprinkler,114510.5
Andhra Pradesh,Kharif,Black,Wheat,352.5,19.6,89.7,6.33,8.71,70.4,44.4,30.7,Compost,Drip,5825.3
Tamil Nadu,Rabi,Clay,Sugarcane,2369.3,34.6,71.7,7.99,4.17,136.1,22.0,39.4,Potash,Rain-fed,104547.4
West Bengal,Zaid,Alluvial,Groundnut,671.8,29.4,41.5,5.69,14.81,65.1,24.6,41.2,Organic,Flood,944.8
Tamil Nadu,Kharif,Sandy,Barley,366.9,14.6,88.2,7.22,4.25,24.5,78.8,70.6,Compost,Rain-fed,2804.0
Uttar Pradesh,Rabi,Loamy,Rice,1990.7,28.9,67.4,8.33,9.16,109.5,71.0,12.4,DAP,Flood,3441.6
Maharashtra,Rabi,Red,Maize,658.2,27.2,70.5,7.5,18.64,61.7,23.9,69.8,Potash,Sprinkler,2560.9
Haryana,Zaid,Clay,Cotton,1011.4,22.7,93.1,8.42,1.26,36.8,70.0,49.1,NPK,Sprinkler,901.7
Madhya Pradesh,Zaid,Laterite,Maize,558.3,30.8,56.7,6.88,5.41,124.0,68.4,31.3,DAP,Flood,4259.1
Rajasthan,Zaid,Alluvial,Wheat,276.9,22.9,79.5,5.89,18.84,65.2,17.8,59.3,Compost,Flood,4614.8
Madhya Pradesh,Kharif,Laterite,Maize,563.6,25.2,80.6,6.45,9.94,49.9,27.7,75.8,Urea,Sprinkler,3264.6
West Bengal,Zaid,Clay,Maize,928.6,22.0,94.7,6.7,12.95,75.0,64.2,78.0,Organic,Flood,3577.5
Karnataka,Kharif,Laterite,Groundnut,854.4,33.5,65.1,6.73,11.32,26.8,75.7,23.1,Potash,Drip,1365.8
Tamil Nadu,Zaid,Alluvial,Barley,654.5,10.8,53.6,6.43,17.77,62.4,19.3,44.2,Organic,Flood,3678.2
Rajasthan,Rabi,Red,Cotton,523.5,29.7,88.1,7.87,13.64,74.3,49.2,11.5,Potash,Flood,821.1
Rajasthan,Kharif,Black,Mustard,417.3,18.1,77.9,7.04,9.78,103.7,52.9,60.3,NPK,Rain-fed,1915.1
West Bengal,Kharif,Alluvial,Sugarcane,1002.1,31.8,79.8,6.65,6.72,52.5,52.6,58.1,NPK,Flood,99882.0
West Bengal,Kharif,Sandy,Wheat,377.2,11.0,49.0,5.58,2.25,146.4,49.1,36.1,Urea,Sprinkler,4624.0
Tamil Nadu,Rabi,Black,Rice,1834.5,33.0,49.9,7.22,19.68,83.8,12.8,63.4,DAP,Flood,2588.9
Punjab,Kharif,Loamy,Jowar,583.6,28.4,52.5,5.89,18.95,116.4,45.0,43.2,Organic,Rain-fed,909.4
Maharashtra,Rabi,Red,Barley,447.1,21.1,46.7,6.07,4.62,137.8,72.9,17.2,NPK,Flood,2145.2
Tamil Nadu,Rabi,Laterite,Sugarcane,1332.5,27.1,62.9,6.16,14.55,33.0,74.8,49.1,Compost,Sprinkler,72938.9
West Bengal,Rabi,Loamy,Soybean,1145.7,28.3,76.1,7.86,11.22,142.0,54.7,35.5,Organic,Drip,1777.3
Haryana,Zaid,Black,Mustard,252.3,14.6,82.0,6.45,3.34,29.9,16.7,44.6,DAP,Sprinkler,1967.1
Tamil Nadu,Zaid,Loamy,Jowar,594.1,23.1,61.4,7.09,17.93,51.2,28.4,33.7,NPK,Rain-fed,1058.8
Andhra Pradesh,Rabi,Red,Cotton,1053.5,33.2,54.1,6.39,15.49,112.2,15.9,61.9,Urea,Drip,832.0
Haryana,Rabi,Clay,Cotton,1195.6,24.0,90.0,7.93,17.95,145.6,43.1,65.9,Urea,Rain-fed,378.4
West Bengal,Zaid,Laterite,Sugarcane,1648.1,31.4,65.5,6.77,17.07,53.7,44.2,55.7,Compost,Sprinkler,59748.4
Uttar Pradesh,Rabi,Laterite,Sugarcane,1898.5,27.4,89.0,5.52,16.43,149.1,37.7,53.7,Potash,Drip,124648.7
Uttar Pradesh,Zaid,Red,Barley,577.2,11.1,55.3,5.98,8.81,36.3,19.5,67.6,Organic,Sprinkler,3688.7
Maharashtra,Kharif,Alluvial,Barley,248.1,12.0,55.6,7.03,10.46,117.9,74.0,68.3,NPK,Flood,2492.5
Andhra Pradesh,Zaid,Black,Mustard,467.9,21.2,68.5,7.46,10.79,46.1,73.5,28.5,Organic,Drip,1165.0
Rajasthan,Rabi,Sandy,Soybean,992.8,21.0,48.1,6.87,1.25,77.2,27.7,57.8,Potash,Sprinkler,2210.7
Rajasthan,Rabi,Clay,Cotton,887.1,33.1,46.8,6.26,16.37,129.0,46.1,36.4,Organic,Rain-fed,967.0
Uttar Pradesh,Kharif,Alluvial,Soybean,718.9,20.5,81.1,7.91,14.86,78.1,22.1,13.3,Organic,Drip,1377.3
Tamil Nadu,Zaid,Sandy,Wheat,563.0,15.8,72.5,6.57,17.94,60.3,71.1,33.6,DAP,Sprinkler,4834.1
Tamil Nadu,Rabi,Sandy,Sugarcane,1418.3,25.3,90.5,5.73,8.83,130.6,59.2,16.1,Potash,Drip,63272.3
Madhya Pradesh,Kharif,Sandy,Mustard,482.9,11.1,60.0,7.02,7.54,146.7,50.9,41.2,Potash,Drip,1218.3
Andhra Pradesh,Rabi,Red,Sugarcane,1780.6,26.9,80.9,7.78,13.19,99.1,12.8,63.3,DAP,Sprinkler,64880.3
Haryana,Zaid,Clay,Maize,1089.9,21.6,60.8,5.53,6.03,33.4,15.4,51.5,Compost,Drip,2844.6
West Bengal,Rabi,Black,Cotton,1141.0,30.0,67.7,6.31,12.17,139.1,37.2,51.7,DAP,Drip,772.2
Punjab,Kharif,Black,Maize,1186.6,31.0,82.5,6.3,4.57,22.5,77.6,20.4,Compost,Flood,5469.7
Karnataka,Rabi,Black,Maize,878.1,24.9,40.9,5.69,2.44,125.9,72.2,27.1,NPK,Drip,4761.6
Rajasthan,Rabi,Loamy,Soybean,956.4,28.6,47.4,5.58,3.48,29.6,23.3,33.6,Urea,Sprinkler,1055.2
Tamil Nadu,Rabi,Loamy,Rice,1119.5,22.3,76.1,5.94,16.9,135.9,41.5,48.5,DAP,Sprinkler,5018.7
Andhra Pradesh,Kharif,Alluvial,Wheat,732.1,14.5,49.9,6.54,18.66,102.2,51.5,18.5,DAP,Drip,3843.6
Rajasthan,Rabi,Black,Mustard,258.7,23.6,81.1,6.34,0.89,144.4,37.4,39.4,Urea,Drip,2293.2
Madhya Pradesh,Rabi,Alluvial,Maize,867.7,27.8,78.5,7.71,6.16,114.2,11.1,30.3,DAP,Flood,4829.7
Andhra Pradesh,Zaid,Alluvial,Sugarcane,1280.4,31.6,81.2,5.71,9.61,38.3,18.8,41.7,Compost,Sprinkler,86204.8
Madhya Pradesh,Kharif,Black,Cotton,971.6,33.7,51.9,6.98,15.24,57.1,27.4,63.1,Compost,Drip,426.9
Maharashtra,Rabi,Loamy,Soybean,1012.1,25.7,70.9,6.17,10.45,96.8,14.2,78.1,Compost,Sprinkler,1721.0
Madhya Pradesh,Zaid,Black,Mustard,455.8,22.2,81.6,8.0,17.67,131.9,11.1,17.5,NPK,Sprinkler,870.0
Rajasthan,Kharif,Alluvial,Rice,1265.8,34.3,49.4,6.56,15.6,107.5,67.1,75.3,Potash,Flood,5121.4
Karnataka,Zaid,Alluvial,Barley,493.2,9.1,93.8,6.6,9.43,50.3,75.1,70.7,Potash,Flood,1621.9
Punjab,Rabi,Red,Cotton,1069.3,23.6,52.8,7.13,4.83,119.7,66.8,66.9,Urea,Rain-fed,714.7
Madhya Pradesh,Rabi,Sandy,Cotton,686.5,28.5,42.8,8.38,5.9,70.5,18.3,15.6,Potash,Flood,412.0
Uttar Pradesh,Rabi,Clay,Rice,1351.8,32.9,68.7,7.12,10.6,20.2,16.8,17.1,DAP,Drip,4870.7
Rajasthan,Rabi,Red,Sugarcane,2342.1,37.0,86.1,8.15,9.59,143.2,71.8,27.1,Potash,Flood,62033.1
Rajasthan,Kharif,Red,Groundnut,656.6,28.0,69.4,8.37,6.34,123.9,29.4,68.2,Potash,Rain-fed,978.5
Punjab,Zaid,Laterite,Mustard,531.3,16.6,51.5,8.35,1.69,59.6,45.0,39.6,NPK,Drip,1034.7
West Bengal,Rabi,Red,Groundnut,653.1,29.5,71.3,8.18,12.91,106.8,41.5,58.3,Urea,Drip,1033.1
Uttar Pradesh,Zaid,Clay,Rice,1975.8,31.2,40.7,6.15,1.77,118.3,67.0,10.3,Compost,Rain-fed,3429.7
West Bengal,Zaid,Black,Soybean,673.3,24.3,50.2,6.11,5.15,71.4,55.8,40.7,Potash,Drip,2631.7
West Bengal,Kharif,Black,Cotton,1154.2,33.4,48.2,5.57,12.75,148.3,72.1,38.8,Potash,Flood,527.0
Punjab,Zaid,Alluvial,Wheat,316.1,11.6,84.5,7.86,9.44,84.0,72.9,23.3,Potash,Sprinkler,5311.3
Maharashtra,Rabi,Black,Maize,996.9,27.5,63.3,6.06,7.6,123.0,16.4,13.9,DAP,Flood,6239.1
Punjab,Rabi,Alluvial,Sugarcane,1033.1,24.6,44.2,6.89,19.79,145.1,64.6,71.2,NPK,Flood,109203.5
Haryana,Zaid,Black,Mustard,268.9,21.5,77.0,6.41,1.19,96.2,30.9,20.4,Urea,Flood,1903.8
Maharashtra,Zaid,Red,Rice,1216.7,31.6,40.6,7.79,2.58,98.7,78.8,27.0,Potash,Rain-fed,4144.9
Rajasthan,Zaid,Loamy,Rice,1372.8,22.8,41.6,5.62,12.45,76.9,48.8,66.0,Potash,Sprinkler,4049.2
Andhra Pradesh,Zaid,Sandy,Maize,881.4,19.2,50.9,8.35,11.0,32.9,36.6,63.9,Organic,Sprinkler,4587.6
Andhra Pradesh,Zaid,Black,Maize,838.0,20.6,41.2,8.08,18.43,113.5,40.9,55.9,DAP,Flood,3306.2
West Bengal,Zaid,Black,Jowar,509.2,27.2,49.3,5.93,10.32,42.2,70.2,47.2,Urea,Sprinkler,1364.0
Andhra Pradesh,Rabi,Sandy,Sugarcane,1171.5,34.4,43.4,8.06,19.86,60.6,73.4,51.0,Organic,Drip,77094.9
Tamil Nadu,Kharif,Laterite,Wheat,652.6,12.0,70.9,5.54,8.53,72.7,12.8,68.5,NPK,Drip,3003.2
West Bengal,Rabi,Loamy,Mustard,274.7,15.0,44.0,7.65,8.12,77.9,34.2,41.6,DAP,Flood,1760.4
Punjab,Zaid,Red,Mustard,562.7,23.4,57.7,8.03,4.02,69.2,70.1,25.5,Compost,Sprinkler,901.3
Andhra Pradesh,Kharif,Loamy,Mustard,582.5,16.1,57.0,6.62,9.65,86.9,50.8,42.6,Organic,Sprinkler,1653.0
Punjab,Rabi,Alluvial,Rice,966.0,28.3,52.6,7.44,7.03,105.0,29.5,43.1,Organic,Drip,5937.7
Andhra Pradesh,Zaid,Loamy,Wheat,426.8,17.3,56.9,5.88,15.34,94.2,41.0,48.6,Potash,Sprinkler,2288.5
West Bengal,Rabi,Alluvial,Mustard,224.8,16.6,59.1,7.54,5.63,70.3,63.6,71.9,Urea,Sprinkler,1425.0
Haryana,Rabi,Alluvial,Soybean,686.0,21.7,66.5,5.63,9.52,121.3,34.8,78.8,DAP,Drip,1325.1
Uttar Pradesh,Zaid,Clay,Cotton,914.9,36.9,85.9,8.31,19.79,148.8,20.9,27.7,Organic,Rain-fed,374.4
Andhra Pradesh,Rabi,Clay,Rice,1744.7,33.1,68.3,7.63,8.12,108.0,58.8,47.5,Compost,Flood,4477.9
Uttar Pradesh,Kharif,Red,Mustard,559.3,14.4,57.9,5.67,16.75,104.9,32.0,23.4,NPK,Rain-fed,1574.6
Karnataka,Zaid,Sandy,Mustard,477.6,18.4,62.5,7.6,12.96,54.8,36.3,71.8,Organic,Sprinkler,1929.5
Karnataka,Kharif,Loamy,Sugarcane,1327.7,31.6,86.0,7.53,13.85,148.0,68.9,65.2,Potash,Flood,83788.2
Punjab,Rabi,Red,Groundnut,468.6,29.5,87.2,6.1,17.58,101.5,15.7,71.6,Potash,Rain-fed,1000.5
Rajasthan,Kharif,Black,Rice,1859.8,28.8,56.9,7.18,18.69,119.0,76.8,36.0,NPK,Sprinkler,5123.9
Tamil Nadu,Rabi,Clay,Maize,774.5,29.8,47.2,6.65,4.47,21.6,47.9,50.2,DAP,Rain-fed,7716.4
West Bengal,Kharif,Loamy,Rice,1339.0,32.5,74.4,8.46,9.05,144.4,65.5,37.9,Urea,Rain-fed,5301.0
Maharashtra,Rabi,Sandy,Jowar,523.3,29.9,48.4,5.82,10.93,33.9,77.5,50.1,DAP,Drip,1317.8
Punjab,Kharif,Black,Groundnut,494.1,23.4,72.7,7.92,8.83,76.4,42.0,48.6,Potash,Flood,948.9
West Bengal,Zaid,Alluvial,Mustard,437.4,15.7,64.2,7.82,10.57,84.7,29.2,57.4,DAP,Drip,803.2
Haryana,Rabi,Clay,Maize,747.2,24.4,52.4,7.11,18.91,147.1,68.1,56.1,Potash,Sprinkler,5656.2
Tamil Nadu,Kharif,Red,Cotton,1101.2,36.3,61.2,5.9,8.02,135.7,46.7,47.6,Potash,Sprinkler,554.9
Tamil Nadu,Zaid,Laterite,Cotton,971.7,25.4,93.6,6.67,18.24,125.2,75.8,19.8,Urea,Drip,407.8
Andhra Pradesh,Rabi,Sandy,Rice,1219.3,32.8,66.7,7.0,5.16,137.8,30.6,62.7,Organic,Flood,2938.6
Rajasthan,Rabi,Laterite,Sugarcane,1417.9,29.5,89.0,6.39,18.66,107.1,28.8,38.7,DAP,Sprinkler,113005.7
West Bengal,Zaid,Red,Jowar,742.3,29.3,59.8,6.19,11.8,122.3,35.5,79.2,DAP,Drip,2505.5
Uttar Pradesh,Rabi,Loamy,Maize,992.2,23.0,75.5,6.13,8.64,47.7,37.3,32.3,Potash,Flood,2362.3
Punjab,Zaid,Black,Jowar,739.2,22.6,57.4,7.79,0.93,52.5,18.0,71.9,Urea,Drip,1293.7
Madhya Pradesh,Kharif,Alluvial,Jowar,711.7,22.4,71.9,6.9,8.69,132.9,29.5,24.3,DAP,Rain-fed,1614.6
Rajasthan,Rabi,Red,Mustard,237.1,21.1,48.8,5.52,8.75,40.9,15.4,24.4,Potash,Rain-fed,1613.2
Maharashtra,Rabi,Loamy,Cotton,694.1,30.8,69.9,7.72,12.3,35.4,64.7,35.5,DAP,Rain-fed,898.0
West Bengal,Zaid,Clay,Mustard,435.6,18.1,68.1,6.3,18.75,36.6,40.3,18.9,Compost,Sprinkler,1284.2
Tamil Nadu,Zaid,Sandy,Maize,1160.5,28.8,59.6,6.22,4.84,64.9,19.6,79.9,Urea,Rain-fed,1966.8
Madhya Pradesh,Zaid,Laterite,Sugarcane,1678.1,28.2,77.0,6.77,17.51,128.7,52.6,37.2,Organic,Flood,91495.0
Uttar Pradesh,Kharif,Clay,Mustard,353.9,20.9,76.9,8.03,5.38,114.8,34.3,72.1,Urea,Drip,1709.2
Karnataka,Rabi,Loamy,Sugarcane,1541.5,26.0,58.9,8.47,7.8,78.9,65.5,63.8,Urea,Flood,89575.4
Rajasthan,Rabi,Red,Rice,1734.1,30.5,77.6,6.25,10.24,93.1,15.8,23.0,Organic,Rain-fed,2686.2
Tamil Nadu,Kharif,Alluvial,Maize,679.6,27.4,43.7,6.01,19.7,132.8,69.4,45.8,Potash,Flood,5314.1
Haryana,Rabi,Black,Mustard,532.8,11.2,69.9,6.44,5.79,50.1,74.1,38.4,Potash,Rain-fed,1578.7
West Bengal,Kharif,Loamy,Cotton,978.1,36.5,66.0,8.11,8.59,22.6,21.1,54.9,DAP,Flood,783.0
Karnataka,Zaid,Loamy,Rice,1628.8,32.0,69.7,5.66,14.98,38.2,57.0,26.5,DAP,Rain-fed,3502.6
Tamil Nadu,Rabi,Sandy,Rice,1021.0,26.7,84.1,7.76,14.07,67.5,36.3,45.2,Urea,Drip,2235.0
Madhya Pradesh,Kharif,Black,Jowar,613.8,22.6,88.6,7.22,17.42,140.6,24.8,48.8,Potash,Rain-fed,1193.1
Uttar Pradesh,Rabi,Clay,Maize,916.8,22.8,65.1,6.7,12.06,144.2,70.0,69.1,NPK,Rain-fed,2360.6
Karnataka,Kharif,Laterite,Jowar,829.7,22.9,48.1,7.8,15.01,21.1,25.2,67.9,NPK,Rain-fed,2152.9
Rajasthan,Rabi,Sandy,Jowar,365.8,26.1,46.1,6.82,7.4,103.2,42.8,70.1,Urea,Rain-fed,1423.9
Haryana,Rabi,Loamy,Sugarcane,1605.5,28.4,46.3,5.86,18.49,149.9,59.7,63.3,NPK,Rain-fed,126572.0
Rajasthan,Zaid,Alluvial,Sugarcane,2057.2,35.9,67.7,7.54,5.33,53.5,33.3,40.9,Urea,Flood,85292.4
Maharashtra,Zaid,Red,Wheat,487.7,20.5,72.0,7.86,3.8,117.4,31.4,76.6,Potash,Rain-fed,3826.5
Uttar Pradesh,Zaid,Alluvial,Sugarcane,1785.5,25.1,68.3,5.53,13.63,47.8,48.6,78.5,Organic,Sprinkler,52477.9
Maharashtra,Zaid,Sandy,Barley,389.4,19.5,69.9,7.41,10.68,49.7,21.0,53.1,NPK,Flood,4338.5
Maharashtra,Zaid,Sandy,Maize,593.8,19.2,88.3,6.35,16.22,45.0,28.5,68.4,DAP,Flood,5058.2
Andhra Pradesh,Kharif,Loamy,Jowar,303.6,22.6,70.0,6.77,10.74,80.3,17.2,42.0,Organic,Rain-fed,1504.9
Uttar Pradesh,Rabi,Sandy,Barley,596.5,21.8,83.2,8.24,14.4,125.3,76.7,35.4,Organic,Rain-fed,1958.8
Haryana,Kharif,Black,Rice,1571.7,34.6,71.1,5.89,10.23,129.0,75.6,32.2,Potash,Rain-fed,2094.8
Rajasthan,Zaid,Loamy,Soybean,1043.0,28.0,92.5,8.25,5.05,72.9,55.5,34.9,Compost,Drip,2802.6
Karnataka,Kharif,Sandy,Jowar,352.3,31.6,94.9,6.55,16.74,109.9,32.8,65.0,Potash,Drip,2800.9
Maharashtra,Kharif,Alluvial,Sugarcane,1938.2,29.5,94.1,8.13,3.63,65.3,40.4,33.5,Potash,Drip,75348.1
Madhya Pradesh,Kharif,Red,Jowar,402.8,32.9,61.0,6.72,9.96,68.1,24.9,71.9,Urea,Rain-fed,2615.6
Haryana,Kharif,Black,Groundnut,673.2,26.8,91.5,7.26,14.13,128.5,12.3,28.8,Compost,Sprinkler,1781.1
Tamil Nadu,Zaid,Black,Soybean,618.8,21.5,61.7,7.19,4.94,21.6,44.2,55.1,DAP,Flood,2749.2
Rajasthan,Kharif,Clay,Soybean,919.2,22.1,57.6,8.16,1.46,30.7,69.0,10.7,Urea,Flood,2364.5
Tamil Nadu,Zaid,Loamy,Barley,273.8,14.6,75.4,6.69,8.76,48.3,58.5,59.5,DAP,Flood,4313.7
Andhra Pradesh,Kharif,Red,Barley,670.9,17.2,74.8,7.07,6.73,139.6,39.9,35.6,DAP,Sprinkler,4583.1
Rajasthan,Zaid,Loamy,Groundnut,458.5,29.0,91.3,6.25,14.81,61.3,31.7,62.4,DAP,Flood,2011.6
Uttar Pradesh,Zaid,Red,Sugarcane,1833.8,24.3,42.4,6.7,3.04,109.2,25.1,59.7,DAP,Sprinkler,144072.9
Punjab,Kharif,Loamy,Mustard,465.6,22.8,93.9,7.29,14.63,27.8,65.8,12.4,Urea,Rain-fed,1790.8
Andhra Pradesh,Kharif,Loamy,Barley,435.2,17.7,65.2,6.52,9.62,77.0,35.1,49.6,Organic,Flood,2199.6
Rajasthan,Kharif,Alluvial,Soybean,1136.6,22.3,70.1,6.01,16.44,122.6,62.5,78.0,Potash,Flood,1592.1
Tamil Nadu,Rabi,Laterite,Rice,1714.9,32.9,44.2,7.46,10.77,134.7,34.0,37.1,Urea,Sprinkler,3965.5
West Bengal,Rabi,Black,Wheat,557.0,20.1,50.0,6.49,11.0,84.8,23.3,48.7,NPK,Flood,3880.4
Tamil Nadu,Kharif,Sandy,Groundnut,629.9,24.7,87.1,8.38,13.92,142.0,56.4,69.1,NPK,Flood,2334.6
Madhya Pradesh,Zaid,Clay,Barley,633.5,9.5,79.8,6.9,2.19,125.9,30.3,79.4,DAP,Drip,4096.5
Punjab,Kharif,Red,Mustard,345.6,21.9,83.9,7.63,10.79,31.4,55.9,73.8,Compost,Sprinkler,839.8
Rajasthan,Rabi,Loamy,Cotton,882.7,36.7,78.4,7.29,10.03,107.2,55.1,27.1,NPK,Drip,405.0
Uttar Pradesh,Zaid,Alluvial,Mustard,267.4,15.5,43.4,6.55,16.19,136.6,74.4,73.5,Organic,Drip,1652.2
Uttar Pradesh,Kharif,Laterite,Barley,333.6,11.3,92.5,7.71,14.82,45.5,21.7,50.3,Organic,Flood,2576.8
Rajasthan,Kharif,Black,Barley,224.8,15.0,61.9,6.12,11.24,57.6,24.6,37.8,Compost,Flood,1873.6
Haryana,Zaid,Alluvial,Maize,766.3,18.1,56.0,5.89,16.94,80.1,66.3,17.9,NPK,Sprinkler,2109.7
Madhya Pradesh,Zaid,Clay,Wheat,355.0,21.0,70.4,7.19,14.85,65.9,71.0,31.6,DAP,Sprinkler,4013.7
Tamil Nadu,Kharif,Red,Cotton,1148.8,29.8,73.5,8.13,17.73,134.6,17.9,44.1,Organic,Rain-fed,399.9
Karnataka,Zaid,Alluvial,Cotton,943.4,24.6,65.3,6.79,18.0,52.4,75.7,66.6,DAP,Flood,925.4
Haryana,Rabi,Clay,Maize,526.1,28.8,53.9,6.69,19.67,68.9,31.1,17.7,Organic,Drip,4208.6
Haryana,Kharif,Clay,Wheat,473.7,22.2,74.0,5.67,12.52,45.7,67.4,73.8,NPK,Drip,5972.7
Andhra Pradesh,Rabi,Red,Wheat,682.2,10.0,81.9,7.87,18.64,137.5,22.4,57.8,Urea,Rain-fed,3707.9
Andhra Pradesh,Zaid,Black,Soybean,774.6,25.9,40.7,7.0,14.1,23.7,24.8,40.3,Urea,Sprinkler,1675.3
Maharashtra,Kharif,Sandy,Mustard,231.2,23.2,75.9,6.01,18.66,111.9,26.3,71.7,NPK,Sprinkler,1544.2
West Bengal,Rabi,Red,Barley,335.5,18.6,50.1,6.58,7.98,98.0,50.0,12.7,DAP,Drip,4181.0
Tamil Nadu,Kharif,Clay,Jowar,624.0,31.2,43.3,5.79,1.24,127.4,31.9,36.9,Urea,Rain-fed,2517.4
Uttar Pradesh,Rabi,Red,Maize,1190.0,27.2,40.9,5.82,6.21,110.8,72.7,41.4,Urea,Rain-fed,4606.6
Madhya Pradesh,Zaid,Alluvial,Soybean,822.7,21.0,90.1,6.54,2.49,93.1,76.0,45.9,Potash,Rain-fed,1183.0
Madhya Pradesh,Zaid,Clay,Wheat,376.4,15.5,83.4,6.52,5.49,57.1,75.5,58.4,DAP,Flood,3295.4
Rajasthan,Kharif,Alluvial,Maize,671.3,27.1,71.3,6.85,8.98,38.3,67.5,72.0,Compost,Flood,2860.1
Punjab,Kharif,Laterite,Sugarcane,1080.1,32.5,77.4,7.64,18.74,45.0,14.8,70.8,NPK,Sprinkler,114799.9
Andhra Pradesh,Kharif,Clay,Cotton,708.4,31.0,49.3,8.09,10.21,109.5,72.4,54.3,Organic,Rain-fed,537.7
Tamil Nadu,Kharif,Laterite,Groundnut,870.7,34.5,57.8,6.6,1.39,113.9,64.1,20.5,NPK,Flood,1898.9
Uttar Pradesh,Rabi,Black,Groundnut,526.1,27.6,86.8,6.88,0.97,31.0,79.0,51.2,NPK,Drip,1463.4
Karnataka,Kharif,Black,Cotton,627.6,37.6,88.1,6.53,6.85,104.7,47.4,42.2,Compost,Sprinkler,931.3
Haryana,Zaid,Alluvial,Rice,1098.5,31.8,47.3,5.99,7.19,97.0,44.0,61.7,NPK,Sprinkler,4592.8
Rajasthan,Rabi,Alluvial,Wheat,590.1,22.5,60.3,7.38,10.06,27.2,53.8,27.3,Organic,Rain-fed,2988.1
Uttar Pradesh,Rabi,Loamy,Sugarcane,2184.5,25.5,54.5,7.23,16.53,135.7,75.0,26.7,Urea,Sprinkler,86105.2
Karnataka,Kharif,Red,Sugarcane,1431.6,37.8,60.2,5.62,6.87,23.3,38.4,12.2,DAP,Sprinkler,79843.7
Uttar Pradesh,Rabi,Sandy,Maize,1019.6,27.6,55.5,6.13,3.16,141.6,74.5,13.5,Compost,Sprinkler,2423.5
Haryana,Rabi,Red,Sugarcane,1421.8,26.9,81.8,6.95,10.99,92.2,65.4,50.2,Potash,Drip,74594.5
Andhra Pradesh,Rabi,Red,Groundnut,532.4,26.4,72.1,6.66,1.17,139.5,30.5,32.6,Potash,Flood,1025.1
Karnataka,Kharif,Sandy,Soybean,695.5,26.6,92.6,7.74,11.56,48.7,60.1,46.5,Compost,Flood,1771.3
Uttar Pradesh,Kharif,Alluvial,Jowar,364.0,30.2,81.0,8.21,0.59,114.3,47.1,25.0,Potash,Flood,1086.2
Madhya Pradesh,Rabi,Red,Soybean,794.7,28.6,56.0,6.87,8.54,128.2,53.5,12.6,Urea,Drip,2631.7
Haryana,Rabi,Black,Mustard,376.5,21.3,75.9,5.99,5.49,47.3,70.6,39.2,Compost,Sprinkler,1600.9
Andhra Pradesh,Rabi,Black,Rice,1804.7,34.6,61.5,5.83,17.96,115.7,12.6,28.2,Potash,Sprinkler,4199.6
Punjab,Kharif,Black,Wheat,628.8,17.4,79.9,5.57,3.9,66.9,67.4,36.3,NPK,Sprinkler,5343.0
Haryana,Zaid,Alluvial,Jowar,468.9,22.7,91.4,6.27,12.42,48.2,15.9,53.4,NPK,Rain-fed,2701.3
Maharashtra,Kharif,Black,Mustard,230.6,20.9,46.9,5.93,17.87,57.6,20.1,43.8,Organic,Rain-fed,1458.1
West Bengal,Rabi,Clay,Wheat,723.1,13.9,61.6,8.14,19.61,70.8,43.0,69.7,Organic,Flood,4484.4
West Bengal,Rabi,Loamy,Rice,1085.3,30.6,83.9,5.64,3.59,49.9,33.7,79.9,Potash,Sprinkler,4524.4
Madhya Pradesh,Kharif,Alluvial,Cotton,1150.3,26.0,40.8,8.22,4.92,135.5,36.6,73.6,Potash,Rain-fed,597.8
Rajasthan,Zaid,Red,Mustard,589.6,16.3,75.2,8.33,2.69,45.0,72.6,77.5,Organic,Sprinkler,1328.3
Andhra Pradesh,Rabi,Alluvial,Soybean,1109.8,29.8,93.7,7.17,11.53,96.0,40.8,31.2,DAP,Rain-fed,1046.7
Rajasthan,Rabi,Clay,Cotton,921.2,31.7,85.2,7.41,4.97,124.2,47.7,31.0,Compost,Sprinkler,491.5
Karnataka,Rabi,Loamy,Soybean,1165.5,30.0,53.7,6.04,9.51,122.9,71.9,58.0,DAP,Rain-fed,1473.3
Tamil Nadu,Zaid,Alluvial,Barley,522.8,15.8,74.5,8.48,10.98,27.3,54.2,63.5,Organic,Drip,3615.1
Madhya Pradesh,Zaid,Laterite,Groundnut,534.3,23.7,44.2,8.31,6.14,64.0,77.7,17.1,Potash,Sprinkler,1495.8
Madhya Pradesh,Zaid,Loamy,Groundnut,465.5,32.0,78.4,7.35,11.71,76.2,34.0,76.7,Urea,Rain-fed,1224.5
Andhra Pradesh,Zaid,Black,Jowar,350.1,32.7,73.5,6.5,16.62,41.4,59.4,54.7,Urea,Rain-fed,2430.0
Punjab,Zaid,Laterite,Sugarcane,1813.9,30.2,78.0,5.64,7.11,32.6,26.5,13.6,Compost,Drip,128627.6
Uttar Pradesh,Zaid,Alluvial,Barley,362.3,12.5,64.2,7.86,18.51,44.3,64.8,76.9,Urea,Rain-fed,2784.1
Andhra Pradesh,Rabi,Red,Soybean,807.8,25.7,49.4,6.14,10.87,100.1,73.5,60.1,Compost,Drip,2556.8
Rajasthan,Rabi,Alluvial,Soybean,708.5,26.5,83.7,7.62,3.14,115.7,63.9,26.2,DAP,Sprinkler,2615.7
Maharashtra,Zaid,Black,Barley,528.1,13.8,58.7,7.4,12.03,39.4,35.8,39.1,Compost,Sprinkler,3159.4
West Bengal,Kharif,Sandy,Maize,670.6,20.7,42.3,6.99,0.75,123.6,23.4,30.1,Potash,Rain-fed,6941.4
Haryana,Zaid,Alluvial,Cotton,1104.9,33.3,75.0,7.74,18.59,146.1,34.1,34.5,Urea,Flood,638.6
West Bengal,Zaid,Clay,Mustard,266.8,10.2,59.0,7.07,7.52,93.1,18.7,15.6,Potash,Rain-fed,1798.8
Andhra Pradesh,Rabi,Clay,Cotton,784.8,26.3,59.9,6.28,17.22,143.0,36.4,71.0,DAP,Sprinkler,638.9
Rajasthan,Kharif,Red,Maize,539.7,26.2,63.1,5.76,4.44,82.6,47.0,76.4,Urea,Flood,1888.5
Maharashtra,Zaid,Laterite,Mustard,549.3,12.9,59.0,5.55,5.4,81.8,21.4,18.6,Compost,Drip,2411.8
Maharashtra,Rabi,Loamy,Sugarcane,2362.9,29.7,63.7,6.86,17.65,67.4,28.6,51.3,NPK,Rain-fed,65914.9
Andhra Pradesh,Kharif,Sandy,Wheat,639.3,17.9,92.6,7.79,8.4,51.9,60.0,46.5,Compost,Drip,4815.8
Madhya Pradesh,Kharif,Alluvial,Maize,544.8,25.5,83.1,8.01,9.36,89.4,75.7,60.8,Organic,Rain-fed,5465.4
Tamil Nadu,Kharif,Alluvial,Groundnut,527.4,24.2,43.8,6.84,3.7,126.6,36.9,52.7,NPK,Rain-fed,1778.2
Maharashtra,Rabi,Black,Sugarcane,1112.2,37.8,53.5,7.52,1.34,42.1,58.8,25.7,NPK,Rain-fed,58152.9
West Bengal,Zaid,Clay,Maize,1071.5,28.5,55.7,6.63,16.4,30.7,33.0,39.7,Potash,Flood,4330.4
Maharashtra,Rabi,Laterite,Jowar,512.4,31.4,60.9,7.71,3.43,47.6,15.2,53.2,NPK,Rain-fed,2708.3
West Bengal,Rabi,Alluvial,Jowar,559.6,26.4,67.1,6.6,9.68,79.9,14.4,73.4,Compost,Rain-fed,1655.4
Punjab,Rabi,Laterite,Wheat,536.2,11.0,64.2,7.38,10.06,91.1,43.7,74.7,NPK,Flood,5261.4
Andhra Pradesh,Rabi,Loamy,Groundnut,603.5,35.5,46.0,8.38,15.13,61.1,21.3,38.7,Organic,Drip,2273.8
Andhra Pradesh,Kharif,Clay,Groundnut,591.3,30.6,64.8,7.78,11.15,87.2,79.4,13.8,Compost,Rain-fed,1547.5
West Bengal,Kharif,Black,Sugarcane,2376.2,34.2,40.1,7.03,4.27,33.6,10.1,41.6,Organic,Flood,62765.2
Haryana,Kharif,Red,Wheat,512.0,18.5,57.9,6.05,17.97,33.7,78.7,61.2,Compost,Drip,5750.2
Andhra Pradesh,Kharif,Sandy,Soybean,1097.5,20.1,60.6,8.05,3.68,25.6,35.5,36.6,Urea,Flood,2205.0
Maharashtra,Zaid,Red,Sugarcane,1980.1,31.3,94.3,7.62,6.17,25.8,24.3,26.3,Urea,Flood,81304.6
West Bengal,Rabi,Clay,Groundnut,899.3,24.8,65.8,6.74,11.77,65.9,25.0,50.0,NPK,Sprinkler,2217.5
Uttar Pradesh,Zaid,Clay,Cotton,678.4,34.5,89.7,6.95,11.69,115.3,49.7,29.0,Urea,Rain-fed,421.6
Punjab,Kharif,Loamy,Maize,1167.6,23.8,44.2,6.55,16.54,57.7,69.2,44.5,Urea,Rain-fed,4636.4
Punjab,Zaid,Sandy,Barley,630.5,11.0,91.8,7.21,10.28,100.1,21.9,58.0,Organic,Sprinkler,2828.4
West Bengal,Zaid,Loamy,Maize,602.0,30.2,68.7,7.36,8.19,80.9,57.6,53.5,DAP,Flood,5554.3
Andhra Pradesh,Rabi,Clay,Rice,1723.7,30.0,58.8,5.59,8.2,101.4,15.9,71.9,Urea,Rain-fed,2552.7
Haryana,Rabi,Alluvial,Cotton,1010.5,27.9,57.4,7.85,3.92,39.5,14.1,71.1,NPK,Sprinkler,509.4
Punjab,Rabi,Sandy,Barley,227.8,10.1,73.5,7.67,7.79,85.3,23.7,61.1,DAP,Sprinkler,3529.6
Uttar Pradesh,Kharif,Loamy,Barley,663.5,11.7,78.1,8.04,7.45,139.8,22.8,66.2,DAP,Drip,3548.1
Andhra Pradesh,Zaid,Laterite,Wheat,502.8,15.3,52.6,6.05,15.67,123.1,40.0,79.7,DAP,Flood,3016.8
Andhra Pradesh,Rabi,Sandy,Jowar,366.7,32.3,73.7,6.08,9.73,51.6,78.1,20.6,Organic,Flood,2265.9
Andhra Pradesh,Zaid,Alluvial,Soybean,1153.3,21.8,81.5,6.47,15.86,95.1,35.8,24.4,DAP,Drip,2603.8
Karnataka,Rabi,Alluvial,Cotton,780.2,27.8,67.4,6.98,11.97,91.3,70.0,46.0,Organic,Drip,822.7
Karnataka,Rabi,Sandy,Mustard,482.3,14.7,55.8,5.73,6.55,96.0,14.7,55.6,Compost,Sprinkler,1419.6
Maharashtra,Kharif,Loamy,Rice,1091.5,29.2,85.8,7.77,10.61,72.9,47.1,45.5,Urea,Drip,4732.7
West Bengal,Rabi,Laterite,Rice,1127.1,28.9,92.3,6.79,2.03,120.5,14.7,73.5,Potash,Rain-fed,3008.9
Tamil Nadu,Zaid,Clay,Soybean,1033.4,21.3,42.0,8.07,18.17,127.2,62.1,54.3,Potash,Rain-fed,2082.2
Uttar Pradesh,Kharif,Alluvial,Mustard,553.9,17.4,40.9,7.6,19.12,149.2,58.1,12.4,DAP,Drip,2062.7
West Bengal,Zaid,Black,Soybean,1128.1,29.8,74.8,7.94,6.29,29.1,28.8,49.7,Organic,Flood,2081.4
Rajasthan,Zaid,Alluvial,Wheat,510.5,18.7,52.5,6.26,10.33,94.6,63.0,29.1,NPK,Rain-fed,3539.5
Rajasthan,Zaid,Laterite,Groundnut,515.0,30.6,85.7,7.61,13.41,100.5,69.3,21.9,DAP,Drip,1722.4
Uttar Pradesh,Zaid,Sandy,Wheat,739.1,13.7,44.4,7.96,11.63,137.4,12.7,46.1,Potash,Rain-fed,2200.6
Haryana,Kharif,Clay,Maize,963.1,20.3,63.4,8.27,3.76,28.2,65.7,53.5,NPK,Flood,3409.4
Madhya Pradesh,Rabi,Laterite,Cotton,1020.1,29.6,50.7,6.84,12.68,146.5,41.0,76.4,Organic,Flood,432.2
Karnataka,Kharif,Black,Barley,681.4,16.8,79.3,7.07,5.82,82.5,53.4,15.5,DAP,Rain-fed,3485.8
Rajasthan,Zaid,Sandy,Cotton,1036.3,33.8,57.0,7.6,4.87,96.7,77.9,14.3,Potash,Rain-fed,446.7
Rajasthan,Rabi,Red,Barley,322.1,20.7,51.7,7.38,16.31,42.6,24.6,53.3,DAP,Sprinkler,2487.8
Punjab,Rabi,Sandy,Rice,1418.4,29.1,76.4,7.61,3.17,96.8,34.3,10.4,NPK,Sprinkler,2095.6
Uttar Pradesh,Kharif,Alluvial,Wheat,716.4,20.0,73.5,5.85,6.18,61.5,16.5,59.5,DAP,Flood,5720.7
Andhra Pradesh,Rabi,Laterite,Soybean,994.2,27.6,46.0,7.31,16.12,43.4,48.2,68.4,Organic,Drip,1632.1
Rajasthan,Kharif,Loamy,Rice,1816.0,23.4,68.0,7.07,4.7,31.0,50.1,50.0,Organic,Sprinkler,5099.1
Madhya Pradesh,Kharif,Loamy,Barley,342.5,17.1,44.6,6.91,18.69,49.1,57.2,72.6,Compost,Drip,1851.4
Haryana,Zaid,Laterite,Barley,678.9,18.5,70.5,7.35,6.77,50.8,20.0,36.2,Organic,Drip,4328.1
Rajasthan,Kharif,Sandy,Rice,1403.5,30.4,80.2,7.53,13.52,88.3,67.5,13.1,Potash,Sprinkler,4449.4
Madhya Pradesh,Kharif,Black,Wheat,680.7,23.1,67.5,7.39,3.19,37.8,30.0,27.7,Urea,Rain-fed,4439.3
Rajasthan,Rabi,Black,Maize,527.2,18.5,74.7,6.78,18.09,71.8,15.8,30.3,Urea,Flood,3957.4
Haryana,Zaid,Loamy,Soybean,1196.6,21.7,48.1,6.47,8.5,28.0,36.2,24.5,Organic,Rain-fed,2546.5
Tamil Nadu,Kharif,Sandy,Cotton,894.3,33.2,85.7,8.22,2.69,141.1,20.2,30.4,Potash,Sprinkler,509.0
West Bengal,Kharif,Clay,Cotton,1198.0,31.8,85.7,7.35,14.09,75.5,12.8,77.5,Urea,Sprinkler,767.4
Uttar Pradesh,Kharif,Red,Mustard,588.4,19.3,54.9,6.78,5.15,20.5,60.4,39.8,Compost,Sprinkler,1199.0
Andhra Pradesh,Zaid,Clay,Wheat,348.5,19.5,52.2,6.14,8.48,20.1,23.8,23.2,Compost,Sprinkler,4855.1
Andhra Pradesh,Rabi,Sandy,Cotton,820.1,24.4,69.3,5.79,15.91,114.1,39.3,36.7,DAP,Drip,487.2
Punjab,Zaid,Alluvial,Sugarcane,2317.3,30.3,44.4,7.58,7.95,132.1,53.0,34.8,DAP,Flood,64498.1
Tamil Nadu,Zaid,Loamy,Rice,1114.0,32.9,44.3,8.35,12.26,71.7,66.7,69.8,DAP,Drip,5159.8
Karnataka,Rabi,Alluvial,Jowar,347.4,29.0,80.7,6.26,14.12,135.1,26.3,41.6,Potash,Flood,1098.5
Uttar Pradesh,Kharif,Sandy,Groundnut,653.4,32.3,93.3,7.93,15.15,70.6,62.6,37.1,Urea,Flood,2376.2
Maharashtra,Zaid,Red,Rice,1276.4,34.9,72.3,6.62,2.06,117.0,18.5,25.5,NPK,Rain-fed,3434.6
Maharashtra,Rabi,Laterite,Mustard,244.0,13.7,65.4,6.8,10.17,78.1,66.7,27.0,Compost,Rain-fed,2139.9
Punjab,Rabi,Loamy,Cotton,525.8,35.0,66.2,6.8,14.65,58.4,13.6,63.7,Potash,Sprinkler,567.9
Andhra Pradesh,Zaid,Clay,Soybean,769.4,25.8,62.7,7.2,11.1,39.1,58.9,20.2,DAP,Rain-fed,938.8
Punjab,Kharif,Loamy,Wheat,502.1,21.3,83.2,6.31,14.79,42.1,73.4,24.0,Potash,Flood,5819.3
Madhya Pradesh,Kharif,Clay,Sugarcane,1395.2,26.8,78.1,7.88,5.51,105.7,40.8,58.8,Potash,Drip,110402.2
Punjab,Kharif,Red,Cotton,878.5,29.2,61.6,6.34,4.94,25.6,62.1,44.0,NPK,Drip,631.4
Punjab,Rabi,Black,Rice,1774.4,34.6,80.3,6.25,7.69,34.9,68.5,54.8,NPK,Sprinkler,3137.8
Haryana,Zaid,Black,Groundnut,777.6,25.1,81.6,6.15,16.06,63.3,50.8,12.7,Urea,Flood,1773.8
Punjab,Zaid,Black,Maize,785.6,31.7,46.1,6.16,12.1,78.4,58.1,47.8,Compost,Flood,4080.1
Karnataka,Kharif,Red,Mustard,339.6,12.3,47.8,6.66,9.22,101.7,74.5,22.5,Organic,Rain-fed,1192.7
Haryana,Kharif,Loamy,Maize,1011.5,22.4,78.9,5.71,15.26,98.0,12.3,15.7,DAP,Drip,4959.3
Madhya Pradesh,Zaid,Black,Maize,1153.9,25.5,52.6,5.82,3.22,61.8,39.6,78.8,Potash,Flood,2143.3
Punjab,Kharif,Black,Rice,1359.2,32.3,50.8,8.47,6.31,85.2,35.2,19.8,DAP,Rain-fed,2423.3
Andhra Pradesh,Kharif,Clay,Sugarcane,1028.7,37.8,45.7,6.44,17.77,37.6,24.2,31.8,NPK,Drip,128357.1
Maharashtra,Rabi,Clay,Sugarcane,2120.6,32.6,48.2,8.1,6.38,88.4,69.5,75.2,Potash,Rain-fed,99121.4
Punjab,Rabi,Sandy,Wheat,567.5,17.3,86.7,7.94,4.06,85.7,58.6,22.1,Compost,Sprinkler,5500.1
Maharashtra,Rabi,Sandy,Mustard,360.3,11.1,73.6,6.72,9.11,38.0,37.5,59.0,NPK,Drip,1010.4
Tamil Nadu,Zaid,Red,Jowar,414.1,31.5,68.0,7.43,8.19,137.8,75.1,72.7,Urea,Drip,1132.4
Andhra Pradesh,Zaid,Sandy,Rice,1947.3,25.8,44.9,6.97,12.6,46.9,33.5,35.8,Organic,Drip,4049.0
Haryana,Rabi,Sandy,Jowar,307.8,32.0,92.8,7.42,12.53,31.5,61.1,52.1,Organic,Sprinkler,2078.2
Uttar Pradesh,Kharif,Laterite,Barley,603.7,17.5,72.0,5.83,9.45,23.6,14.0,14.7,Potash,Sprinkler,3089.7
Andhra Pradesh,Zaid,Sandy,Barley,626.6,18.3,70.7,6.59,13.01,123.3,26.1,21.1,Organic,Drip,4195.7
Andhra Pradesh,Rabi,Sandy,Cotton,520.7,27.8,86.7,6.01,14.26,122.1,27.2,61.6,Organic,Sprinkler,602.8
Madhya Pradesh,Kharif,Alluvial,Maize,531.7,23.1,41.0,7.33,16.69,48.7,52.6,67.3,Compost,Sprinkler,2787.2
Madhya Pradesh,Rabi,Clay,Soybean,1169.5,29.9,79.0,6.83,3.8,98.9,33.2,45.7,Organic,Sprinkler,1076.8
Tamil Nadu,Zaid,Loamy,Jowar,593.1,32.7,48.2,6.29,7.55,26.0,71.4,10.8,DAP,Rain-fed,1020.2
Haryana,Kharif,Loamy,Sugarcane,1423.0,34.1,50.6,7.63,1.7,30.5,74.0,44.4,Compost,Rain-fed,77840.9
Maharashtra,Kharif,Alluvial,Cotton,1114.7,24.4,69.9,7.93,13.14,69.5,51.3,70.9,Potash,Rain-fed,458.2
Haryana,Zaid,Sandy,Maize,854.9,28.8,72.5,8.41,3.56,43.7,18.6,14.2,Urea,Drip,1842.3
Punjab,Kharif,Red,Soybean,960.4,21.2,65.6,5.96,10.55,71.8,76.0,33.9,Potash,Sprinkler,1125.9
Karnataka,Zaid,Clay,Sugarcane,2320.0,25.4,53.4,8.01,9.67,58.3,64.2,71.6,Potash,Rain-fed,67233.3
Andhra Pradesh,Kharif,Laterite,Sugarcane,2112.7,37.0,69.8,7.34,9.86,118.2,38.1,34.0,Urea,Flood,96202.2
Andhra Pradesh,Kharif,Laterite,Mustard,380.5,14.7,41.3,7.51,16.98,26.0,79.1,28.5,Urea,Drip,1016.2
Tamil Nadu,Kharif,Clay,Sugarcane,1862.1,29.8,62.3,6.61,12.73,119.2,61.8,68.1,NPK,Rain-fed,118874.0
Karnataka,Zaid,Loamy,Mustard,324.6,10.3,90.4,6.28,2.5,99.9,26.2,48.9,Organic,Flood,1885.0
Punjab,Rabi,Alluvial,Sugarcane,2114.2,25.1,94.7,7.19,16.58,130.9,22.2,25.6,Potash,Rain-fed,81460.5
Uttar Pradesh,Kharif,Loamy,Groundnut,498.8,35.6,49.2,7.26,18.39,91.9,22.3,54.2,NPK,Rain-fed,1268.3
Rajasthan,Rabi,Alluvial,Jowar,425.0,31.2,84.5,8.22,16.37,73.1,33.2,12.0,Compost,Drip,1710.9
Maharashtra,Rabi,Red,Cotton,1070.8,26.3,55.1,7.89,3.88,143.8,35.6,36.3,Potash,Drip,841.5
Haryana,Kharif,Alluvial,Soybean,722.1,25.6,40.5,8.4,7.16,52.8,43.0,34.8,Organic,Rain-fed,1471.8
Andhra Pradesh,Zaid,Black,Mustard,451.6,13.2,65.5,5.77,19.93,111.1,38.5,48.3,Compost,Sprinkler,1875.4
Tamil Nadu,Zaid,Sandy,Maize,985.9,30.4,62.4,7.52,8.21,33.4,10.5,13.9,DAP,Drip,2828.8
West Bengal,Rabi,Loamy,Barley,210.5,10.2,66.5,7.46,4.19,139.0,64.3,32.7,Potash,Sprinkler,1677.1
Andhra Pradesh,Kharif,Clay,Groundnut,870.9,30.0,88.0,7.05,8.01,69.5,73.2,11.5,Compost,Rain-fed,1831.7
Rajasthan,Kharif,Alluvial,Soybean,1145.8,29.6,49.3,5.56,12.39,55.8,58.5,39.8,Organic,Sprinkler,1697.4
Punjab,Kharif,Clay,Barley,591.0,10.3,47.4,7.96,7.92,23.8,14.1,57.3,DAP,Flood,3849.0
Rajasthan,Kharif,Alluvial,Cotton,1175.1,36.1,45.4,7.77,17.84,124.7,79.4,19.4,Compost,Drip,1077.8
Tamil Nadu,Zaid,Alluvial,Cotton,757.8,36.2,90.8,5.85,6.7,55.3,25.3,13.5,DAP,Drip,757.0
Tamil Nadu,Rabi,Black,Cotton,1057.7,35.5,42.6,7.42,1.76,78.8,21.0,57.7,NPK,Drip,995.0
Tamil Nadu,Kharif,Alluvial,Barley,447.0,10.1,41.8,6.39,17.48,90.9,60.9,53.5,NPK,Flood,3736.8
West Bengal,Kharif,Laterite,Mustard,275.8,18.5,40.2,7.17,18.69,145.8,35.0,19.8,Urea,Rain-fed,1427.3
Punjab,Kharif,Loamy,Maize,875.7,18.3,68.9,8.17,6.93,81.9,28.9,60.1,Potash,Drip,6674.6
Andhra Pradesh,Rabi,Black,Groundnut,843.5,28.3,77.1,7.37,13.49,52.9,66.7,76.5,Urea,Sprinkler,1846.2
Uttar Pradesh,Kharif,Loamy,Jowar,421.1,32.3,86.5,7.52,17.06,124.6,73.8,50.1,Potash,Rain-fed,1688.8
Andhra Pradesh,Zaid,Sandy,Groundnut,819.7,32.4,63.4,6.74,9.14,136.0,70.8,79.9,NPK,Rain-fed,2055.4
Maharashtra,Zaid,Clay,Cotton,1130.8,35.3,87.8,5.69,17.0,69.5,14.0,57.4,Urea,Flood,538.6
West Bengal,Zaid,Red,Barley,655.9,19.6,59.2,7.8,8.09,147.5,37.1,69.2,Organic,Rain-fed,4160.9
West Bengal,Zaid,Alluvial,Sugarcane,2426.3,27.9,79.1,7.11,18.01,61.9,45.4,62.5,DAP,Rain-fed,73132.5
Haryana,Rabi,Red,Rice,1456.7,23.1,45.2,6.77,18.35,126.0,71.0,78.1,Compost,Flood,4096.9
Tamil Nadu,Rabi,Laterite,Cotton,980.7,37.9,72.2,7.86,14.76,76.7,20.4,12.9,Compost,Drip,415.4
West Bengal,Rabi,Black,Mustard,291.1,22.5,80.0,6.41,1.53,113.8,32.9,54.1,Organic,Drip,1844.0
West Bengal,Kharif,Sandy,Groundnut,552.6,24.7,79.3,5.54,6.66,107.2,61.2,66.8,Potash,Sprinkler,2162.4
Maharashtra,Kharif,Sandy,Wheat,570.4,23.5,51.2,6.38,14.02,43.2,15.8,71.7,Urea,Flood,5248.0
Punjab,Zaid,Red,Soybean,1077.9,29.2,55.7,5.84,1.78,41.4,74.0,35.8,NPK,Rain-fed,2041.8
Madhya Pradesh,Zaid,Red,Rice,1703.7,34.7,81.7,7.51,9.26,100.9,79.3,67.4,Potash,Rain-fed,2012.2
Haryana,Rabi,Alluvial,Maize,885.2,29.0,84.0,6.18,3.76,26.8,17.0,59.1,Urea,Sprinkler,3164.9
Haryana,Kharif,Red,Barley,246.8,13.6,82.6,7.85,4.95,116.3,32.3,17.3,Compost,Rain-fed,3150.6
Karnataka,Kharif,Alluvial,Wheat,407.5,18.3,45.3,6.37,13.36,92.9,18.4,24.8,NPK,Rain-fed,2875.4
Karnataka,Zaid,Black,Cotton,1006.0,35.3,45.4,5.93,6.48,59.7,38.6,31.1,Urea,Flood,366.9
Tamil Nadu,Zaid,Black,Mustard,405.7,11.3,62.8,7.39,15.75,107.3,20.4,34.2,NPK,Flood,886.9
Tamil Nadu,Rabi,Loamy,Groundnut,875.3,23.9,66.2,8.07,11.26,146.7,68.0,19.2,Organic,Flood,2221.7
Punjab,Zaid,Clay,Mustard,533.8,19.2,48.1,7.74,12.9,42.2,70.9,39.4,Compost,Rain-fed,1487.6
Karnataka,Rabi,Laterite,Jowar,833.0,28.7,60.0,8.08,9.63,119.4,37.6,55.5,Potash,Rain-fed,2308.4
Punjab,Zaid,Sandy,Maize,984.7,28.9,88.8,6.19,2.16,105.5,35.8,48.4,Potash,Drip,5698.7
Karnataka,Rabi,Clay,Rice,1327.2,34.5,61.1,7.13,12.45,141.0,18.4,12.1,Urea,Flood,3138.5
Karnataka,Kharif,Sandy,Rice,1194.4,33.6,65.3,7.56,13.1,33.1,33.5,43.7,Organic,Flood,4362.6
Tamil Nadu,Rabi,Alluvial,Cotton,1138.9,31.7,81.4,7.65,3.49,102.6,19.5,43.2,Urea,Rain-fed,511.1
Uttar Pradesh,Rabi,Loamy,Groundnut,429.2,25.1,71.1,5.53,4.49,55.9,44.9,31.8,Potash,Drip,2829.4
Andhra Pradesh,Zaid,Laterite,Sugarcane,1335.9,30.4,54.3,6.43,13.91,68.7,55.8,21.4,DAP,Sprinkler,65485.7
Maharashtra,Rabi,Red,Maize,715.1,23.2,93.2,8.35,19.68,21.6,12.0,22.0,Urea,Drip,2988.1
Uttar Pradesh,Kharif,Laterite,Barley,485.6,9.2,63.9,5.78,14.67,123.3,21.5,47.8,Organic,Sprinkler,2733.4
Andhra Pradesh,Zaid,Red,Barley,503.4,14.3,50.1,7.52,18.35,137.1,45.4,32.2,Potash,Flood,3595.9
Karnataka,Rabi,Sandy,Wheat,328.6,17.8,81.3,5.74,19.03,80.9,45.0,19.0,NPK,Drip,5444.7
Maharashtra,Kharif,Alluvial,Sugarcane,1473.4,36.9,60.5,6.23,10.59,76.7,40.3,73.4,NPK,Drip,114460.1
Punjab,Zaid,Laterite,Soybean,818.6,26.3,78.7,8.48,13.35,23.6,66.7,31.0,Potash,Flood,1084.1
Rajasthan,Zaid,Loamy,Wheat,504.2,19.1,43.6,6.7,13.49,75.3,24.0,67.2,Potash,Rain-fed,4660.1
Maharashtra,Rabi,Clay,Cotton,939.3,34.3,48.7,7.51,5.13,124.1,44.2,66.4,Organic,Drip,632.2
Maharashtra,Kharif,Red,Rice,1832.7,28.0,57.2,8.21,4.96,87.5,57.1,13.1,DAP,Drip,2817.2
Uttar Pradesh,Zaid,Loamy,Maize,1153.7,20.7,56.1,7.69,15.71,84.8,53.1,33.4,Compost,Drip,4626.9
Madhya Pradesh,Rabi,Red,Mustard,254.3,12.7,67.9,6.97,7.56,34.5,51.3,57.7,Urea,Flood,1868.8
Karnataka,Kharif,Alluvial,Maize,581.8,23.2,59.8,6.7,17.83,132.7,53.9,51.5,NPK,Drip,2046.7
Haryana,Kharif,Alluvial,Maize,821.5,19.9,86.7,6.39,13.01,82.4,28.8,36.7,Potash,Sprinkler,3105.9
Karnataka,Zaid,Sandy,Sugarcane,1236.4,27.3,80.6,8.28,1.64,110.9,29.6,33.4,Potash,Sprinkler,93975.7
Punjab,Zaid,Clay,Sugarcane,1682.4,24.1,90.8,6.12,12.29,120.6,52.4,44.6,DAP,Drip,136598.5
Karnataka,Kharif,Laterite,Jowar,625.9,26.0,92.8,7.7,2.66,114.4,74.1,31.3,Compost,Sprinkler,2055.9
Rajasthan,Rabi,Clay,Maize,1023.3,25.2,84.2,6.96,7.94,83.7,27.2,45.5,Potash,Rain-fed,2480.5
Uttar Pradesh,Kharif,Sandy,Rice,1830.6,24.7,49.7,6.8,12.6,72.6,20.8,47.9,Potash,Drip,5054.0
Punjab,Rabi,Black,Barley,261.4,15.6,93.6,8.4,7.29,79.2,69.6,25.1,DAP,Rain-fed,2990.1
Tamil Nadu,Kharif,Sandy,Groundnut,873.5,31.6,79.7,7.35,2.29,34.1,60.7,19.9,Organic,Flood,1822.6
Karnataka,Kharif,Loamy,Maize,979.3,25.2,58.7,5.51,11.32,116.9,41.2,57.5,NPK,Sprinkler,5427.2
Madhya Pradesh,Kharif,Clay,Rice,949.6,27.0,93.2,6.88,16.58,145.8,66.8,15.4,DAP,Sprinkler,4776.0
West Bengal,Zaid,Loamy,Jowar,502.3,31.9,81.2,7.23,16.75,41.0,62.5,27.1,Compost,Drip,930.7
Maharashtra,Rabi,Alluvial,Cotton,936.1,29.1,65.0,6.33,18.37,85.4,33.0,56.4,Urea,Sprinkler,1014.4
Maharashtra,Zaid,Loamy,Mustard,223.4,23.3,87.2,7.07,15.55,137.9,51.3,61.7,Organic,Flood,752.1
Madhya Pradesh,Rabi,Sandy,Wheat,416.0,22.4,58.6,7.6,16.95,122.7,76.7,74.2,Compost,Sprinkler,2264.0
Tamil Nadu,Zaid,Clay,Sugarcane,2206.8,35.5,58.4,5.59,2.91,126.4,64.2,26.5,Compost,Rain-fed,64434.9
Maharashtra,Kharif,Alluvial,Cotton,916.4,34.4,44.9,6.91,2.97,44.8,27.9,29.3,DAP,Sprinkler,829.1
Uttar Pradesh,Kharif,Loamy,Cotton,1190.1,26.1,42.1,6.97,11.7,84.0,16.0,28.3,Potash,Sprinkler,409.5
Maharashtra,Zaid,Alluvial,Barley,253.1,21.4,49.6,7.48,9.47,54.4,14.7,46.4,Urea,Sprinkler,2519.7
Karnataka,Rabi,Alluvial,Sugarcane,1812.2,36.7,53.7,8.32,19.1,93.3,55.3,70.9,Organic,Flood,109303.2
Karnataka,Kharif,Red,Sugarcane,1046.5,27.8,53.4,7.29,15.98,113.3,27.6,76.3,Compost,Drip,105855.6
Maharashtra,Zaid,Black,Wheat,324.8,20.4,45.1,6.81,0.95,110.9,16.3,72.2,DAP,Flood,5751.5
Haryana,Zaid,Loamy,Maize,927.8,27.3,40.3,6.73,12.78,128.8,60.2,34.5,DAP,Flood,5618.1
Maharashtra,Zaid,Loamy,Barley,456.8,16.2,75.5,7.23,2.72,83.9,64.8,44.6,Compost,Rain-fed,1690.8
Rajasthan,Rabi,Laterite,Jowar,563.3,32.7,53.7,6.9,11.49,103.7,58.6,44.4,Compost,Flood,1471.1
Madhya Pradesh,Rabi,Clay,Maize,715.5,30.6,71.6,6.08,12.1,38.0,67.2,48.9,Urea,Flood,1789.6
Andhra Pradesh,Rabi,Loamy,Wheat,359.4,20.7,86.6,8.23,18.3,79.3,10.0,45.5,Compost,Drip,5913.7
West Bengal,Zaid,Loamy,Soybean,696.2,22.4,89.3,7.57,5.55,75.8,67.0,37.2,Potash,Drip,2444.1
Andhra Pradesh,Zaid,Loamy,Mustard,256.4,19.1,49.4,5.57,4.63,82.6,45.1,27.3,Organic,Rain-fed,1514.8
Andhra Pradesh,Rabi,Loamy,Soybean,986.4,27.1,55.5,7.07,7.33,52.1,38.6,56.2,DAP,Flood,1498.2
West Bengal,Rabi,Alluvial,Groundnut,615.0,23.4,41.2,8.27,16.3,132.5,66.2,55.3,Organic,Flood,2474.3
Rajasthan,Kharif,Red,Wheat,282.5,11.1,58.0,5.72,17.78,101.9,55.1,29.7,Potash,Rain-fed,4865.8
Haryana,Zaid,Red,Mustard,203.7,13.2,45.7,8.19,11.92,65.0,57.4,24.3,Potash,Rain-fed,1510.9
Maharashtra,Kharif,Clay,Cotton,733.7,27.2,71.1,8.28,1.0,62.9,22.6,45.7,DAP,Drip,780.1
Tamil Nadu,Rabi,Sandy,Sugarcane,2472.3,37.2,40.4,7.72,5.8,147.5,12.8,49.7,Compost,Sprinkler,97290.6
Maharashtra,Rabi,Loamy,Soybean,1105.9,29.0,43.7,6.07,8.51,41.7,41.2,33.8,NPK,Flood,1829.4
Punjab,Kharif,Black,Rice,1435.7,27.1,79.7,7.47,3.72,80.3,37.6,74.4,NPK,Sprinkler,4120.5
Haryana,Kharif,Alluvial,Groundnut,484.7,23.0,52.2,7.23,5.67,99.0,17.6,55.9,Potash,Rain-fed,2548.4
Andhra Pradesh,Rabi,Laterite,Soybean,859.4,29.3,59.5,5.59,19.64,85.1,36.9,47.8,Potash,Rain-fed,1476.3
Maharashtra,Zaid,Loamy,Sugarcane,2118.8,31.0,83.4,7.97,13.73,113.5,72.8,20.5,DAP,Sprinkler,74327.8
Haryana,Kharif,Sandy,Jowar,478.6,31.4,91.8,7.05,10.69,54.9,36.8,48.7,Organic,Rain-fed,2347.6
Maharashtra,Zaid,Clay,Wheat,740.8,16.9,79.2,6.46,14.13,144.6,28.6,30.8,Urea,Flood,3142.4
Punjab,Kharif,Red,Wheat,587.3,11.0,46.7,7.91,15.79,69.9,14.8,65.4,Potash,Rain-fed,4530.6
Maharashtra,Kharif,Red,Soybean,710.7,23.7,79.3,7.13,16.66,137.4,79.9,74.4,DAP,Drip,2826.0
West Bengal,Zaid,Alluvial,Wheat,259.9,19.6,79.2,8.46,11.06,108.9,78.6,22.4,Organic,Flood,2941.9
Andhra Pradesh,Zaid,Clay,Cotton,735.9,35.8,82.6,5.57,10.77,91.6,60.3,18.5,NPK,Flood,819.5
Madhya Pradesh,Rabi,Sandy,Soybean,1086.9,25.3,74.4,5.98,4.52,117.9,77.3,30.7,DAP,Drip,1102.1
Rajasthan,Rabi,Alluvial,Wheat,549.1,20.6,92.2,5.6,19.52,128.8,61.6,65.5,Potash,Rain-fed,3062.4
Rajasthan,Zaid,Alluvial,Mustard,414.8,18.8,43.5,8.36,12.45,72.9,32.4,42.4,Urea,Rain-fed,933.2
Maharashtra,Zaid,Alluvial,Groundnut,421.2,31.1,94.8,6.02,3.34,134.7,12.3,62.6,Potash,Drip,2169.1
Uttar Pradesh,Kharif,Clay,Maize,846.2,31.9,85.9,6.76,8.72,25.9,38.6,39.2,Organic,Drip,7685.6
Karnataka,Zaid,Clay,Rice,1747.0,30.3,83.5,6.2,19.61,42.0,45.0,60.8,Compost,Sprinkler,2303.5
Tamil Nadu,Rabi,Alluvial,Rice,1538.6,26.3,79.6,8.49,5.56,91.7,31.9,21.2,Urea,Sprinkler,4946.3
Rajasthan,Zaid,Loamy,Sugarcane,2093.3,37.7,93.5,5.52,19.72,149.5,43.4,77.5,NPK,Rain-fed,85383.5
Rajasthan,Kharif,Sandy,Groundnut,442.8,30.9,70.0,5.73,6.08,108.0,61.5,27.0,Urea,Drip,1782.0
Uttar Pradesh,Kharif,Clay,Jowar,645.8,28.3,59.2,7.32,19.06,41.2,47.4,30.0,Organic,Flood,1359.3
Punjab,Kharif,Sandy,Sugarcane,1045.8,25.3,82.1,6.19,6.17,138.4,21.8,14.5,Urea,Rain-fed,81617.9
Madhya Pradesh,Kharif,Alluvial,Cotton,737.8,28.1,84.7,6.16,3.45,80.3,27.3,45.8,NPK,Rain-fed,639.0
West Bengal,Rabi,Loamy,Barley,490.5,12.0,40.7,8.2,11.14,134.8,41.1,45.5,Urea,Rain-fed,2659.5
Madhya Pradesh,Rabi,Alluvial,Barley,645.8,19.3,62.1,7.2,5.01,51.6,42.3,43.5,DAP,Drip,2531.0
Maharashtra,Kharif,Loamy,Mustard,316.7,17.1,42.9,7.03,7.68,74.9,29.9,73.3,Organic,Rain-fed,1012.8
Rajasthan,Zaid,Laterite,Wheat,315.4,11.9,40.4,6.83,7.7,142.0,16.0,32.9,DAP,Flood,4075.2
Rajasthan,Kharif,Sandy,Jowar,518.3,33.4,88.7,7.04,11.83,48.7,26.5,40.2,Compost,Sprinkler,2323.8
Uttar Pradesh,Rabi,Alluvial,Wheat,442.0,18.7,59.3,7.55,11.69,132.6,14.2,60.8,Urea,Drip,3512.0
Rajasthan,Kharif,Laterite,Jowar,729.8,29.9,79.0,8.17,5.99,100.9,77.7,36.0,Organic,Drip,1074.8
Madhya Pradesh,Zaid,Black,Barley,276.1,8.6,77.0,8.49,3.21,146.3,22.5,45.8,DAP,Drip,2222.0
Tamil Nadu,Rabi,Laterite,Wheat,740.8,21.4,53.3,8.17,18.33,105.3,21.6,40.4,Organic,Sprinkler,4075.3
Karnataka,Rabi,Clay,Rice,1419.6,26.6,79.6,7.15,5.75,96.7,57.7,57.8,Potash,Sprinkler,4432.6
Madhya Pradesh,Rabi,Red,Rice,1142.3,30.7,52.1,7.58,4.43,100.3,46.3,63.3,Potash,Rain-fed,4787.5
Rajasthan,Rabi,Red,Barley,575.6,11.9,45.8,6.08,19.98,99.4,39.4,72.0,Organic,Sprinkler,3718.1
West Bengal,Rabi,Laterite,Jowar,379.6,31.6,67.3,7.58,1.85,63.9,34.6,18.3,NPK,Rain-fed,1102.2
Rajasthan,Rabi,Clay,Wheat,318.5,16.8,72.5,6.95,19.57,79.1,64.3,23.5,Urea,Sprinkler,3955.4
West Bengal,Kharif,Black,Jowar,362.4,22.7,44.9,6.22,17.81,44.9,60.1,32.3,Compost,Flood,1372.0
Madhya Pradesh,Kharif,Clay,Maize,615.0,19.0,85.9,7.22,3.53,121.4,75.8,56.4,NPK,Flood,4688.3
Maharashtra,Zaid,Sandy,Sugarcane,1537.9,36.5,72.9,5.66,2.03,68.2,62.2,22.1,DAP,Sprinkler,104377.1
West Bengal,Rabi,Loamy,Barley,281.6,14.4,84.5,6.06,6.15,139.8,49.6,61.0,Organic,Rain-fed,3138.9
Madhya Pradesh,Zaid,Sandy,Groundnut,855.6,29.1,59.9,6.33,19.62,61.2,31.4,17.2,NPK,Rain-fed,2876.4
Uttar Pradesh,Rabi,Alluvial,Cotton,1083.5,31.3,53.3,7.1,13.85,111.9,36.1,67.5,NPK,Flood,557.8
Madhya Pradesh,Rabi,Loamy,Groundnut,789.6,28.9,66.2,5.87,3.82,132.8,57.2,56.5,Compost,Sprinkler,1875.5
Punjab,Rabi,Laterite,Soybean,628.1,23.1,86.5,6.28,12.52,32.5,45.2,41.9,Urea,Rain-fed,1538.2
Punjab,Rabi,Laterite,Mustard,352.3,10.9,93.5,8.34,7.79,24.7,56.3,28.6,Urea,Rain-fed,792.9
Madhya Pradesh,Rabi,Black,Groundnut,709.6,35.7,73.1,7.99,12.2,86.5,37.2,42.0,Organic,Sprinkler,2696.9
Haryana,Kharif,Clay,Cotton,517.0,35.2,65.6,7.56,6.92,55.0,59.0,18.9,NPK,Sprinkler,371.2
Uttar Pradesh,Kharif,Clay,Rice,1091.9,25.1,69.1,7.58,14.37,71.8,15.7,46.9,Urea,Drip,5481.6
Madhya Pradesh,Zaid,Sandy,Mustard,478.5,22.6,75.0,8.39,3.58,96.1,51.0,44.6,Compost,Rain-fed,1024.1
Rajasthan,Rabi,Sandy,Sugarcane,2072.2,37.7,64.0,5.51,10.1,27.3,73.8,32.6,DAP,Drip,89791.7
Rajasthan,Zaid,Clay,Barley,555.0,15.3,77.7,8.22,12.35,94.4,24.1,58.2,Urea,Rain-fed,2163.9
Punjab,Rabi,Laterite,Mustard,557.3,18.6,48.6,7.07,12.13,117.4,24.2,70.4,NPK,Drip,1484.1
Madhya Pradesh,Kharif,Loamy,Barley,573.5,15.1,82.4,7.38,0.85,83.9,23.7,79.7,Urea,Drip,4400.9
Andhra Pradesh,Rabi,Black,Maize,588.1,30.0,84.3,7.0,8.23,86.4,42.7,57.1,Potash,Drip,2809.1
Andhra Pradesh,Zaid,Clay,Sugarcane,1281.7,31.4,54.9,7.13,19.44,40.9,45.8,37.1,Organic,Sprinkler,72375.0
Punjab,Rabi,Black,Cotton,990.7,22.7,92.2,6.57,15.31,27.1,15.9,24.2,DAP,Flood,467.9
Rajasthan,Rabi,Laterite,Barley,204.0,19.8,80.4,8.3,4.58,120.6,60.9,35.3,Organic,Drip,3339.0
Punjab,Zaid,Loamy,Groundnut,441.2,27.0,49.5,5.92,7.64,28.2,76.3,63.6,DAP,Drip,2611.7
Punjab,Rabi,Loamy,Barley,662.4,11.5,81.1,7.23,17.09,22.0,58.3,16.9,Organic,Flood,1886.7
Uttar Pradesh,Zaid,Alluvial,Sugarcane,1407.4,32.5,47.2,5.69,2.21,61.7,59.5,70.9,DAP,Sprinkler,118551.5
Uttar Pradesh,Kharif,Alluvial,Maize,1187.3,19.3,45.1,7.02,9.05,42.7,53.8,37.1,DAP,Rain-fed,2069.4
Tamil Nadu,Rabi,Clay,Groundnut,876.4,25.7,90.3,6.02,17.9,55.8,66.6,73.0,NPK,Sprinkler,2425.4
Andhra Pradesh,Zaid,Laterite,Soybean,700.6,20.9,58.5,6.13,2.65,110.0,26.2,63.9,Urea,Rain-fed,1237.0
Punjab,Kharif,Alluvial,Barley,502.9,9.8,88.2,6.74,10.29,45.2,58.3,73.2,Organic,Sprinkler,1952.2
Maharashtra,Rabi,Sandy,Maize,886.5,21.8,57.7,7.95,11.22,74.8,75.0,73.1,Organic,Flood,1838.3
Haryana,Kharif,Laterite,Barley,433.8,19.9,89.3,6.78,15.9,108.9,66.5,23.4,Organic,Rain-fed,3707.1
Andhra Pradesh,Rabi,Red,Rice,1891.1,33.4,81.0,8.01,4.65,87.0,64.1,54.6,NPK,Sprinkler,3963.9
West Bengal,Zaid,Clay,Wheat,266.4,11.9,89.5,7.73,19.46,51.4,32.9,32.4,DAP,Drip,3870.9
Madhya Pradesh,Rabi,Loamy,Wheat,420.2,11.6,52.0,5.82,15.82,93.4,18.8,62.9,Compost,Sprinkler,4603.9
Andhra Pradesh,Rabi,Sandy,Soybean,627.2,22.0,45.5,7.02,17.06,53.9,72.4,31.3,Urea,Sprinkler,1963.6
Punjab,Zaid,Red,Groundnut,782.9,30.0,93.1,6.19,3.3,107.0,40.7,50.1,Potash,Rain-fed,2084.3
Haryana,Rabi,Loamy,Sugarcane,1623.6,32.3,65.8,7.57,16.09,41.5,39.0,65.0,Potash,Sprinkler,76508.2
Karnataka,Rabi,Clay,Soybean,959.8,29.7,44.6,7.07,4.57,68.0,49.5,76.1,Organic,Flood,2681.9
Madhya Pradesh,Kharif,Red,Groundnut,724.0,23.6,50.6,8.22,1.54,57.5,53.8,19.2,DAP,Rain-fed,2522.1
Tamil Nadu,Zaid,Red,Cotton,956.4,29.3,80.2,8.44,2.78,28.1,64.4,76.4,Potash,Flood,655.4
Punjab,Zaid,Sandy,Mustard,422.3,18.5,91.8,8.35,16.71,63.4,44.1,73.4,Urea,Sprinkler,1364.5
Tamil Nadu,Kharif,Clay,Cotton,624.6,34.4,86.7,7.47,16.98,102.5,25.2,18.1,Compost,Rain-fed,862.0
Andhra Pradesh,Kharif,Sandy,Maize,663.3,26.9,78.2,7.64,18.28,56.6,55.0,37.6,Compost,Sprinkler,4200.5
Rajasthan,Zaid,Sandy,Wheat,448.2,16.5,81.7,6.79,19.56,96.6,50.9,12.5,DAP,Sprinkler,3174.9
Haryana,Rabi,Laterite,Soybean,1001.7,29.1,57.0,7.09,3.3,115.7,47.1,11.8,Organic,Drip,2050.4
West Bengal,Rabi,Loamy,Sugarcane,1557.8,35.3,53.3,8.45,18.11,88.9,73.1,54.5,NPK,Rain-fed,90686.4
Haryana,Zaid,Laterite,Maize,634.5,21.1,63.5,6.74,15.68,43.7,50.8,53.1,NPK,Rain-fed,2531.7
Karnataka,Kharif,Loamy,Mustard,544.9,18.7,43.9,7.11,19.81,128.9,70.1,36.0,Organic,Flood,1179.0
West Bengal,Rabi,Alluvial,Mustard,534.6,14.1,49.9,7.51,8.45,58.0,47.1,18.5,Organic,Drip,786.8
Maharashtra,Kharif,Clay,Barley,616.8,13.3,64.2,7.35,1.87,94.6,45.5,68.8,NPK,Rain-fed,4535.2
Uttar Pradesh,Rabi,Alluvial,Mustard,245.3,18.4,44.7,6.19,15.44,76.9,19.9,69.9,Organic,Sprinkler,885.8
Tamil Nadu,Rabi,Loamy,Sugarcane,2264.9,24.4,75.2,6.18,4.77,38.7,16.9,70.3,Potash,Flood,119389.3
Andhra Pradesh,Zaid,Sandy,Wheat,705.8,14.6,64.0,6.41,5.78,87.6,79.2,67.1,NPK,Rain-fed,6613.9
Karnataka,Kharif,Black,Maize,1002.1,23.2,85.8,6.47,5.42,37.7,35.0,72.2,Potash,Rain-fed,5164.4
Rajasthan,Rabi,Loamy,Soybean,964.8,25.0,65.7,6.07,10.65,57.8,33.0,40.7,Potash,Drip,2602.8
Haryana,Kharif,Red,Maize,1035.8,23.0,58.7,7.94,8.07,46.6,74.1,74.6,Urea,Drip,2447.5
Uttar Pradesh,Zaid,Black,Wheat,442.6,11.6,91.7,7.99,2.01,50.3,28.5,71.2,Urea,Sprinkler,2422.6
West Bengal,Zaid,Loamy,Cotton,796.2,26.0,91.7,7.84,3.08,141.9,29.4,33.3,NPK,Flood,453.9
Karnataka,Rabi,Sandy,Jowar,563.2,27.6,57.0,7.97,11.54,58.4,35.3,53.6,Potash,Flood,1122.8
Uttar Pradesh,Zaid,Sandy,Groundnut,687.5,34.9,41.3,6.32,17.31,76.7,18.2,39.2,Compost,Rain-fed,2626.8
Rajasthan,Kharif,Loamy,Jowar,426.7,34.4,46.2,6.58,13.36,114.1,52.5,45.1,Compost,Drip,2227.8
Karnataka,Kharif,Clay,Mustard,517.6,23.3,63.8,6.83,19.78,119.9,48.6,39.0,Potash,Sprinkler,1591.0
Uttar Pradesh,Kharif,Loamy,Barley,246.9,17.1,71.4,6.94,7.94,100.4,45.4,32.6,Organic,Sprinkler,2236.1
Punjab,Rabi,Alluvial,Jowar,702.3,24.8,48.1,7.03,18.48,24.8,27.7,74.3,DAP,Rain-fed,2671.9
West Bengal,Rabi,Alluvial,Sugarcane,1579.1,30.2,65.5,8.14,18.12,25.1,52.3,58.2,NPK,Drip,65629.3
Maharashtra,Rabi,Loamy,Soybean,669.5,22.0,76.6,7.24,16.94,64.7,69.2,16.1,DAP,Flood,2857.5
Karnataka,Kharif,Black,Sugarcane,2390.7,36.0,83.5,7.85,3.06,78.8,73.0,58.7,Potash,Drip,127837.7
Haryana,Zaid,Black,Rice,971.0,28.3,50.2,6.12,5.39,105.4,79.6,55.6,Organic,Drip,4154.3
Madhya Pradesh,Zaid,Red,Barley,687.6,16.6,86.2,5.95,13.49,141.8,44.7,27.2,Urea,Rain-fed,2976.9
Andhra Pradesh,Zaid,Sandy,Wheat,605.0,12.5,43.9,6.5,0.85,57.6,47.0,35.6,Organic,Flood,2350.9
Punjab,Rabi,Loamy,Maize,502.4,28.2,76.4,8.36,5.33,44.2,60.7,34.7,Organic,Flood,6044.2
West Bengal,Rabi,Laterite,Groundnut,469.9,22.6,56.2,8.22,9.11,96.5,19.6,49.3,Potash,Drip,1017.7
Andhra Pradesh,Rabi,Black,Groundnut,742.1,22.6,67.4,7.66,16.57,63.7,25.7,41.7,Organic,Flood,2705.5
Tamil Nadu,Kharif,Red,Jowar,758.2,22.9,69.4,8.08,10.07,31.1,22.5,38.3,DAP,Drip,2001.5
West Bengal,Kharif,Red,Jowar,713.6,27.1,48.0,7.99,13.09,85.1,73.4,54.2,Organic,Sprinkler,1616.8
Karnataka,Zaid,Black,Rice,1531.1,26.2,67.4,8.15,12.28,70.6,12.0,75.2,Potash,Sprinkler,4974.1
Madhya Pradesh,Rabi,Alluvial,Barley,500.3,9.9,70.6,8.13,16.7,134.3,16.7,39.1,DAP,Flood,3864.8
Madhya Pradesh,Rabi,Red,Groundnut,549.4,22.1,79.6,7.93,3.2,117.9,78.1,23.3,DAP,Drip,1182.5
Andhra Pradesh,Kharif,Alluvial,Soybean,1109.2,28.8,60.7,5.73,8.32,57.3,69.4,20.6,Urea,Rain-fed,1472.2
West Bengal,Rabi,Alluvial,Rice,1330.0,25.2,65.9,7.5,19.15,95.7,69.3,54.2,Organic,Rain-fed,2584.1
Madhya Pradesh,Rabi,Red,Cotton,1091.6,37.7,55.4,7.49,19.63,134.6,33.0,38.5,NPK,Flood,959.7
Uttar Pradesh,Rabi,Alluvial,Groundnut,624.3,29.4,71.8,6.39,11.06,60.5,31.7,43.8,DAP,Drip,2075.5
Karnataka,Kharif,Laterite,Soybean,739.2,29.8,70.6,6.31,18.78,114.4,36.7,46.6,Compost,Rain-fed,1581.9
West Bengal,Zaid,Loamy,Wheat,356.6,22.1,88.3,8.2,11.35,21.4,69.2,67.1,Compost,Drip,2379.6
Punjab,Zaid,Loamy,Sugarcane,1758.7,26.3,86.3,7.26,7.85,81.1,62.6,35.2,Potash,Sprinkler,70133.2
Rajasthan,Zaid,Laterite,Mustard,530.3,17.6,48.0,5.81,12.52,129.5,79.5,35.6,Potash,Sprinkler,1309.5
Tamil Nadu,Kharif,Black,Mustard,562.3,15.7,83.7,5.56,10.36,33.5,73.2,28.5,NPK,Sprinkler,1002.9
Andhra Pradesh,Zaid,Alluvial,Barley,591.2,21.1,73.1,7.08,17.86,56.7,47.7,22.5,NPK,Flood,4205.1
Maharashtra,Rabi,Loamy,Soybean,659.7,22.1,87.7,7.74,2.15,47.3,74.8,13.8,Organic,Flood,2644.1
Madhya Pradesh,Zaid,Sandy,Jowar,481.6,34.6,46.4,5.61,12.37,62.8,58.1,69.5,NPK,Drip,1632.0
Maharashtra,Rabi,Alluvial,Wheat,269.0,22.3,74.4,8.21,18.19,38.9,63.3,77.0,Urea,Flood,3900.8
Rajasthan,Zaid,Sandy,Cotton,528.6,37.5,63.7,8.3,8.9,63.6,63.2,76.6,Potash,Sprinkler,664.2
Tamil Nadu,Rabi,Alluvial,Rice,1165.0,32.2,43.8,7.29,0.77,141.2,31.3,75.8,NPK,Drip,3457.8
Punjab,Zaid,Clay,Barley,314.7,14.0,42.2,8.27,4.33,44.6,11.0,14.9,NPK,Sprinkler,2092.9
Karnataka,Kharif,Loamy,Jowar,433.2,28.5,70.1,7.63,17.28,122.0,55.7,40.4,DAP,Sprinkler,1059.0
Rajasthan,Zaid,Laterite,Maize,1194.9,28.3,81.3,7.1,6.98,144.5,36.9,17.2,Compost,Flood,3750.1
Madhya Pradesh,Kharif,Sandy,Rice,942.1,22.6,76.5,7.02,16.6,66.7,20.8,15.3,Compost,Rain-fed,3901.5
Uttar Pradesh,Rabi,Loamy,Maize,895.1,31.9,80.4,6.32,19.86,47.9,30.2,78.3,Compost,Rain-fed,6731.3
Madhya Pradesh,Kharif,Alluvial,Mustard,303.6,19.2,57.4,6.5,17.17,143.0,45.5,74.8,Potash,Rain-fed,1267.4
West Bengal,Zaid,Loamy,Jowar,573.0,32.1,78.1,6.25,18.24,68.3,17.1,73.0,Compost,Sprinkler,1371.5
Andhra Pradesh,Rabi,Sandy,Groundnut,470.5,32.8,85.4,7.14,13.55,110.7,12.4,63.4,Urea,Sprinkler,891.6
Tamil Nadu,Zaid,Red,Sugarcane,1226.4,35.5,63.6,7.82,9.88,29.6,23.4,48.6,Potash,Rain-fed,124643.0
Andhra Pradesh,Zaid,Alluvial,Mustard,505.4,19.9,74.5,7.56,2.92,64.3,59.9,46.7,Urea,Drip,1033.6
Karnataka,Zaid,Sandy,Barley,609.1,13.5,47.1,6.3,13.78,123.6,64.4,34.0,Potash,Drip,4251.4
Andhra Pradesh,Rabi,Red,Barley,489.2,21.8,48.0,8.07,17.48,27.2,74.3,18.6,Urea,Sprinkler,3004.6
Andhra Pradesh,Zaid,Laterite,Groundnut,687.9,29.7,52.6,6.29,2.15,111.8,10.8,59.3,Organic,Drip,1882.1
Andhra Pradesh,Rabi,Laterite,Jowar,451.8,22.5,74.7,5.79,19.52,101.6,65.8,75.7,Organic,Drip,2154.3
Karnataka,Zaid,Alluvial,Barley,364.8,9.0,76.7,7.51,4.29,81.0,73.8,10.7,Organic,Sprinkler,3450.4
West Bengal,Rabi,Loamy,Cotton,785.6,30.2,72.1,5.7,3.13,87.8,21.3,47.5,NPK,Rain-fed,927.8
Madhya Pradesh,Kharif,Clay,Barley,306.8,8.2,50.0,6.35,12.55,24.8,65.9,60.1,Compost,Rain-fed,2385.1
Tamil Nadu,Zaid,Clay,Wheat,646.7,13.0,40.8,6.82,13.13,42.9,78.1,53.1,Potash,Flood,2739.3
Uttar Pradesh,Kharif,Black,Soybean,1136.9,21.9,50.5,7.03,9.27,146.7,29.0,59.2,Potash,Flood,2770.1
West Bengal,Kharif,Black,Rice,1792.5,30.7,94.8,5.6,1.77,95.9,36.8,20.0,Organic,Flood,3569.0
West Bengal,Rabi,Alluvial,Barley,633.1,16.2,48.4,6.54,8.54,59.2,70.7,45.4,Potash,Rain-fed,4311.6
West Bengal,Zaid,Black,Jowar,338.3,25.8,94.0,8.09,15.55,116.6,52.4,74.5,Organic,Drip,1244.0
Haryana,Kharif,Red,Barley,578.8,18.1,72.7,8.09,11.9,31.8,59.0,60.5,Organic,Flood,1924.0
Madhya Pradesh,Zaid,Black,Mustard,482.4,21.3,94.1,8.22,17.5,117.6,69.6,57.5,Compost,Flood,1005.7
Madhya Pradesh,Kharif,Sandy,Rice,1395.9,23.7,57.2,6.3,1.65,126.6,42.6,47.4,Potash,Sprinkler,2897.1
Punjab,Rabi,Red,Groundnut,788.7,28.5,92.2,8.32,4.03,41.2,65.2,10.4,Potash,Rain-fed,1045.0
Uttar Pradesh,Kharif,Alluvial,Mustard,406.0,12.2,55.1,7.03,19.6,68.5,75.2,71.4,Compost,Rain-fed,1239.1
Haryana,Rabi,Red,Maize,1181.0,25.5,70.2,5.77,7.38,82.1,73.5,10.2,Potash,Drip,3158.7
Uttar Pradesh,Kharif,Loamy,Wheat,254.9,10.1,82.7,7.84,7.54,53.4,77.0,31.7,NPK,Flood,3495.3
Karnataka,Kharif,Red,Mustard,332.1,15.8,67.7,7.94,16.48,33.1,66.0,18.4,Potash,Rain-fed,839.5
Rajasthan,Zaid,Clay,Sugarcane,2229.1,31.7,73.6,7.34,15.21,46.7,45.0,77.2,Compost,Rain-fed,78038.2
Madhya Pradesh,Zaid,Sandy,Cotton,960.4,35.1,89.8,6.71,4.99,138.3,10.9,48.4,DAP,Drip,528.5
Tamil Nadu,Rabi,Red,Wheat,277.0,17.5,70.4,7.26,6.4,127.8,79.9,68.7,Potash,Sprinkler,4271.8
Tamil Nadu,Kharif,Clay,Sugarcane,1317.8,27.6,55.5,6.12,19.44,64.7,30.3,41.9,Organic,Sprinkler,77070.8
Madhya Pradesh,Kharif,Black,Soybean,1199.0,21.7,54.8,6.75,17.32,139.0,42.4,55.3,NPK,Sprinkler,1506.3
Haryana,Zaid,Sandy,Cotton,895.7,30.8,68.6,6.15,15.0,128.1,68.7,68.3,DAP,Sprinkler,457.9
Karnataka,Rabi,Clay,Maize,946.4,22.3,93.9,6.24,18.99,143.7,49.4,77.3,Organic,Drip,6560.1
Maharashtra,Rabi,Alluvial,Mustard,428.8,21.2,59.9,5.56,19.94,90.6,65.3,24.1,Urea,Drip,1408.0
Madhya Pradesh,Zaid,Laterite,Maize,648.9,20.1,62.6,8.26,17.66,66.7,32.8,28.7,Compost,Sprinkler,4022.1
Tamil Nadu,Rabi,Sandy,Jowar,585.3,22.9,83.6,8.39,5.01,133.1,36.4,71.6,Organic,Sprinkler,2138.6
Uttar Pradesh,Kharif,Sandy,Soybean,1098.9,26.8,67.9,5.7,18.51,135.2,44.8,69.5,Organic,Flood,1301.4
Madhya Pradesh,Zaid,Sandy,Jowar,737.3,27.6,94.0,6.58,7.67,132.0,13.2,50.1,Organic,Flood,1203.7
Punjab,Zaid,Clay,Rice,1117.7,23.1,91.5,8.04,5.29,34.3,56.9,64.6,Urea,Flood,4093.9
West Bengal,Kharif,Clay,Jowar,407.7,33.8,85.5,5.51,16.73,135.0,58.4,56.6,DAP,Drip,1762.5
Madhya Pradesh,Rabi,Alluvial,Jowar,489.0,23.2,66.5,6.1,3.24,132.2,12.2,78.4,Potash,Rain-fed,1205.5
Karnataka,Rabi,Alluvial,Jowar,424.8,30.4,61.7,5.98,3.93,34.4,70.7,48.1,NPK,Rain-fed,891.7
Madhya Pradesh,Zaid,Laterite,Rice,1546.5,24.9,90.0,8.04,14.31,90.7,57.3,49.2,Compost,Rain-fed,2703.6
Punjab,Rabi,Clay,Wheat,390.4,11.7,49.6,6.77,2.74,100.3,52.5,24.9,NPK,Sprinkler,4244.8
Haryana,Zaid,Loamy,Groundnut,550.1,31.9,91.8,6.69,8.97,120.0,79.9,15.0,Organic,Rain-fed,2732.2
Uttar Pradesh,Kharif,Laterite,Wheat,574.2,18.2,45.4,8.19,11.77,56.9,71.0,48.2,Potash,Sprinkler,3450.9
Madhya Pradesh,Kharif,Black,Wheat,601.7,19.7,42.7,8.01,10.05,60.7,37.8,59.0,DAP,Rain-fed,5710.4
Uttar Pradesh,Zaid,Loamy,Groundnut,848.3,34.8,45.3,6.08,17.01,102.4,23.1,68.0,Potash,Rain-fed,2637.5
Andhra Pradesh,Kharif,Red,Jowar,847.5,33.0,45.8,6.31,1.8,40.6,71.6,26.8,DAP,Drip,2979.0
Tamil Nadu,Zaid,Black,Mustard,287.6,23.8,73.9,7.29,9.12,101.0,50.8,36.2,Compost,Sprinkler,1993.1
Maharashtra,Zaid,Clay,Mustard,204.0,23.6,58.8,5.98,15.45,129.3,76.0,57.4,DAP,Sprinkler,1036.0
Maharashtra,Kharif,Laterite,Wheat,358.8,20.0,89.0,5.74,9.59,27.9,59.4,67.4,Potash,Flood,3835.0
Karnataka,Kharif,Alluvial,Barley,344.3,15.1,92.9,7.45,6.29,116.3,29.9,36.5,Urea,Drip,2310.4
Haryana,Zaid,Loamy,Maize,1028.6,18.3,46.0,7.3,1.49,119.0,25.1,43.9,Potash,Rain-fed,3989.8
Madhya Pradesh,Kharif,Loamy,Maize,1045.0,23.5,65.6,8.42,17.68,114.0,75.6,10.6,NPK,Rain-fed,5903.6
West Bengal,Kharif,Sandy,Barley,400.0,15.1,64.0,8.43,15.44,100.5,13.5,28.6,NPK,Rain-fed,3481.5
Rajasthan,Rabi,Alluvial,Groundnut,728.8,25.2,56.1,6.69,11.27,147.9,30.4,40.9,Compost,Drip,1276.8
Punjab,Rabi,Alluvial,Barley,513.7,10.5,82.9,5.69,7.61,121.6,13.1,58.5,NPK,Sprinkler,3036.9
Maharashtra,Rabi,Clay,Wheat,748.8,20.8,75.5,6.6,12.2,102.4,12.0,33.9,Organic,Rain-fed,4934.7
Andhra Pradesh,Zaid,Laterite,Barley,377.4,20.9,78.7,6.26,18.27,133.2,30.4,66.5,Compost,Rain-fed,1944.4
Maharashtra,Kharif,Red,Cotton,686.0,35.4,41.7,8.28,14.19,97.8,40.1,42.6,Urea,Flood,856.1
Maharashtra,Zaid,Sandy,Cotton,760.0,31.7,68.2,7.68,9.79,20.3,65.7,34.8,Potash,Sprinkler,346.1
Punjab,Kharif,Clay,Groundnut,635.6,25.3,62.9,7.54,17.58,59.1,49.8,53.3,Compost,Sprinkler,982.1
Andhra Pradesh,Kharif,Sandy,Maize,842.0,23.8,83.5,7.85,2.53,53.8,75.4,44.1,Potash,Flood,2316.8
Uttar Pradesh,Zaid,Loamy,Cotton,1110.3,35.6,79.8,7.04,2.69,99.2,46.1,74.9,NPK,Rain-fed,729.7
Rajasthan,Kharif,Red,Cotton,755.5,28.5,81.7,7.97,7.16,102.9,77.1,39.7,NPK,Sprinkler,1029.4
Punjab,Kharif,Red,Rice,1485.7,29.4,92.6,6.78,4.14,24.4,46.1,51.6,Organic,Flood,3009.6
Madhya Pradesh,Kharif,Sandy,Wheat,727.7,10.0,65.4,6.22,9.22,47.4,22.5,26.9,NPK,Rain-fed,4770.9
Uttar Pradesh,Zaid,Sandy,Rice,1544.9,25.3,61.5,5.64,10.46,129.5,48.4,69.1,DAP,Drip,5725.3
Punjab,Zaid,Red,Groundnut,641.6,25.9,59.9,8.24,9.79,63.5,25.9,44.7,Compost,Flood,1949.5
Punjab,Zaid,Laterite,Sugarcane,1162.3,35.4,77.0,6.61,2.06,68.4,74.7,36.5,Compost,Sprinkler,65130.0
Rajasthan,Rabi,Loamy,Soybean,767.3,26.9,78.5,8.46,1.97,51.1,54.1,66.5,Potash,Rain-fed,2453.9
West Bengal,Kharif,Alluvial,Soybean,1071.7,29.2,78.6,5.85,2.98,32.7,53.8,39.5,DAP,Drip,1654.4
Tamil Nadu,Zaid,Alluvial,Groundnut,643.7,29.9,90.3,6.68,8.97,106.2,36.8,39.0,Urea,Flood,1518.7
Rajasthan,Kharif,Loamy,Maize,1087.0,20.5,82.8,6.62,15.41,82.0,65.6,54.1,Organic,Sprinkler,4150.1
Madhya Pradesh,Zaid,Clay,Cotton,820.9,30.1,71.5,5.61,7.8,123.6,40.7,77.2,DAP,Sprinkler,531.9
Karnataka,Zaid,Clay,Barley,409.5,14.8,45.3,7.06,10.81,145.9,13.9,51.4,Urea,Drip,3734.5
Uttar Pradesh,Zaid,Sandy,Rice,1329.4,22.9,93.6,5.88,15.54,67.9,56.1,44.2,DAP,Rain-fed,3131.3
Karnataka,Rabi,Red,Cotton,663.5,29.5,51.6,6.35,18.45,96.3,42.2,36.5,Urea,Drip,556.1
Uttar Pradesh,Kharif,Red,Sugarcane,2183.5,36.0,56.5,7.24,18.83,28.1,36.5,16.0,NPK,Sprinkler,131121.9
Uttar Pradesh,Rabi,Laterite,Jowar,502.7,33.6,45.7,6.55,3.66,126.5,21.2,43.2,Urea,Flood,2475.2
Uttar Pradesh,Kharif,Sandy,Cotton,917.8,31.5,84.0,6.21,11.4,113.8,15.8,36.3,NPK,Flood,405.1
Tamil Nadu,Rabi,Black,Mustard,444.1,17.0,90.5,8.24,10.16,125.9,51.0,64.1,Compost,Rain-fed,1222.9
Karnataka,Rabi,Sandy,Cotton,805.4,29.1,44.8,6.75,7.83,60.0,24.7,22.1,NPK,Sprinkler,823.3
Karnataka,Zaid,Red,Maize,1000.2,23.8,72.4,7.61,2.03,55.9,53.2,55.4,Organic,Sprinkler,6168.6
Karnataka,Rabi,Red,Mustard,356.9,20.1,78.4,6.69,2.96,87.8,24.1,75.5,Potash,Drip,1014.3
West Bengal,Rabi,Red,Sugarcane,2369.3,32.0,66.9,6.17,1.55,103.3,33.9,13.3,NPK,Sprinkler,112179.2
Rajasthan,Rabi,Sandy,Jowar,826.1,26.8,64.0,6.03,2.05,70.6,26.1,25.1,NPK,Flood,1736.3
Tamil Nadu,Kharif,Red,Rice,1386.6,33.3,68.6,7.79,1.6,78.7,76.8,43.3,Organic,Flood,4631.8
Punjab,Kharif,Alluvial,Cotton,1019.7,36.1,42.9,6.09,14.26,52.7,30.2,35.7,Organic,Drip,666.9
Maharashtra,Kharif,Loamy,Soybean,1061.3,28.6,52.7,7.03,13.36,136.3,20.4,54.5,Compost,Flood,2606.1
Tamil Nadu,Rabi,Alluvial,Groundnut,783.6,29.8,79.3,6.95,12.93,66.6,39.7,32.3,Organic,Rain-fed,2693.9
Karnataka,Kharif,Black,Mustard,236.8,17.3,81.9,8.05,11.95,22.0,59.1,48.5,Compost,Drip,1677.3
West Bengal,Rabi,Sandy,Mustard,331.1,22.9,91.3,8.29,11.66,149.6,57.7,38.6,Compost,Drip,1673.2
Tamil Nadu,Zaid,Loamy,Maize,816.4,22.4,84.7,6.96,15.2,70.9,10.9,27.8,DAP,Drip,7766.4
Punjab,Kharif,Black,Maize,1025.7,28.0,93.3,6.56,6.92,69.6,34.3,68.9,Compost,Rain-fed,1909.3
West Bengal,Kharif,Laterite,Rice,1611.1,31.9,68.3,8.46,5.09,76.5,55.7,24.3,DAP,Drip,4132.3
Andhra Pradesh,Zaid,Clay,Soybean,668.8,23.8,58.1,6.77,18.27,55.1,37.3,40.6,Organic,Sprinkler,2339.6
Tamil Nadu,Rabi,Loamy,Mustard,551.4,15.3,72.5,6.57,15.3,139.3,22.0,21.1,Potash,Drip,2044.6
Tamil Nadu,Zaid,Black,Jowar,364.2,27.7,73.0,7.08,9.5,44.1,21.1,59.9,Organic,Flood,995.2
Madhya Pradesh,Rabi,Alluvial,Groundnut,642.0,26.3,90.6,6.97,17.44,126.0,14.3,27.3,Potash,Flood,2510.6
West Bengal,Rabi,Sandy,Barley,680.3,19.6,76.3,6.23,18.81,20.7,45.3,44.2,Urea,Sprinkler,2202.2
Rajasthan,Zaid,Black,Maize,788.2,30.5,48.1,6.11,6.08,139.0,38.4,19.0,Urea,Rain-fed,2884.6
Haryana,Rabi,Sandy,Wheat,513.3,21.1,89.6,7.23,9.21,103.8,49.7,46.1,Organic,Flood,2313.8
Madhya Pradesh,Kharif,Loamy,Wheat,464.8,23.9,73.5,7.34,10.24,89.1,46.1,11.4,NPK,Sprinkler,3508.4
Punjab,Kharif,Alluvial,Jowar,721.6,30.0,89.7,6.21,3.92,147.0,62.5,29.9,Organic,Drip,1802.2
Maharashtra,Rabi,Clay,Jowar,816.9,26.7,55.1,8.31,13.24,95.4,67.5,66.9,Urea,Rain-fed,1530.9
Karnataka,Kharif,Alluvial,Sugarcane,2142.3,36.1,86.7,6.95,13.56,95.2,14.3,42.9,NPK,Flood,62577.2
Rajasthan,Rabi,Alluvial,Mustard,214.7,19.4,83.8,8.21,13.66,133.1,62.3,39.7,Compost,Drip,1774.8
Tamil Nadu,Zaid,Loamy,Wheat,333.6,13.5,91.8,6.15,19.88,71.0,19.1,32.4,DAP,Flood,3086.6
West Bengal,Zaid,Black,Mustard,342.7,14.1,52.3,7.82,9.4,55.5,38.2,62.5,Urea,Sprinkler,845.3
Rajasthan,Rabi,Red,Sugarcane,1843.1,32.3,69.3,8.47,10.87,149.2,39.7,54.4,Potash,Drip,96332.1
Madhya Pradesh,Kharif,Alluvial,Groundnut,628.0,33.9,91.7,6.84,13.3,149.1,39.8,47.9,Organic,Flood,2712.3
Uttar Pradesh,Kharif,Laterite,Soybean,877.7,29.5,70.4,7.76,1.25,30.8,40.6,26.5,Potash,Sprinkler,2784.6
Uttar Pradesh,Rabi,Laterite,Maize,762.4,24.0,92.1,7.95,18.74,119.9,16.3,64.4,NPK,Rain-fed,4296.5
Andhra Pradesh,Rabi,Laterite,Soybean,663.1,26.8,50.0,6.79,15.28,34.3,77.8,25.6,Urea,Sprinkler,1372.4
Punjab,Zaid,Sandy,Jowar,898.0,25.6,93.7,7.98,19.97,46.6,45.3,59.8,DAP,Rain-fed,2400.1
Maharashtra,Zaid,Clay,Maize,1109.5,24.4,61.9,5.58,2.34,85.6,54.9,32.9,Compost,Flood,4821.4
West Bengal,Zaid,Alluvial,Groundnut,419.1,24.5,83.9,5.68,17.83,22.0,77.7,26.5,NPK,Rain-fed,2156.4
Rajasthan,Kharif,Loamy,Groundnut,759.7,22.3,63.9,5.68,9.71,131.1,61.3,15.6,NPK,Sprinkler,1188.6
Uttar Pradesh,Zaid,Laterite,Sugarcane,1298.6,27.1,77.6,8.05,4.71,134.6,22.0,34.3,DAP,Sprinkler,128918.5
Tamil Nadu,Kharif,Red,Soybean,627.6,25.8,76.7,6.56,11.69,59.5,69.9,62.8,Urea,Rain-fed,1600.2
Haryana,Kharif,Loamy,Wheat,477.3,12.8,69.8,8.36,15.6,92.6,38.7,65.6,DAP,Sprinkler,2130.1
West Bengal,Zaid,Loamy,Rice,1686.8,31.6,61.0,7.17,7.65,52.3,25.5,48.4,Potash,Rain-fed,4727.8
Rajasthan,Rabi,Alluvial,Mustard,215.5,21.1,68.2,5.69,17.95,39.0,30.7,11.1,NPK,Rain-fed,1935.1
Andhra Pradesh,Zaid,Clay,Groundnut,468.7,28.5,44.9,7.23,13.17,133.0,57.0,16.9,Organic,Flood,1854.0
Madhya Pradesh,Kharif,Sandy,Jowar,584.0,27.5,54.0,8.18,19.39,137.1,19.9,45.5,Potash,Drip,2148.6
Haryana,Kharif,Laterite,Barley,517.0,18.3,86.3,8.34,10.98,21.4,48.1,40.5,NPK,Sprinkler,2831.0
Rajasthan,Rabi,Loamy,Mustard,243.5,10.3,57.3,7.6,18.67,51.7,74.2,43.1,NPK,Flood,1263.7
Punjab,Rabi,Sandy,Mustard,373.5,14.5,83.1,7.68,8.57,130.0,73.4,41.6,Potash,Sprinkler,645.5
Madhya Pradesh,Zaid,Sandy,Cotton,1063.5,30.3,74.0,8.3,3.71,27.6,35.1,20.4,NPK,Rain-fed,471.8
Punjab,Zaid,Sandy,Sugarcane,1665.3,32.4,89.9,5.98,13.95,89.6,79.5,16.9,Urea,Drip,100874.7
Andhra Pradesh,Kharif,Loamy,Barley,569.7,18.9,80.5,5.63,4.22,32.8,78.0,70.8,DAP,Flood,3421.6
Maharashtra,Rabi,Sandy,Jowar,548.0,29.3,50.1,6.54,16.22,34.3,46.1,49.1,Urea,Flood,978.1
Rajasthan,Zaid,Alluvial,Wheat,334.5,14.6,70.1,7.79,11.72,36.6,40.5,52.7,Compost,Flood,4602.2
Karnataka,Rabi,Laterite,Jowar,356.5,31.0,73.0,8.3,5.16,133.0,75.9,44.2,Potash,Flood,1041.9
Haryana,Kharif,Loamy,Wheat,304.7,22.4,76.0,6.39,15.33,20.4,18.4,48.3,NPK,Rain-fed,6065.8
Andhra Pradesh,Zaid,Alluvial,Rice,1966.2,25.1,83.3,5.72,8.44,122.1,38.7,57.9,DAP,Rain-fed,4045.5
Andhra Pradesh,Rabi,Laterite,Cotton,658.3,26.1,85.6,8.2,1.83,61.6,40.4,21.8,Potash,Drip,689.2
Karnataka,Rabi,Red,Jowar,339.9,33.4,71.9,6.45,14.33,73.0,32.7,51.0,Organic,Rain-fed,1524.0
Rajasthan,Kharif,Red,Barley,383.7,20.1,57.0,6.52,4.34,51.8,27.3,76.1,Organic,Flood,4053.0
Haryana,Kharif,Red,Soybean,650.7,28.2,72.4,7.86,1.38,53.7,67.3,26.0,DAP,Sprinkler,2173.5
Andhra Pradesh,Kharif,Clay,Barley,621.8,8.8,93.8,7.92,5.89,126.6,73.3,16.9,Potash,Sprinkler,1789.7
Uttar Pradesh,Kharif,Black,Jowar,540.7,32.7,81.3,8.02,5.9,138.9,63.5,17.9,Organic,Rain-fed,1206.0
Maharashtra,Rabi,Red,Wheat,459.7,17.1,45.2,6.39,18.57,142.1,79.4,46.9,DAP,Drip,3657.7
Andhra Pradesh,Rabi,Alluvial,Wheat,677.4,12.9,51.0,7.29,4.3,51.6,33.6,76.0,Potash,Sprinkler,6184.0
Tamil Nadu,Zaid,Alluvial,Sugarcane,1213.2,27.1,80.6,5.75,6.55,68.0,34.1,65.1,Organic,Rain-fed,102605.5
Uttar Pradesh,Rabi,Clay,Soybean,1097.0,24.5,91.1,7.73,5.21,37.7,44.0,65.9,DAP,Rain-fed,2781.1
Haryana,Kharif,Black,Cotton,661.5,28.4,48.0,7.14,1.71,135.2,34.8,19.3,NPK,Flood,486.7
Punjab,Zaid,Laterite,Rice,1455.7,29.7,76.8,6.41,9.36,95.0,16.0,35.1,Potash,Flood,3338.9
Madhya Pradesh,Zaid,Sandy,Soybean,603.0,27.9,52.3,6.3,2.32,79.1,42.2,56.9,DAP,Flood,1420.9
Karnataka,Kharif,Laterite,Cotton,567.3,35.9,46.7,6.15,17.36,29.9,47.6,55.4,Organic,Drip,858.3
Tamil Nadu,Rabi,Black,Maize,882.1,22.0,51.3,5.54,7.33,140.1,28.5,35.7,Potash,Rain-fed,1921.5
Tamil Nadu,Kharif,Laterite,Maize,735.8,21.6,89.5,6.28,8.17,136.0,70.8,50.2,Potash,Sprinkler,2886.1
Tamil Nadu,Rabi,Clay,Mustard,590.3,18.5,69.3,6.79,14.21,86.0,43.7,33.8,Organic,Rain-fed,968.4
Rajasthan,Zaid,Laterite,Sugarcane,2073.0,35.1,49.2,7.38,15.56,116.3,64.5,68.2,DAP,Rain-fed,83197.6
Maharashtra,Kharif,Laterite,Jowar,482.6,31.6,48.9,6.03,2.01,22.7,14.6,42.0,Urea,Drip,2314.4
West Bengal,Rabi,Black,Sugarcane,1326.9,37.0,80.1,7.33,2.08,82.0,75.4,30.3,DAP,Drip,127216.4
Uttar Pradesh,Zaid,Sandy,Barley,310.8,20.6,48.0,6.27,11.93,85.0,36.2,54.8,Urea,Rain-fed,2592.4
Tamil Nadu,Zaid,Alluvial,Wheat,345.0,12.6,42.3,5.92,2.04,44.3,44.9,35.9,Compost,Sprinkler,4596.7
Madhya Pradesh,Rabi,Clay,Cotton,820.8,33.5,62.6,7.01,19.36,137.6,22.5,43.8,Potash,Flood,895.9
Maharashtra,Rabi,Sandy,Jowar,830.3,33.7,93.8,5.83,9.51,116.9,18.3,26.8,DAP,Flood,1279.5
Rajasthan,Kharif,Loamy,Maize,857.8,18.8,69.9,8.47,4.49,90.3,27.5,33.3,Urea,Sprinkler,6247.9
Madhya Pradesh,Zaid,Clay,Maize,586.3,24.5,73.1,5.84,15.91,22.6,63.9,48.4,Organic,Rain-fed,4590.4
Haryana,Zaid,Red,Mustard,311.5,11.3,93.3,7.51,8.81,39.9,43.3,55.3,NPK,Rain-fed,811.6
Punjab,Rabi,Loamy,Barley,569.4,15.7,70.6,6.38,12.61,56.4,48.0,21.8,DAP,Drip,4257.7
Maharashtra,Rabi,Alluvial,Groundnut,715.5,27.9,47.1,5.8,16.43,78.3,17.7,46.1,Urea,Flood,1332.2
Karnataka,Kharif,Red,Mustard,560.2,20.9,59.7,6.2,6.66,103.4,20.8,28.8,Potash,Sprinkler,858.1
Andhra Pradesh,Kharif,Clay,Soybean,892.7,23.4,94.8,7.68,0.8,146.3,66.6,49.7,Urea,Flood,1246.3
Punjab,Rabi,Red,Rice,1033.7,28.3,69.7,5.74,15.45,31.2,69.4,48.3,DAP,Flood,5401.9
Punjab,Rabi,Laterite,Jowar,688.1,23.4,94.3,6.96,5.15,54.4,60.9,68.6,NPK,Rain-fed,2454.8
Haryana,Rabi,Black,Maize,1023.4,30.5,66.8,6.93,18.03,116.0,53.3,74.5,DAP,Flood,3907.7
Haryana,Zaid,Black,Wheat,323.5,14.8,78.6,8.06,19.19,93.0,39.1,15.0,NPK,Drip,4257.9
Tamil Nadu,Kharif,Black,Maize,1087.9,21.3,51.0,8.2,10.19,74.2,32.9,51.8,NPK,Sprinkler,6041.2
Maharashtra,Rabi,Alluvial,Mustard,225.8,19.1,82.6,6.68,7.99,87.4,38.4,67.3,DAP,Drip,1116.1
Rajasthan,Zaid,Loamy,Mustard,354.0,19.7,53.7,5.63,4.48,89.3,57.6,14.0,Organic,Rain-fed,838.7
Tamil Nadu,Kharif,Clay,Wheat,569.5,22.3,89.3,8.42,5.21,89.5,70.6,31.3,Urea,Rain-fed,4856.7
Karnataka,Rabi,Laterite,Sugarcane,1535.4,34.3,64.2,5.74,12.64,69.7,37.6,79.9,Compost,Rain-fed,72833.2
Maharashtra,Rabi,Clay,Sugarcane,1715.2,35.0,43.7,6.11,19.5,93.0,35.7,13.1,Organic,Sprinkler,73727.2
Haryana,Zaid,Loamy,Cotton,1030.6,28.4,89.5,6.92,17.22,32.5,43.3,51.2,Urea,Flood,612.3
Maharashtra,Kharif,Clay,Jowar,684.6,22.0,91.3,5.71,6.93,88.5,48.0,65.6,NPK,Flood,1279.8
Haryana,Rabi,Red,Cotton,1125.5,28.9,94.0,6.85,17.02,26.0,56.2,64.3,DAP,Rain-fed,517.9
Rajasthan,Rabi,Clay,Barley,315.6,13.6,60.4,6.61,16.24,123.6,49.7,32.8,NPK,Flood,2978.6
Madhya Pradesh,Zaid,Red,Mustard,313.8,16.4,90.3,6.26,8.34,98.7,70.2,74.5,Urea,Drip,755.3
Andhra Pradesh,Kharif,Clay,Cotton,932.7,23.4,95.0,7.04,11.25,39.2,31.2,27.3,Potash,Rain-fed,782.3
Madhya Pradesh,Zaid,Black,Mustard,282.9,14.9,55.2,8.11,3.33,143.9,53.8,60.2,Potash,Flood,1286.4
Karnataka,Rabi,Clay,Groundnut,492.5,22.5,57.9,6.08,5.0,46.6,71.5,41.3,Compost,Drip,2590.9
Uttar Pradesh,Kharif,Sandy,Maize,991.9,31.5,74.5,8.3,19.17,22.6,17.4,68.4,Organic,Rain-fed,5400.2
Tamil Nadu,Zaid,Sandy,Barley,295.8,10.0,72.4,7.85,2.95,35.5,43.1,30.0,Potash,Drip,4073.7
Madhya Pradesh,Kharif,Sandy,Maize,859.8,29.6,62.5,7.51,2.55,117.9,78.1,53.4,NPK,Flood,5671.6
Uttar Pradesh,Rabi,Sandy,Soybean,608.7,26.5,60.6,7.75,5.04,114.7,55.1,20.9,Potash,Sprinkler,2122.6
Madhya Pradesh,Zaid,Sandy,Sugarcane,1497.3,27.1,67.8,6.69,8.2,84.7,33.7,53.8,Organic,Flood,125595.8
Rajasthan,Kharif,Alluvial,Maize,1180.5,19.4,51.3,8.08,6.37,56.5,74.9,77.5,Compost,Sprinkler,2229.6
Karnataka,Zaid,Laterite,Sugarcane,1732.8,31.7,83.1,6.17,6.41,103.8,22.7,28.0,Organic,Rain-fed,109166.7
Maharashtra,Kharif,Alluvial,Barley,377.1,9.6,85.2,5.74,17.38,79.6,48.5,36.3,Potash,Rain-fed,1831.6
West Bengal,Zaid,Loamy,Wheat,489.2,19.2,90.4,6.47,10.85,142.0,58.7,32.7,Urea,Sprinkler,2957.9
Andhra Pradesh,Rabi,Clay,Sugarcane,1100.7,26.0,57.0,5.68,5.1,149.3,26.5,26.7,DAP,Flood,109442.7
West Bengal,Zaid,Black,Barley,316.1,11.1,78.1,7.17,8.65,115.6,17.2,48.7,Potash,Sprinkler,3928.9
Madhya Pradesh,Kharif,Laterite,Rice,1819.5,31.4,76.6,6.86,3.57,41.4,40.1,38.6,Compost,Drip,4856.6
West Bengal,Kharif,Alluvial,Sugarcane,2154.4,37.7,44.4,6.78,10.92,95.4,20.2,31.7,Urea,Sprinkler,67157.8
Madhya Pradesh,Zaid,Clay,Groundnut,658.0,29.1,92.1,6.53,6.35,124.7,36.5,62.3,DAP,Rain-fed,2811.3
Rajasthan,Zaid,Clay,Cotton,596.2,27.1,42.6,6.38,11.94,109.1,67.5,39.4,Potash,Flood,908.9
West Bengal,Zaid,Red,Maize,1080.0,22.5,50.7,7.25,12.01,28.9,37.9,23.1,DAP,Sprinkler,3056.7
Karnataka,Zaid,Clay,Jowar,647.0,25.2,79.9,7.43,3.97,58.9,19.4,39.6,DAP,Flood,1151.8
Maharashtra,Zaid,Clay,Mustard,540.7,21.1,40.9,6.09,8.22,100.5,53.3,57.8,DAP,Sprinkler,1338.4
Punjab,Rabi,Clay,Barley,562.7,14.7,76.8,6.42,4.58,98.9,56.0,50.5,NPK,Drip,5150.1
Tamil Nadu,Zaid,Laterite,Groundnut,737.2,22.0,57.8,8.44,2.17,42.5,10.5,45.1,Compost,Flood,1361.7
Haryana,Rabi,Clay,Soybean,612.6,24.0,59.1,6.26,5.25,126.2,16.1,30.5,DAP,Drip,1102.2
West Bengal,Kharif,Loamy,Groundnut,439.0,30.1,62.5,6.35,5.87,146.6,34.4,12.7,Urea,Rain-fed,919.6
Rajasthan,Zaid,Alluvial,Groundnut,748.7,34.7,66.1,6.42,10.39,99.3,23.0,55.9,Potash,Drip,2061.1
Andhra Pradesh,Rabi,Red,Soybean,862.6,29.5,64.6,7.95,9.09,57.9,68.7,46.6,Potash,Rain-fed,1646.1
West Bengal,Kharif,Red,Jowar,806.6,22.9,47.4,5.54,9.05,99.7,34.1,31.6,Potash,Rain-fed,1167.1
Tamil Nadu,Zaid,Red,Groundnut,497.8,35.5,84.7,7.73,17.58,118.9,55.9,26.3,Organic,Sprinkler,2561.5
Punjab,Zaid,Alluvial,Groundnut,706.8,28.3,72.3,7.85,0.73,48.3,22.8,64.1,Organic,Flood,1305.0
Tamil Nadu,Rabi,Black,Cotton,642.6,28.7,62.3,7.1,19.1,47.0,77.4,77.0,Organic,Rain-fed,442.5
Uttar Pradesh,Rabi,Alluvial,Jowar,454.7,24.1,92.7,6.78,7.45,89.2,36.3,37.0,Compost,Flood,1122.5
Andhra Pradesh,Kharif,Laterite,Jowar,899.9,32.4,85.0,7.04,5.82,58.4,69.4,36.6,DAP,Flood,1608.7
Andhra Pradesh,Zaid,Black,Groundnut,444.0,32.2,68.4,5.52,2.03,82.1,14.4,54.1,DAP,Sprinkler,1021.1
Andhra Pradesh,Rabi,Loamy,Groundnut,410.7,24.2,86.6,5.9,1.19,147.3,17.7,17.1,Urea,Drip,2413.4
Punjab,Kharif,Clay,Maize,1123.7,28.9,73.9,7.31,18.31,100.8,13.3,52.5,Compost,Sprinkler,3340.4
Andhra Pradesh,Zaid,Laterite,Soybean,935.5,22.8,75.0,7.75,5.36,145.5,30.9,25.6,Compost,Drip,1379.4
Rajasthan,Zaid,Sandy,Wheat,348.6,10.7,72.8,5.98,12.87,22.4,47.8,79.2,NPK,Sprinkler,3496.1
Karnataka,Zaid,Red,Soybean,919.3,20.7,42.6,8.4,14.74,140.8,42.9,69.7,Compost,Drip,994.0
Uttar Pradesh,Rabi,Alluvial,Wheat,303.1,18.2,79.9,6.19,3.54,84.1,66.1,34.8,NPK,Flood,4469.8
West Bengal,Zaid,Sandy,Sugarcane,1358.2,36.4,45.0,7.83,4.19,87.5,37.1,42.8,NPK,Rain-fed,107941.7
Madhya Pradesh,Zaid,Red,Cotton,787.3,29.3,83.9,6.03,2.02,146.9,16.2,67.0,NPK,Drip,1104.3
Haryana,Zaid,Clay,Soybean,1024.5,24.3,59.5,5.98,13.14,85.5,20.1,69.1,DAP,Sprinkler,2164.8
Rajasthan,Kharif,Alluvial,Mustard,417.9,17.7,59.6,5.8,6.36,78.7,23.3,50.9,DAP,Flood,1056.8
Andhra Pradesh,Kharif,Laterite,Maize,714.1,22.4,77.6,6.36,1.04,40.0,25.4,67.2,DAP,Drip,6095.1
Karnataka,Kharif,Alluvial,Maize,1166.1,27.0,79.9,6.28,18.73,57.1,33.6,34.4,NPK,Rain-fed,2730.8
Haryana,Zaid,Laterite,Mustard,270.0,22.4,67.7,7.51,18.02,82.9,12.3,74.1,NPK,Rain-fed,1990.3
West Bengal,Zaid,Clay,Wheat,743.9,18.3,79.4,5.65,9.87,76.3,62.5,42.1,Compost,Drip,2958.4
West Bengal,Zaid,Laterite,Maize,1084.4,25.5,64.8,6.93,1.42,119.1,31.0,38.7,Urea,Drip,5212.8
Tamil Nadu,Kharif,Sandy,Mustard,223.9,18.9,93.5,7.39,17.55,47.9,16.6,47.2,Compost,Sprinkler,1702.5
West Bengal,Kharif,Black,Barley,444.9,14.1,59.2,7.44,2.76,105.8,48.2,40.1,Compost,Sprinkler,2108.8
Maharashtra,Rabi,Loamy,Groundnut,751.3,22.8,57.0,7.26,18.99,55.9,75.7,12.5,Potash,Flood,2660.6
Tamil Nadu,Kharif,Loamy,Cotton,943.3,32.2,46.0,5.65,17.84,123.7,62.3,51.9,Organic,Flood,512.3
Uttar Pradesh,Rabi,Alluvial,Mustard,288.1,17.6,72.5,7.1,16.97,128.1,24.8,54.8,Potash,Flood,773.9
Karnataka,Rabi,Alluvial,Soybean,1028.1,20.2,60.9,5.63,14.42,127.7,60.7,74.5,Organic,Rain-fed,1410.0
Madhya Pradesh,Zaid,Alluvial,Maize,826.5,25.4,79.2,5.94,7.15,113.8,71.6,49.8,Compost,Flood,1618.8
Karnataka,Zaid,Loamy,Maize,504.0,19.9,89.6,7.92,1.9,126.5,66.2,76.2,NPK,Rain-fed,6446.9
Uttar Pradesh,Kharif,Red,Barley,690.4,17.1,69.4,7.88,5.88,93.3,76.0,28.7,Urea,Drip,4514.1
Karnataka,Rabi,Black,Mustard,597.7,14.9,65.0,6.06,4.25,76.2,15.3,73.7,Urea,Rain-fed,1390.7
Andhra Pradesh,Zaid,Loamy,Sugarcane,1070.4,29.6,75.6,8.21,18.26,67.4,65.5,59.2,DAP,Drip,65614.6
Madhya Pradesh,Zaid,Alluvial,Maize,1058.6,23.1,80.4,7.15,18.3,72.1,70.4,13.5,NPK,Rain-fed,6725.5
West Bengal,Kharif,Black,Jowar,532.3,31.1,51.6,6.33,11.55,115.6,36.5,70.2,Urea,Rain-fed,1623.4
Andhra Pradesh,Kharif,Red,Soybean,1034.2,28.1,69.9,7.87,7.83,142.9,10.9,72.7,Urea,Rain-fed,2330.3
Madhya Pradesh,Rabi,Black,Soybean,958.4,20.1,52.3,8.41,12.9,48.3,72.5,56.7,Potash,Drip,2630.1
Maharashtra,Rabi,Sandy,Cotton,1021.7,29.9,87.6,7.25,7.64,59.7,26.7,44.2,Potash,Sprinkler,488.0
Madhya Pradesh,Kharif,Red,Groundnut,535.6,30.8,90.8,8.34,13.82,25.2,20.3,77.6,Urea,Flood,1583.9
West Bengal,Zaid,Black,Groundnut,591.3,31.9,90.5,7.19,7.43,67.4,67.2,16.9,DAP,Flood,2321.6
Maharashtra,Zaid,Loamy,Sugarcane,2479.6,37.6,82.4,7.44,6.21,25.5,23.5,39.7,NPK,Rain-fed,118876.6
Haryana,Kharif,Clay,Cotton,835.7,24.3,81.3,5.51,8.45,136.3,14.6,47.2,Organic,Flood,423.0
Tamil Nadu,Kharif,Sandy,Groundnut,565.2,33.9,92.6,6.36,1.73,67.6,42.9,49.2,Potash,Sprinkler,2691.9
West Bengal,Kharif,Red,Cotton,525.1,33.4,83.4,6.08,14.8,35.3,55.6,14.6,Potash,Flood,357.0
Haryana,Rabi,Sandy,Sugarcane,2342.3,30.3,68.6,8.35,13.16,89.1,53.9,54.8,NPK,Drip,100119.5
Madhya Pradesh,Rabi,Alluvial,Jowar,556.5,22.8,63.0,8.06,11.5,135.3,79.8,61.2,Potash,Flood,1264.1
Rajasthan,Kharif,Sandy,Rice,1233.2,28.5,42.7,5.98,5.87,66.9,69.1,60.2,DAP,Rain-fed,2271.8
Punjab,Kharif,Alluvial,Barley,256.5,11.6,74.4,8.15,4.3,55.2,66.4,57.8,Urea,Drip,3219.6
Andhra Pradesh,Rabi,Laterite,Soybean,866.5,24.4,60.2,8.09,1.07,98.9,29.3,39.9,Urea,Drip,1907.2
West Bengal,Zaid,Black,Barley,586.8,18.3,93.9,6.61,19.16,77.5,47.9,52.5,Urea,Flood,3436.5
Tamil Nadu,Kharif,Alluvial,Barley,271.5,17.3,57.9,8.37,9.59,134.5,63.7,42.7,Compost,Rain-fed,2990.2
Punjab,Zaid,Loamy,Mustard,489.7,18.8,68.2,7.11,4.36,22.3,36.8,66.6,Urea,Rain-fed,1474.6
Haryana,Rabi,Sandy,Sugarcane,1716.3,29.7,77.6,8.05,19.21,25.7,44.9,18.8,Urea,Flood,107201.6
Tamil Nadu,Kharif,Red,Soybean,622.2,25.4,49.0,6.35,15.74,149.2,37.1,42.4,Potash,Flood,1452.8
Maharashtra,Kharif,Black,Soybean,782.4,23.8,78.9,6.1,3.59,138.6,26.3,34.1,Urea,Flood,1402.8
Karnataka,Kharif,Sandy,Soybean,1122.4,21.8,79.1,7.81,8.59,121.3,56.9,71.3,DAP,Flood,2600.1
Madhya Pradesh,Kharif,Alluvial,Sugarcane,2155.5,32.0,42.2,6.49,16.52,41.1,27.6,25.0,NPK,Drip,123376.4
Karnataka,Rabi,Red,Sugarcane,2062.9,29.8,47.9,7.41,17.08,115.4,62.0,50.7,DAP,Flood,90008.1
Rajasthan,Zaid,Red,Rice,971.8,29.6,60.5,6.66,17.75,97.8,29.1,43.3,Urea,Rain-fed,3194.4
Haryana,Kharif,Alluvial,Mustard,383.8,21.6,57.6,6.79,1.52,86.0,11.7,47.9,Organic,Rain-fed,1994.3
Rajasthan,Rabi,Clay,Wheat,288.3,15.1,55.2,6.23,17.46,20.2,34.7,70.0,Urea,Drip,2542.1
Maharashtra,Rabi,Laterite,Jowar,848.4,33.7,58.3,6.23,16.4,126.5,10.8,66.5,NPK,Sprinkler,1217.1
West Bengal,Kharif,Loamy,Jowar,430.5,34.8,69.0,6.57,0.54,86.9,56.5,26.0,DAP,Sprinkler,1148.8
Rajasthan,Kharif,Clay,Mustard,485.1,12.8,42.4,8.07,4.79,77.0,54.3,15.3,Urea,Rain-fed,1419.4
Andhra Pradesh,Rabi,Red,Maize,592.0,23.6,59.6,7.6,12.34,30.6,18.9,72.5,Urea,Sprinkler,4891.8
Rajasthan,Zaid,Loamy,Barley,541.0,13.2,72.1,8.35,11.21,84.2,53.2,71.6,NPK,Flood,3680.0
West Bengal,Rabi,Clay,Jowar,468.8,33.4,41.0,6.18,12.96,21.6,57.8,69.1,Urea,Sprinkler,1675.3
Karnataka,Zaid,Loamy,Jowar,735.0,33.3,87.3,7.45,16.06,42.3,78.6,22.8,Urea,Flood,2520.7
Andhra Pradesh,Zaid,Alluvial,Cotton,1076.3,28.0,62.6,7.77,16.0,101.6,41.8,72.0,NPK,Drip,623.7
Rajasthan,Kharif,Alluvial,Groundnut,477.6,23.8,42.7,8.01,1.75,80.2,15.2,29.2,Compost,Sprinkler,2294.6
Andhra Pradesh,Kharif,Alluvial,Rice,1629.2,28.5,80.0,6.68,17.03,89.8,25.0,74.1,DAP,Sprinkler,2947.5
West Bengal,Zaid,Sandy,Mustard,331.0,20.2,92.4,5.78,1.68,122.5,73.4,50.8,NPK,Rain-fed,1270.0
Punjab,Kharif,Sandy,Barley,372.3,12.2,72.3,8.16,10.81,125.4,15.3,24.1,Organic,Sprinkler,3284.2
Maharashtra,Kharif,Red,Mustard,572.3,17.2,55.4,7.11,14.12,142.4,65.7,49.0,Potash,Sprinkler,1123.5
Andhra Pradesh,Rabi,Laterite,Groundnut,879.9,30.5,44.0,5.97,1.57,63.8,54.6,47.5,Potash,Rain-fed,1858.9
Uttar Pradesh,Rabi,Sandy,Maize,1092.3,18.8,83.3,7.05,8.89,75.8,61.9,28.9,Organic,Drip,4704.0
West Bengal,Rabi,Black,Maize,793.7,18.9,50.6,8.36,4.45,49.1,32.4,11.5,NPK,Rain-fed,5113.3
Maharashtra,Kharif,Clay,Maize,1173.1,31.7,91.2,5.53,11.89,44.2,51.3,13.5,NPK,Sprinkler,5912.2
Madhya Pradesh,Zaid,Loamy,Cotton,1036.6,24.1,75.5,7.92,18.95,115.2,72.7,75.5,Potash,Flood,635.0
Haryana,Kharif,Black,Maize,506.8,26.8,94.4,8.25,8.23,47.9,22.2,34.9,Compost,Drip,6562.4
Tamil Nadu,Rabi,Laterite,Maize,1118.9,30.9,55.1,7.5,3.35,24.6,52.0,55.2,Compost,Rain-fed,2613.5
Rajasthan,Rabi,Clay,Barley,675.6,13.1,87.3,5.51,4.2,143.5,20.8,12.6,NPK,Flood,3411.3
Maharashtra,Zaid,Alluvial,Groundnut,618.9,31.4,54.6,8.29,13.52,29.6,77.0,74.0,Urea,Sprinkler,2506.1
Madhya Pradesh,Kharif,Sandy,Soybean,737.5,29.6,54.3,5.64,8.41,134.7,79.3,66.6,DAP,Sprinkler,1878.3
West Bengal,Rabi,Clay,Groundnut,762.7,28.9,58.8,5.87,10.36,84.0,28.9,44.4,NPK,Drip,3084.9
Madhya Pradesh,Zaid,Laterite,Jowar,548.8,22.3,70.0,8.03,15.12,56.7,11.6,21.3,Compost,Drip,1583.1
Maharashtra,Zaid,Loamy,Jowar,329.9,26.8,45.9,7.44,15.24,61.1,62.6,54.8,DAP,Sprinkler,2237.8
Haryana,Rabi,Sandy,Mustard,437.6,23.7,78.0,6.49,6.86,35.9,39.8,76.1,Organic,Rain-fed,1514.5
Rajasthan,Kharif,Red,Mustard,356.1,19.9,62.6,5.79,5.23,90.3,26.1,25.9,DAP,Drip,2182.8
Karnataka,Kharif,Clay,Sugarcane,2318.3,28.0,91.0,7.52,16.15,52.7,36.6,21.0,Potash,Flood,76181.6
Punjab,Kharif,Sandy,Rice,1524.1,24.2,57.1,6.82,7.52,135.6,54.8,32.0,DAP,Drip,3068.2
Punjab,Rabi,Loamy,Soybean,723.2,26.6,40.3,6.15,14.15,56.4,38.6,12.6,Organic,Rain-fed,1360.1
Rajasthan,Rabi,Laterite,Cotton,1162.3,32.8,49.4,7.19,17.06,116.4,21.1,53.1,Urea,Drip,1064.3
Rajasthan,Zaid,Loamy,Sugarcane,1441.0,26.2,90.6,7.23,4.13,53.8,17.2,45.9,NPK,Flood,61236.6
Rajasthan,Zaid,Alluvial,Groundnut,682.7,31.9,91.9,5.75,10.98,144.6,73.0,40.8,Potash,Drip,2569.5
Uttar Pradesh,Zaid,Clay,Soybean,964.4,29.4,69.6,7.32,13.81,59.2,61.5,21.5,Organic,Flood,1563.8
West Bengal,Rabi,Sandy,Barley,241.0,13.3,70.5,6.48,4.8,56.9,46.6,36.6,Urea,Rain-fed,2198.6
Andhra Pradesh,Zaid,Black,Groundnut,892.6,26.1,86.2,6.49,15.09,119.9,37.3,75.7,Compost,Rain-fed,2302.7
Maharashtra,Rabi,Sandy,Sugarcane,1585.8,36.3,63.1,7.45,9.93,130.9,23.7,33.1,NPK,Rain-fed,94400.6
Maharashtra,Rabi,Red,Jowar,358.5,29.4,63.1,8.35,17.94,42.2,64.1,38.5,Compost,Drip,1513.3
Madhya Pradesh,Zaid,Black,Groundnut,416.7,27.8,69.2,7.75,5.2,132.6,27.6,79.3,DAP,Rain-fed,2095.0
Punjab,Rabi,Alluvial,Soybean,1008.6,26.7,43.0,6.55,12.61,23.3,43.4,40.9,Compost,Rain-fed,2195.8
West Bengal,Rabi,Black,Groundnut,603.0,34.6,60.6,6.61,19.46,126.3,59.6,10.4,Organic,Sprinkler,2646.0
Haryana,Rabi,Loamy,Jowar,543.2,29.2,48.9,7.86,14.95,74.8,39.6,63.2,Compost,Sprinkler,2239.2
Haryana,Zaid,Sandy,Rice,1521.7,26.0,87.2,6.46,8.79,45.9,52.0,50.0,Potash,Drip,2686.2
West Bengal,Kharif,Alluvial,Cotton,723.0,23.8,65.3,6.8,14.01,102.2,33.4,39.3,Urea,Rain-fed,341.8
Andhra Pradesh,Kharif,Laterite,Maize,601.2,22.5,92.9,6.32,11.77,116.8,13.3,13.2,Urea,Sprinkler,5389.8
Karnataka,Zaid,Loamy,Groundnut,783.7,24.0,50.2,8.37,12.0,69.8,30.0,34.5,DAP,Sprinkler,951.0
Uttar Pradesh,Rabi,Red,Barley,646.6,9.7,80.9,8.08,1.07,108.4,54.6,45.0,DAP,Drip,3453.1
Rajasthan,Kharif,Red,Cotton,983.2,32.5,88.1,5.93,17.57,55.9,31.3,33.1,Organic,Sprinkler,676.4
Uttar Pradesh,Rabi,Alluvial,Groundnut,735.8,30.5,44.1,6.46,6.73,85.3,29.8,41.1,Compost,Flood,1467.5
Haryana,Kharif,Laterite,Wheat,551.8,19.2,41.2,5.83,5.67,97.3,38.5,78.6,Organic,Drip,3451.1
Andhra Pradesh,Zaid,Clay,Mustard,561.1,11.6,62.8,7.35,14.44,134.9,41.5,20.5,NPK,Flood,2186.7
Madhya Pradesh,Zaid,Loamy,Rice,923.0,23.5,82.6,8.26,11.91,117.9,28.0,31.7,Urea,Drip,3658.9
Tamil Nadu,Rabi,Loamy,Sugarcane,2137.5,26.8,45.4,6.94,16.36,23.8,48.7,57.6,Organic,Rain-fed,106591.8
Rajasthan,Zaid,Laterite,Soybean,906.2,24.4,94.0,7.94,18.12,38.2,15.9,28.4,Urea,Flood,1629.8
Andhra Pradesh,Rabi,Laterite,Cotton,518.1,29.2,81.2,7.53,19.44,89.9,27.2,37.0,Potash,Flood,351.6
Andhra Pradesh,Kharif,Loamy,Mustard,237.3,12.3,74.2,6.84,9.9,111.8,28.3,45.3,Organic,Sprinkler,1407.0
West Bengal,Zaid,Clay,Sugarcane,2029.5,30.8,42.7,7.61,19.57,53.7,21.0,30.1,NPK,Rain-fed,80570.4
Rajasthan,Rabi,Red,Mustard,208.1,23.9,60.5,8.07,10.22,107.7,35.6,45.1,Urea,Drip,2258.0
Uttar Pradesh,Rabi,Sandy,Soybean,626.0,28.0,42.4,5.95,18.48,149.1,57.6,41.1,Compost,Flood,2485.0
West Bengal,Rabi,Black,Jowar,397.1,26.9,57.1,7.86,1.48,47.4,79.5,50.0,Potash,Rain-fed,996.5
West Bengal,Zaid,Laterite,Maize,662.9,27.2,58.2,7.16,5.52,39.5,53.2,69.7,Potash,Flood,2192.0
Punjab,Kharif,Black,Mustard,218.4,19.9,81.2,6.25,0.53,24.0,27.4,33.5,Compost,Sprinkler,1101.6
Rajasthan,Kharif,Red,Mustard,469.7,15.2,58.0,7.28,18.4,71.1,69.5,38.7,Compost,Drip,1900.0
West Bengal,Rabi,Sandy,Rice,1283.2,24.7,79.4,7.97,15.32,107.2,44.8,50.2,Urea,Flood,3296.1
Andhra Pradesh,Zaid,Sandy,Jowar,868.7,22.2,61.6,7.97,4.52,136.7,70.6,31.6,Urea,Flood,2492.4
Tamil Nadu,Rabi,Sandy,Soybean,1040.1,23.1,84.3,6.99,10.77,86.2,39.2,79.6,Potash,Rain-fed,1212.9
Karnataka,Rabi,Black,Groundnut,637.4,32.4,77.4,8.46,0.55,140.1,70.4,11.6,Compost,Rain-fed,1805.3
Haryana,Zaid,Clay,Barley,205.9,16.9,92.0,8.43,17.94,45.3,53.8,48.1,NPK,Rain-fed,1711.8
Maharashtra,Rabi,Black,Rice,1392.5,31.2,86.9,7.1,19.38,115.1,71.4,68.2,Potash,Rain-fed,2849.3
West Bengal,Rabi,Alluvial,Groundnut,524.6,28.8,85.1,7.94,3.21,82.4,32.7,74.2,Potash,Rain-fed,2018.5
Uttar Pradesh,Rabi,Laterite,Rice,1097.8,32.4,70.1,7.19,0.63,114.7,23.2,63.9,Urea,Drip,3468.7
West Bengal,Kharif,Loamy,Wheat,720.9,24.0,76.5,6.39,6.6,74.4,79.1,30.0,Potash,Sprinkler,4206.0
Tamil Nadu,Rabi,Sandy,Jowar,362.9,25.7,59.0,8.04,0.72,37.1,67.6,64.5,Organic,Rain-fed,1717.9
Tamil Nadu,Kharif,Laterite,Mustard,273.2,21.2,89.0,7.28,11.0,91.2,39.4,73.7,NPK,Rain-fed,1153.6
Punjab,Kharif,Sandy,Wheat,287.0,21.7,49.9,8.01,8.39,145.6,27.9,75.5,Potash,Drip,3230.5
Karnataka,Zaid,Clay,Maize,877.4,20.4,94.0,8.05,14.82,140.9,42.6,19.4,Organic,Rain-fed,3827.7
Maharashtra,Zaid,Clay,Jowar,504.3,26.1,68.3,8.06,14.97,134.9,39.1,34.2,Potash,Flood,983.9
Maharashtra,Rabi,Sandy,Wheat,455.6,22.8,92.2,6.76,16.42,58.9,51.7,79.9,NPK,Drip,4683.2
West Bengal,Kharif,Laterite,Groundnut,417.8,32.9,80.4,8.07,12.41,112.7,25.7,17.7,Compost,Rain-fed,2240.2
West Bengal,Zaid,Black,Cotton,904.2,29.7,92.1,6.94,2.08,70.9,59.7,50.6,Urea,Flood,862.7
Andhra Pradesh,Rabi,Alluvial,Soybean,932.8,26.8,90.1,7.04,3.57,108.7,53.3,31.6,DAP,Flood,1447.3
Rajasthan,Kharif,Black,Wheat,359.2,20.6,73.7,8.13,10.78,80.2,67.5,23.6,Organic,Flood,2199.3
Maharashtra,Kharif,Alluvial,Mustard,403.9,23.7,61.2,7.4,10.96,52.3,46.5,11.7,Potash,Sprinkler,1219.1
Tamil Nadu,Zaid,Black,Sugarcane,1273.0,27.6,59.1,8.44,7.4,104.3,76.5,70.0,Organic,Sprinkler,115740.6
Punjab,Zaid,Alluvial,Soybean,937.3,24.0,93.8,6.64,14.92,110.3,75.4,36.8,Potash,Flood,934.2
West Bengal,Rabi,Red,Sugarcane,1802.3,29.8,80.8,5.9,10.47,88.3,77.0,43.7,Potash,Sprinkler,100772.1
Rajasthan,Zaid,Clay,Mustard,291.9,14.6,57.3,7.21,12.45,118.4,19.5,77.6,Potash,Drip,2076.8
Haryana,Zaid,Clay,Groundnut,606.1,32.4,46.9,6.85,4.62,137.7,29.4,19.0,Organic,Rain-fed,1399.6
Maharashtra,Zaid,Clay,Groundnut,428.9,30.7,41.2,6.5,1.62,28.1,21.7,38.7,Organic,Drip,1949.1
Punjab,Zaid,Red,Barley,566.3,16.3,88.0,6.34,2.36,33.5,32.6,47.7,Compost,Flood,3850.8
Madhya Pradesh,Rabi,Clay,Groundnut,709.5,25.7,43.4,8.49,10.69,66.5,58.3,43.0,NPK,Flood,1504.0
Madhya Pradesh,Zaid,Sandy,Wheat,325.6,22.8,59.3,5.76,4.13,145.3,58.0,32.9,Compost,Sprinkler,3061.0
Punjab,Zaid,Clay,Cotton,920.0,33.8,71.5,6.23,16.86,103.6,65.6,72.7,NPK,Rain-fed,847.8
Punjab,Zaid,Sandy,Wheat,397.0,12.1,90.7,6.25,5.17,127.8,60.9,20.5,NPK,Sprinkler,3511.0
Punjab,Zaid,Red,Sugarcane,2401.4,33.8,40.7,7.89,6.89,63.7,44.9,59.2,NPK,Rain-fed,113027.7
West Bengal,Kharif,Loamy,Mustard,488.3,14.2,77.2,7.44,1.65,93.6,69.4,78.2,Compost,Rain-fed,1994.5
Karnataka,Rabi,Black,Maize,725.9,24.9,57.5,6.08,9.83,28.8,18.9,17.9,DAP,Drip,7367.8
Tamil Nadu,Rabi,Clay,Groundnut,715.2,31.7,60.7,7.24,10.55,55.4,47.7,20.8,Compost,Drip,2535.2
Haryana,Rabi,Sandy,Maize,1005.3,31.3,91.5,6.68,9.75,56.5,72.7,33.3,Compost,Sprinkler,4448.9
Madhya Pradesh,Kharif,Red,Jowar,778.4,32.1,78.7,7.19,12.21,30.6,56.9,42.9,Urea,Drip,1824.9
Maharashtra,Rabi,Laterite,Cotton,998.9,26.6,76.5,5.85,12.24,57.9,69.4,79.8,Potash,Drip,741.4
Rajasthan,Kharif,Alluvial,Groundnut,620.3,32.5,54.2,7.84,16.7,98.5,25.4,26.1,Organic,Drip,1786.2
Tamil Nadu,Kharif,Black,Jowar,538.1,23.4,52.9,7.3,17.19,141.2,73.2,24.6,Potash,Drip,1380.6
Maharashtra,Kharif,Red,Barley,298.0,20.7,71.0,6.67,12.82,42.1,18.4,12.3,NPK,Sprinkler,2623.2
Tamil Nadu,Rabi,Sandy,Cotton,1077.1,33.2,86.7,6.2,6.64,30.3,32.8,41.4,Compost,Flood,411.8
Madhya Pradesh,Rabi,Red,Jowar,722.4,23.8,56.4,5.83,14.85,31.2,64.1,26.3,NPK,Drip,2387.9
Karnataka,Kharif,Red,Barley,253.8,21.8,80.7,7.51,4.66,102.9,48.0,43.1,NPK,Drip,3142.3
Madhya Pradesh,Zaid,Red,Mustard,215.4,12.1,74.8,7.67,12.15,95.2,11.9,80.0,Organic,Drip,782.5
Haryana,Zaid,Black,Wheat,448.4,17.8,57.8,6.2,5.75,78.8,36.5,78.2,Organic,Flood,2499.9
West Bengal,Zaid,Loamy,Rice,1062.6,33.1,73.4,7.95,10.67,111.1,73.6,16.4,NPK,Rain-fed,3204.1
Andhra Pradesh,Zaid,Clay,Sugarcane,1786.2,32.3,45.7,7.69,12.69,64.0,20.5,52.3,Urea,Flood,82609.5
Maharashtra,Kharif,Sandy,Mustard,407.5,15.5,52.2,5.98,19.98,72.7,71.0,54.9,NPK,Sprinkler,1290.4
Haryana,Rabi,Red,Rice,1265.5,25.6,49.4,6.61,4.39,118.9,43.3,21.4,Urea,Sprinkler,2194.2
Haryana,Rabi,Alluvial,Barley,672.8,19.8,89.5,7.27,17.67,46.0,60.8,46.8,Urea,Rain-fed,3570.9
Punjab,Kharif,Laterite,Mustard,534.6,11.2,75.7,8.4,14.17,99.8,37.9,68.7,DAP,Rain-fed,1226.7
Andhra Pradesh,Rabi,Alluvial,Jowar,687.4,34.6,41.5,7.47,12.26,35.9,50.9,73.8,Potash,Flood,2535.9
Rajasthan,Zaid,Clay,Mustard,318.6,10.5,67.4,5.79,7.94,49.8,32.4,62.3,DAP,Rain-fed,1691.7
Uttar Pradesh,Kharif,Laterite,Groundnut,687.6,34.1,91.0,7.81,16.71,122.9,40.3,11.6,Compost,Rain-fed,897.0
Tamil Nadu,Zaid,Sandy,Wheat,689.7,20.6,50.6,6.77,12.68,62.3,71.0,35.4,DAP,Sprinkler,4183.0
West Bengal,Zaid,Laterite,Barley,550.2,8.4,89.4,8.29,1.99,90.2,36.1,49.8,Potash,Sprinkler,2861.8
Uttar Pradesh,Rabi,Loamy,Maize,569.9,30.1,85.1,8.2,2.57,45.6,61.6,61.0,Organic,Flood,1533.2
Andhra Pradesh,Kharif,Laterite,Jowar,552.0,33.9,93.0,7.71,16.67,79.3,15.7,59.0,DAP,Sprinkler,1039.7
Tamil Nadu,Rabi,Alluvial,Barley,393.6,21.7,71.7,8.0,4.75,66.2,44.2,65.4,Organic,Sprinkler,1869.9
Haryana,Zaid,Black,Mustard,203.8,14.1,76.5,8.33,19.06,117.9,60.3,13.5,Compost,Rain-fed,1905.6
Punjab,Rabi,Laterite,Jowar,365.3,25.5,92.2,7.25,2.5,135.5,57.4,21.8,DAP,Drip,2496.0
Karnataka,Zaid,Sandy,Soybean,782.5,28.8,76.4,6.4,8.94,135.8,55.2,44.8,NPK,Flood,1196.4
Rajasthan,Rabi,Clay,Maize,793.5,27.3,55.4,7.48,13.33,149.0,37.1,42.6,DAP,Rain-fed,6129.1
Tamil Nadu,Rabi,Black,Cotton,803.3,24.7,49.4,5.81,2.02,27.2,41.0,27.7,Compost,Sprinkler,371.6
Uttar Pradesh,Zaid,Laterite,Wheat,538.9,20.2,73.9,8.31,10.6,47.7,62.9,19.9,NPK,Rain-fed,4152.6
Madhya Pradesh,Rabi,Alluvial,Barley,311.8,11.4,49.2,6.29,16.33,78.9,59.7,52.1,Compost,Flood,3920.8
Maharashtra,Rabi,Black,Rice,1789.4,30.0,41.3,7.46,19.43,77.5,59.1,54.3,NPK,Flood,4591.2
West Bengal,Zaid,Black,Jowar,890.0,25.8,70.6,7.08,17.04,29.7,45.5,64.6,Urea,Sprinkler,2231.4
Tamil Nadu,Zaid,Black,Sugarcane,1515.6,25.3,40.0,8.36,8.14,56.1,14.4,64.1,NPK,Rain-fed,107459.9
Punjab,Zaid,Sandy,Maize,879.3,30.2,72.9,7.07,14.52,93.3,18.5,32.1,NPK,Rain-fed,5203.2
West Bengal,Rabi,Laterite,Rice,1885.0,22.3,57.4,6.37,10.06,80.9,63.6,69.2,DAP,Drip,3620.1
Tamil Nadu,Rabi,Alluvial,Jowar,557.2,33.4,72.7,7.79,12.37,39.8,42.5,30.6,NPK,Sprinkler,2265.5
Karnataka,Kharif,Alluvial,Wheat,375.6,20.1,72.3,6.37,4.98,36.5,18.4,79.6,Potash,Sprinkler,2735.7
Punjab,Zaid,Black,Soybean,1194.6,23.8,61.6,5.99,8.96,50.0,22.2,74.4,Compost,Flood,898.5
Rajasthan,Rabi,Black,Barley,376.6,17.6,51.5,6.57,15.76,62.4,56.5,63.6,NPK,Sprinkler,3345.7
Tamil Nadu,Kharif,Red,Barley,200.1,19.2,52.1,7.35,16.18,97.8,58.3,62.3,DAP,Sprinkler,1827.8
Madhya Pradesh,Kharif,Sandy,Sugarcane,1947.1,25.8,42.0,8.17,3.69,132.3,41.6,44.8,Potash,Rain-fed,74523.0
Punjab,Zaid,Black,Barley,654.8,14.0,44.5,7.83,7.33,105.3,41.3,57.9,Potash,Drip,2570.8
Uttar Pradesh,Zaid,Red,Cotton,1045.2,23.3,87.6,7.21,13.1,122.1,48.6,17.8,Urea,Drip,1054.9
Punjab,Zaid,Red,Soybean,935.3,21.8,56.3,7.02,3.11,43.7,28.5,59.4,NPK,Flood,2690.0
Maharashtra,Kharif,Loamy,Maize,735.4,31.7,52.8,7.76,9.23,106.1,17.7,68.8,DAP,Rain-fed,5079.3
Tamil Nadu,Kharif,Clay,Sugarcane,1115.6,24.6,89.6,8.31,9.9,125.4,45.1,58.9,Potash,Flood,81243.9
Punjab,Zaid,Laterite,Jowar,795.2,24.3,88.5,6.1,7.37,47.1,51.4,59.0,Organic,Rain-fed,2127.5
Madhya Pradesh,Rabi,Sandy,Wheat,618.7,13.1,88.3,5.57,6.12,104.7,17.1,69.2,Compost,Drip,5020.4
West Bengal,Zaid,Red,Maize,1138.2,26.4,58.1,6.94,17.41,33.1,70.5,11.8,NPK,Rain-fed,6961.0
Uttar Pradesh,Zaid,Black,Soybean,795.6,23.4,55.1,5.96,18.92,118.6,54.1,54.3,Organic,Rain-fed,2027.5
Madhya Pradesh,Rabi,Sandy,Wheat,326.2,22.1,78.7,8.22,19.29,125.7,16.6,80.0,Compost,Drip,4168.1
West Bengal,Rabi,Red,Cotton,581.3,25.1,45.9,6.97,9.13,59.0,77.7,30.2,DAP,Drip,587.5
Andhra Pradesh,Kharif,Clay,Barley,577.1,8.5,73.1,5.66,8.23,117.3,14.4,23.0,Potash,Flood,2596.4
Haryana,Rabi,Red,Rice,1218.8,22.9,67.0,8.35,14.76,118.5,62.1,11.4,NPK,Flood,5252.8
Maharashtra,Rabi,Laterite,Rice,1576.5,23.7,87.5,5.57,6.71,121.6,74.7,49.4,Potash,Flood,2334.4
Punjab,Zaid,Loamy,Soybean,754.6,29.4,44.1,5.95,19.13,114.6,72.9,69.7,Compost,Sprinkler,1232.7
Haryana,Zaid,Black,Wheat,530.2,17.1,84.6,7.46,12.93,107.0,75.3,38.3,NPK,Drip,6350.6
Uttar Pradesh,Kharif,Loamy,Rice,1988.2,27.3,58.4,7.8,5.04,93.5,52.3,75.5,Compost,Rain-fed,3994.3
Andhra Pradesh,Kharif,Loamy,Rice,1190.0,24.7,75.0,6.24,5.06,97.0,44.5,68.9,Potash,Sprinkler,4754.6
Karnataka,Kharif,Sandy,Rice,1598.2,34.4,43.9,6.59,1.01,34.3,66.1,34.2,Potash,Drip,2475.5
Madhya Pradesh,Zaid,Clay,Jowar,371.9,32.1,76.9,7.88,14.1,87.5,21.6,77.9,Organic,Rain-fed,1164.7
Haryana,Zaid,Sandy,Soybean,722.1,29.0,67.1,6.62,2.17,20.8,42.0,54.3,Potash,Drip,1887.6
Andhra Pradesh,Kharif,Alluvial,Jowar,466.5,33.9,57.8,7.75,18.3,48.3,25.4,52.3,NPK,Flood,1576.5
Rajasthan,Zaid,Clay,Soybean,1072.4,22.0,78.8,7.01,0.72,139.6,17.8,51.3,Organic,Rain-fed,2410.6
Rajasthan,Rabi,Black,Soybean,1193.6,27.2,80.0,7.83,17.13,86.4,70.0,70.5,Potash,Flood,878.0
Karnataka,Rabi,Laterite,Rice,991.7,34.1,88.6,5.89,17.19,136.9,15.7,77.5,Organic,Sprinkler,2303.3
Karnataka,Rabi,Laterite,Groundnut,763.4,32.9,48.8,8.22,4.02,96.4,34.2,38.4,Compost,Sprinkler,995.9
Uttar Pradesh,Zaid,Alluvial,Barley,262.6,11.4,88.5,7.52,18.51,92.2,42.4,47.0,Urea,Drip,2623.7
Punjab,Kharif,Black,Groundnut,440.3,32.9,67.1,8.09,0.59,22.9,64.1,15.6,Compost,Rain-fed,841.1
Karnataka,Zaid,Loamy,Maize,714.4,24.5,78.5,7.62,14.15,31.4,17.6,54.8,Urea,Flood,6253.0
Haryana,Rabi,Clay,Groundnut,501.3,31.2,85.7,6.33,13.35,81.4,24.8,55.5,Organic,Sprinkler,1240.5
Andhra Pradesh,Zaid,Clay,Wheat,646.7,16.8,94.1,5.84,19.85,74.0,26.7,76.8,Organic,Rain-fed,4787.7
Andhra Pradesh,Rabi,Sandy,Groundnut,829.5,35.6,70.8,6.06,10.0,100.2,60.5,33.5,Organic,Sprinkler,1310.5
Madhya Pradesh,Rabi,Clay,Jowar,619.9,25.6,80.4,5.99,15.13,21.6,14.1,55.2,Organic,Drip,1695.3
Andhra Pradesh,Rabi,Loamy,Soybean,971.5,27.3,82.0,8.19,14.86,35.7,39.5,16.1,Urea,Drip,1252.2
Punjab,Zaid,Black,Mustard,403.8,13.3,63.0,5.58,19.14,99.3,17.2,29.9,Urea,Rain-fed,987.9
West Bengal,Kharif,Sandy,Wheat,259.4,23.2,89.9,7.08,11.54,84.8,74.3,49.1,DAP,Sprinkler,3302.9
Rajasthan,Kharif,Red,Mustard,496.5,23.4,73.5,7.07,15.78,89.7,55.4,24.2,DAP,Rain-fed,1909.8
Rajasthan,Rabi,Clay,Barley,463.7,15.7,86.2,6.62,1.34,103.7,66.1,34.4,NPK,Sprinkler,1851.3
Madhya Pradesh,Rabi,Black,Jowar,808.0,32.1,79.0,7.06,19.6,98.2,38.6,73.2,Urea,Rain-fed,1412.8
Punjab,Rabi,Black,Sugarcane,1977.3,26.4,86.2,8.38,4.64,82.9,65.4,63.9,NPK,Rain-fed,102932.1
Tamil Nadu,Rabi,Black,Maize,622.5,27.1,93.8,6.12,11.75,146.8,12.3,46.9,DAP,Flood,3253.3
Tamil Nadu,Kharif,Loamy,Mustard,450.4,21.1,56.2,6.24,3.53,88.4,57.7,41.7,Organic,Rain-fed,931.3
Andhra Pradesh,Zaid,Clay,Cotton,743.5,37.7,42.3,6.81,12.23,101.4,53.7,36.2,Urea,Flood,464.1
Punjab,Kharif,Clay,Mustard,335.5,22.9,54.6,8.18,2.37,72.9,72.2,25.1,Organic,Rain-fed,1449.3
Andhra Pradesh,Zaid,Black,Mustard,581.6,18.3,58.8,6.14,12.28,66.8,71.8,20.4,Urea,Rain-fed,1889.3
Karnataka,Zaid,Alluvial,Groundnut,759.8,28.7,66.7,8.26,11.27,61.5,77.1,52.9,NPK,Sprinkler,846.9
Andhra Pradesh,Kharif,Black,Barley,209.8,18.0,82.5,7.01,12.97,107.2,37.1,35.9,Urea,Flood,1548.1
Madhya Pradesh,Rabi,Sandy,Wheat,688.4,17.3,64.8,7.59,4.79,104.5,49.9,14.7,Urea,Drip,3061.8
Maharashtra,Zaid,Alluvial,Soybean,717.3,29.3,77.9,7.39,10.73,106.3,73.2,47.9,Potash,Drip,1889.4
West Bengal,Zaid,Loamy,Barley,620.8,21.5,53.1,7.6,18.28,91.9,58.7,29.3,Compost,Flood,3156.9
Tamil Nadu,Kharif,Laterite,Maize,985.8,25.2,56.6,6.14,4.15,24.7,29.8,55.7,NPK,Drip,5726.8
Maharashtra,Kharif,Sandy,Rice,1250.4,27.4,47.8,5.88,19.2,61.8,40.7,29.3,Potash,Sprinkler,4961.7
Maharashtra,Kharif,Clay,Groundnut,831.0,27.2,56.2,5.85,5.52,26.8,43.5,61.8,Compost,Sprinkler,1747.8
Punjab,Kharif,Clay,Rice,1846.3,33.7,56.9,8.46,13.78,76.5,53.5,72.9,DAP,Rain-fed,2530.0
Rajasthan,Kharif,Clay,Barley,322.7,16.1,77.7,6.53,12.88,56.2,54.5,36.7,Organic,Flood,2341.1
Maharashtra,Kharif,Alluvial,Wheat,372.6,19.5,41.6,5.57,3.22,96.4,32.6,31.7,Urea,Flood,2276.8
Haryana,Rabi,Alluvial,Rice,1157.6,25.6,85.0,6.01,14.54,44.3,58.9,48.3,Organic,Rain-fed,2227.6
Maharashtra,Rabi,Loamy,Wheat,727.4,21.4,61.2,7.55,4.22,96.6,67.0,38.5,NPK,Sprinkler,5651.3
Uttar Pradesh,Zaid,Black,Jowar,341.0,25.6,59.4,6.08,5.73,41.2,64.6,57.3,Compost,Sprinkler,1271.2
Uttar Pradesh,Zaid,Laterite,Wheat,516.0,20.6,85.3,5.74,4.54,128.0,70.4,47.0,Organic,Flood,2575.7
Maharashtra,Rabi,Alluvial,Groundnut,609.9,25.1,40.6,6.49,1.09,83.9,54.9,38.8,Compost,Drip,1741.7
Karnataka,Rabi,Loamy,Rice,1445.8,31.4,43.5,7.37,10.53,127.6,45.3,36.9,Compost,Drip,2578.4
Andhra Pradesh,Zaid,Laterite,Wheat,697.6,17.8,84.6,8.26,12.21,27.4,49.2,62.9,Organic,Flood,4096.1
Tamil Nadu,Kharif,Red,Wheat,299.1,19.7,83.9,7.25,18.56,37.2,28.6,11.8,DAP,Flood,3839.3
Tamil Nadu,Rabi,Sandy,Wheat,410.8,12.4,66.0,7.81,17.31,74.1,61.1,30.2,Urea,Drip,2551.1
Uttar Pradesh,Zaid,Red,Wheat,328.5,13.8,44.9,8.25,18.55,137.0,63.9,47.0,Urea,Rain-fed,4378.3
Andhra Pradesh,Rabi,Loamy,Sugarcane,2360.2,36.2,77.5,5.89,16.12,66.0,59.4,20.4,NPK,Rain-fed,111650.7
Karnataka,Rabi,Alluvial,Mustard,470.0,20.8,78.2,7.22,2.85,126.6,66.2,53.0,DAP,Sprinkler,1513.6
Punjab,Kharif,Red,Soybean,667.9,28.8,91.1,5.83,10.62,27.6,17.7,40.4,Potash,Drip,1602.4
Tamil Nadu,Kharif,Red,Groundnut,850.1,24.5,45.1,7.0,14.31,59.3,29.7,64.6,DAP,Drip,2054.6
Uttar Pradesh,Rabi,Clay,Jowar,479.6,30.2,60.6,5.7,14.89,28.8,10.4,68.2,DAP,Drip,1245.6
Andhra Pradesh,Rabi,Black,Wheat,618.2,18.0,47.3,6.1,13.93,73.2,78.6,25.1,DAP,Sprinkler,4203.5
West Bengal,Zaid,Red,Sugarcane,2333.9,31.4,50.3,7.06,17.22,125.4,73.8,15.1,Urea,Rain-fed,104169.9
Haryana,Zaid,Sandy,Soybean,1024.5,20.2,90.0,7.69,5.8,36.1,18.6,18.4,Urea,Flood,1665.7
Andhra Pradesh,Zaid,Alluvial,Mustard,487.7,22.6,74.8,6.78,0.81,125.0,49.7,44.1,Urea,Sprinkler,1274.3
Rajasthan,Zaid,Laterite,Cotton,674.8,31.9,58.3,8.08,18.93,120.3,38.4,76.6,NPK,Rain-fed,775.6
Madhya Pradesh,Zaid,Alluvial,Jowar,542.6,30.0,65.1,7.94,6.57,47.1,37.0,70.0,NPK,Drip,1344.7
Rajasthan,Rabi,Red,Groundnut,807.4,25.1,76.0,7.6,7.23,72.5,76.3,32.4,Organic,Drip,1339.4
West Bengal,Kharif,Loamy,Jowar,746.3,23.8,48.0,7.9,8.88,88.2,69.2,78.6,Potash,Flood,1418.2
Punjab,Rabi,Loamy,Soybean,1147.6,30.0,78.4,6.67,12.84,82.5,76.1,11.6,DAP,Flood,2493.9
Uttar Pradesh,Rabi,Loamy,Jowar,619.8,34.9,54.6,8.2,9.15,52.1,50.6,60.4,DAP,Drip,1800.3
Maharashtra,Rabi,Red,Rice,1681.7,26.2,41.1,6.77,13.72,97.8,32.9,22.8,NPK,Sprinkler,5072.8
Uttar Pradesh,Kharif,Sandy,Maize,1089.2,31.3,88.3,7.57,17.24,112.6,55.7,50.0,DAP,Sprinkler,4652.8
Maharashtra,Zaid,Sandy,Cotton,1049.7,23.8,77.3,5.7,4.57,35.9,20.9,48.1,DAP,Drip,584.4
Uttar Pradesh,Kharif,Black,Rice,1879.5,29.5,67.1,6.93,12.61,94.0,54.1,30.8,Organic,Rain-fed,4646.6
Madhya Pradesh,Zaid,Alluvial,Sugarcane,2021.6,37.3,91.6,7.17,14.18,30.9,21.8,30.3,Urea,Sprinkler,83997.4
Karnataka,Kharif,Loamy,Sugarcane,1899.4,30.0,46.8,7.03,7.06,30.2,65.0,72.7,Organic,Rain-fed,112997.2
Karnataka,Rabi,Alluvial,Cotton,535.1,22.4,42.2,5.82,19.54,117.1,27.9,76.7,NPK,Rain-fed,481.5
Haryana,Zaid,Red,Sugarcane,1426.4,34.2,87.3,7.7,18.51,108.1,35.9,10.7,NPK,Rain-fed,110337.4
Rajasthan,Kharif,Sandy,Cotton,615.2,36.3,40.8,6.39,14.45,60.7,26.8,72.2,Urea,Drip,992.9
Uttar Pradesh,Rabi,Clay,Mustard,204.5,15.8,91.0,6.53,13.13,133.5,79.5,17.6,Urea,Drip,1848.3
Punjab,Zaid,Black,Groundnut,444.2,29.3,41.2,6.27,7.66,83.9,49.0,71.6,Potash,Drip,2588.5
Madhya Pradesh,Kharif,Loamy,Sugarcane,2224.8,27.7,79.1,7.43,17.66,147.7,72.2,23.7,Compost,Sprinkler,61834.7
Punjab,Kharif,Laterite,Barley,333.8,20.0,73.2,7.27,12.8,57.1,24.7,47.8,Compost,Sprinkler,2603.1
Rajasthan,Zaid,Red,Soybean,1071.6,20.9,58.5,5.64,7.72,21.5,50.2,72.5,Potash,Flood,1250.6
Maharashtra,Rabi,Sandy,Barley,283.9,21.8,72.5,8.49,18.04,95.0,18.1,42.3,Compost,Sprinkler,2855.2
West Bengal,Kharif,Black,Cotton,838.9,36.7,57.5,8.41,2.32,51.5,57.7,23.7,Organic,Flood,726.4
Haryana,Kharif,Sandy,Jowar,527.3,26.6,51.9,6.56,10.1,144.5,56.6,17.2,DAP,Drip,2635.3
Maharashtra,Kharif,Laterite,Rice,1556.5,25.6,70.4,6.22,5.45,63.9,57.9,68.2,Urea,Drip,3411.4
West Bengal,Rabi,Loamy,Cotton,1113.3,26.6,83.1,5.55,12.1,69.2,62.5,40.0,NPK,Drip,858.7
Maharashtra,Kharif,Red,Groundnut,768.8,32.2,93.6,6.64,1.76,101.1,76.3,17.3,Organic,Sprinkler,1531.6
Madhya Pradesh,Rabi,Black,Sugarcane,1752.0,26.6,67.9,7.58,6.45,22.8,52.7,39.6,Urea,Drip,125050.9
Tamil Nadu,Kharif,Clay,Barley,569.7,19.3,58.0,8.33,13.25,73.1,64.1,26.9,Potash,Flood,3565.2
Maharashtra,Rabi,Loamy,Groundnut,701.0,30.9,83.0,6.63,8.94,61.0,44.4,21.6,Compost,Drip,1887.0
Punjab,Zaid,Red,Mustard,211.0,12.3,71.6,8.44,19.83,77.9,77.1,52.6,Organic,Flood,927.7
Rajasthan,Zaid,Loamy,Cotton,734.4,23.2,56.3,5.76,2.2,69.0,14.6,16.9,NPK,Drip,387.2
Rajasthan,Kharif,Black,Soybean,781.5,24.2,53.1,8.24,5.91,146.6,58.5,29.1,Potash,Sprinkler,1588.2
Maharashtra,Rabi,Sandy,Wheat,540.0,21.6,58.7,7.9,4.34,96.2,37.3,60.1,Urea,Rain-fed,2516.9
Rajasthan,Zaid,Red,Jowar,692.3,29.0,93.1,5.81,9.47,98.0,66.8,68.9,DAP,Drip,2475.7
Andhra Pradesh,Rabi,Alluvial,Cotton,717.1,27.5,80.1,6.63,3.6,45.5,42.0,71.1,Potash,Sprinkler,390.5
West Bengal,Rabi,Sandy,Maize,924.5,22.6,63.9,6.51,10.08,20.8,26.6,25.0,Urea,Rain-fed,3454.4
Tamil Nadu,Kharif,Loamy,Rice,1403.2,24.3,73.5,5.71,1.77,39.7,30.6,63.7,Potash,Drip,3363.3
West Bengal,Rabi,Alluvial,Cotton,827.1,31.1,62.2,7.15,1.72,131.2,58.4,78.7,Organic,Rain-fed,934.4
Tamil Nadu,Zaid,Red,Barley,256.7,20.8,51.1,6.01,2.27,84.4,37.2,76.5,Compost,Flood,2481.1
Madhya Pradesh,Zaid,Clay,Rice,1201.4,25.1,68.4,7.51,15.66,46.7,18.1,48.0,Urea,Drip,2822.0
Madhya Pradesh,Zaid,Loamy,Groundnut,424.4,27.8,46.0,5.66,8.28,33.5,37.7,45.2,Organic,Rain-fed,1069.5
West Bengal,Zaid,Clay,Soybean,790.6,20.6,72.3,7.84,16.27,91.6,22.4,20.4,Organic,Sprinkler,1947.2
Tamil Nadu,Rabi,Sandy,Cotton,998.4,23.0,50.6,7.46,11.16,128.6,38.9,53.1,Urea,Sprinkler,366.7
West Bengal,Zaid,Sandy,Soybean,1090.4,22.2,65.4,5.53,4.64,102.7,26.3,55.5,NPK,Rain-fed,3078.0
Madhya Pradesh,Kharif,Loamy,Sugarcane,1699.4,33.0,78.6,6.49,16.7,42.7,15.4,59.0,Organic,Flood,123475.4
Madhya Pradesh,Rabi,Laterite,Cotton,959.0,24.3,45.1,6.56,3.15,75.1,42.4,48.0,Compost,Flood,1006.9
Maharashtra,Rabi,Black,Mustard,210.8,11.6,63.0,7.89,10.86,124.9,39.6,66.1,DAP,Flood,952.2
West Bengal,Zaid,Alluvial,Cotton,1174.5,29.2,63.8,6.65,2.58,128.8,62.5,36.8,Urea,Drip,976.8
Haryana,Zaid,Loamy,Cotton,1087.2,28.0,43.2,6.63,5.58,27.1,60.7,18.2,Potash,Drip,361.2
Haryana,Rabi,Red,Soybean,731.8,28.3,69.4,7.08,7.66,82.7,20.6,35.5,Urea,Rain-fed,2481.3
Haryana,Kharif,Laterite,Soybean,649.9,22.2,76.6,7.92,2.44,28.1,22.3,32.8,Potash,Sprinkler,2018.7
Karnataka,Zaid,Black,Barley,371.3,15.3,49.1,6.44,4.64,69.1,47.9,15.1,Potash,Rain-fed,3075.4
Maharashtra,Rabi,Loamy,Jowar,800.1,22.7,71.9,5.92,9.47,143.7,35.5,64.9,Compost,Flood,2137.5
Uttar Pradesh,Zaid,Alluvial,Barley,479.0,10.6,42.4,5.78,2.91,57.8,66.5,43.2,Potash,Drip,2852.0
Uttar Pradesh,Rabi,Red,Wheat,381.0,10.1,47.9,6.14,7.36,22.2,49.0,34.5,DAP,Sprinkler,5152.9
Rajasthan,Rabi,Clay,Sugarcane,1758.7,32.7,44.8,7.38,8.19,59.1,79.8,38.4,Compost,Sprinkler,63562.6
Madhya Pradesh,Rabi,Alluvial,Sugarcane,1238.5,37.5,90.2,8.2,8.61,63.2,49.0,13.2,Compost,Rain-fed,123726.3
Uttar Pradesh,Zaid,Alluvial,Jowar,365.6,25.3,83.6,6.2,7.72,144.3,38.7,25.5,Organic,Sprinkler,1816.0
Punjab,Kharif,Clay,Barley,497.0,20.9,57.6,8.34,6.83,133.2,19.0,17.6,Organic,Rain-fed,2156.9
Punjab,Kharif,Loamy,Soybean,855.0,23.6,54.4,7.2,4.73,94.4,78.2,15.6,Urea,Sprinkler,1848.0
Andhra Pradesh,Rabi,Black,Groundnut,773.2,25.9,58.9,7.66,4.66,140.5,29.6,57.4,Organic,Drip,1183.1
Karnataka,Kharif,Sandy,Wheat,712.0,11.4,47.0,8.11,16.93,125.2,46.4,12.5,Compost,Sprinkler,2953.6
Tamil Nadu,Zaid,Laterite,Barley,538.3,14.6,76.4,7.22,7.04,71.8,30.4,59.7,Urea,Drip,3710.7
Tamil Nadu,Zaid,Alluvial,Jowar,346.8,30.5,63.4,7.09,5.42,103.3,69.1,39.1,Urea,Drip,1451.8
Rajasthan,Zaid,Loamy,Groundnut,699.2,23.8,81.6,6.0,17.79,108.3,30.6,40.9,Potash,Sprinkler,2597.3
Karnataka,Zaid,Clay,Groundnut,793.0,22.2,88.8,6.09,9.07,103.2,39.1,57.5,Compost,Flood,1993.4
Karnataka,Kharif,Laterite,Sugarcane,2041.0,24.0,81.0,8.1,13.64,43.6,17.7,76.0,Urea,Flood,90667.1
Tamil Nadu,Zaid,Clay,Groundnut,416.3,27.0,83.2,5.67,3.9,54.2,68.7,23.6,DAP,Sprinkler,1673.6
Haryana,Rabi,Red,Maize,747.7,31.1,50.1,7.97,4.71,85.8,20.3,11.7,DAP,Sprinkler,7008.7
Andhra Pradesh,Zaid,Laterite,Cotton,613.3,23.7,50.2,6.03,11.91,59.9,16.8,72.8,Compost,Drip,786.7
Karnataka,Kharif,Loamy,Cotton,909.1,22.9,87.2,5.57,2.13,139.0,34.4,49.3,Organic,Sprinkler,771.5
West Bengal,Zaid,Sandy,Soybean,988.5,27.6,82.0,7.4,16.43,29.1,51.5,52.2,Compost,Sprinkler,2482.8
Madhya Pradesh,Zaid,Loamy,Sugarcane,1012.1,34.9,41.1,6.2,11.96,33.5,18.5,59.1,Potash,Flood,106314.7
Madhya Pradesh,Zaid,Loamy,Groundnut,829.8,27.4,51.1,5.74,7.12,88.5,58.1,44.4,NPK,Flood,2152.5
West Bengal,Zaid,Red,Rice,1647.8,33.3,50.5,7.23,10.91,38.4,63.1,32.6,DAP,Sprinkler,2915.9
Madhya Pradesh,Rabi,Laterite,Maize,537.8,24.9,77.9,6.54,8.84,47.5,42.8,55.7,Urea,Drip,4750.6
Madhya Pradesh,Rabi,Sandy,Mustard,364.1,17.4,42.3,6.84,12.9,97.6,13.9,70.0,Organic,Flood,2039.8
Rajasthan,Kharif,Black,Jowar,329.3,31.8,54.9,6.02,6.27,124.8,42.0,20.5,Urea,Flood,1586.7
Maharashtra,Zaid,Clay,Groundnut,574.8,35.1,81.8,7.48,10.19,99.8,34.9,18.2,NPK,Sprinkler,1653.3
Uttar Pradesh,Kharif,Loamy,Wheat,730.8,15.2,58.4,5.93,6.0,40.7,33.0,42.5,Potash,Rain-fed,5183.1
Andhra Pradesh,Rabi,Clay,Soybean,1182.2,28.8,68.0,6.06,10.02,114.2,58.3,48.3,DAP,Rain-fed,1711.4
Karnataka,Zaid,Black,Barley,629.4,8.7,86.2,6.03,13.64,126.1,45.7,32.7,Urea,Flood,2683.8
Andhra Pradesh,Rabi,Black,Cotton,513.9,25.7,54.6,8.17,12.14,41.2,14.9,48.7,DAP,Sprinkler,607.0
Uttar Pradesh,Kharif,Loamy,Maize,1092.8,27.3,61.3,7.42,17.56,81.6,60.2,78.6,Potash,Flood,2420.2
Karnataka,Rabi,Loamy,Mustard,477.3,18.2,57.5,6.64,7.92,26.3,42.5,68.5,DAP,Sprinkler,1101.6
Haryana,Rabi,Laterite,Cotton,912.6,26.5,81.8,7.56,8.61,90.2,72.0,71.4,Potash,Flood,572.1
Tamil Nadu,Zaid,Clay,Mustard,230.3,18.5,46.6,6.88,2.89,26.1,46.2,65.7,Potash,Sprinkler,1597.5
West Bengal,Zaid,Clay,Rice,1596.8,27.3,47.1,5.81,18.68,108.9,66.0,22.9,NPK,Rain-fed,3179.9
Haryana,Kharif,Sandy,Jowar,426.1,28.2,63.8,8.37,17.87,74.2,13.3,31.4,DAP,Drip,2192.5
West Bengal,Rabi,Loamy,Maize,818.4,22.1,51.5,5.77,8.52,89.9,62.4,17.9,Potash,Flood,5299.4
Madhya Pradesh,Kharif,Loamy,Cotton,824.9,31.7,68.5,6.69,9.85,85.1,20.5,62.1,DAP,Flood,764.7
Madhya Pradesh,Kharif,Loamy,Mustard,340.2,19.5,49.1,7.56,8.73,80.4,12.2,43.6,DAP,Sprinkler,1899.6
Andhra Pradesh,Rabi,Alluvial,Groundnut,503.3,22.1,42.4,5.59,16.11,84.1,65.1,44.6,Organic,Drip,1690.2
Maharashtra,Rabi,Clay,Cotton,836.5,29.1,54.2,7.52,13.1,54.7,28.7,70.4,Compost,Drip,362.7
Karnataka,Kharif,Laterite,Rice,1294.2,30.5,74.2,7.94,19.85,105.8,39.0,10.7,Compost,Rain-fed,3719.5
Madhya Pradesh,Zaid,Sandy,Wheat,678.7,17.4,67.1,6.58,11.28,102.6,69.8,25.7,Potash,Rain-fed,4341.0
Rajasthan,Zaid,Laterite,Jowar,847.4,31.5,59.5,6.54,11.07,54.7,53.5,76.1,DAP,Sprinkler,2511.7
Uttar Pradesh,Kharif,Loamy,Maize,674.4,26.0,76.4,6.57,8.07,111.7,35.1,23.4,DAP,Sprinkler,3849.2
Maharashtra,Kharif,Sandy,Cotton,1134.8,23.2,44.8,7.48,12.22,109.5,63.0,24.5,DAP,Sprinkler,828.3
Andhra Pradesh,Zaid,Clay,Barley,292.8,17.3,80.7,6.35,11.63,144.8,17.7,14.7,Urea,Drip,1778.0
Haryana,Zaid,Alluvial,Barley,230.1,16.4,52.6,7.43,3.04,106.4,59.8,75.5,Compost,Flood,4016.6
Karnataka,Zaid,Black,Soybean,897.2,23.4,79.1,7.53,13.26,64.5,32.4,64.9,NPK,Sprinkler,1044.8
Uttar Pradesh,Kharif,Black,Jowar,339.1,28.6,59.9,8.22,19.88,41.7,30.0,48.7,Urea,Flood,1823.8
Tamil Nadu,Zaid,Black,Sugarcane,1107.2,34.4,55.8,7.94,0.56,105.7,73.6,26.4,NPK,Drip,115437.4
Punjab,Zaid,Laterite,Jowar,409.5,22.3,51.8,8.31,4.5,105.1,17.9,50.7,DAP,Drip,1602.3
West Bengal,Kharif,Black,Wheat,285.7,22.5,58.1,8.27,18.8,21.9,39.8,51.3,Organic,Drip,3409.3
Haryana,Zaid,Red,Sugarcane,1021.5,35.3,61.5,7.59,7.48,87.4,60.6,32.5,DAP,Rain-fed,62549.1
Andhra Pradesh,Rabi,Black,Cotton,971.8,24.4,40.1,6.53,10.14,129.0,60.7,27.3,NPK,Flood,837.9
Punjab,Rabi,Clay,Groundnut,871.1,23.3,83.1,8.08,12.29,129.9,61.0,50.6,NPK,Sprinkler,1471.1
Andhra Pradesh,Zaid,Loamy,Groundnut,565.4,23.5,68.4,6.01,16.22,82.5,62.2,44.0,Compost,Drip,1730.3
Madhya Pradesh,Zaid,Alluvial,Barley,341.4,12.6,88.4,8.36,11.72,86.7,30.0,69.7,NPK,Flood,3217.6
Punjab,Kharif,Red,Soybean,995.5,28.6,77.0,7.02,17.69,104.4,43.4,20.8,Compost,Flood,2373.7
Karnataka,Rabi,Red,Maize,1059.1,28.6,76.5,8.19,5.41,66.7,30.1,34.6,Urea,Flood,2273.9
Haryana,Rabi,Clay,Maize,855.3,29.0,46.9,8.44,9.36,37.3,29.4,26.8,NPK,Drip,3654.2
Punjab,Zaid,Red,Rice,1952.6,33.7,60.0,5.87,2.41,87.7,79.2,45.2,NPK,Sprinkler,4752.2
Tamil Nadu,Kharif,Clay,Cotton,1169.7,31.4,94.6,6.66,12.08,38.4,71.2,31.0,Organic,Sprinkler,543.3
Uttar Pradesh,Kharif,Loamy,Wheat,659.4,14.8,59.2,5.89,3.32,38.8,28.2,24.3,DAP,Sprinkler,3662.2
Tamil Nadu,Rabi,Black,Jowar,753.4,28.1,75.3,7.75,10.65,102.1,59.2,34.3,DAP,Drip,1729.1
Tamil Nadu,Kharif,Clay,Mustard,416.1,15.7,74.5,7.93,19.74,138.1,35.1,59.0,Compost,Drip,777.7
Tamil Nadu,Zaid,Clay,Barley,586.4,16.6,45.9,7.98,5.85,138.1,38.8,69.5,DAP,Rain-fed,2248.9
Karnataka,Rabi,Clay,Rice,1767.1,28.2,89.4,5.57,18.14,37.3,22.3,66.0,NPK,Sprinkler,3567.4
Andhra Pradesh,Kharif,Alluvial,Maize,1075.9,29.5,45.4,5.66,16.02,121.4,74.5,28.3,NPK,Rain-fed,5685.0
West Bengal,Rabi,Red,Barley,453.5,19.8,75.5,7.27,0.58,30.0,62.8,73.7,Compost,Sprinkler,2731.2
Andhra Pradesh,Zaid,Black,Jowar,714.2,31.1,58.3,6.02,10.26,120.6,15.9,65.3,Compost,Sprinkler,1085.1
Uttar Pradesh,Zaid,Loamy,Sugarcane,1723.5,36.6,89.5,6.44,5.84,138.7,59.6,57.4,Urea,Flood,98138.0
Karnataka,Kharif,Loamy,Soybean,644.9,21.4,49.3,5.89,11.5,133.6,66.5,65.0,Organic,Drip,958.6
Rajasthan,Rabi,Alluvial,Mustard,451.3,20.5,66.8,8.34,10.68,106.8,48.4,66.3,Potash,Flood,901.6
Andhra Pradesh,Zaid,Sandy,Maize,1145.1,31.0,56.9,6.24,8.59,127.8,10.2,55.1,Organic,Flood,5016.2
West Bengal,Rabi,Red,Sugarcane,2215.7,35.0,77.1,7.56,17.55,43.0,43.1,40.6,Compost,Rain-fed,95280.9
Haryana,Rabi,Red,Sugarcane,1112.3,29.2,72.6,7.23,13.73,79.5,54.8,60.7,NPK,Sprinkler,66047.6
West Bengal,Rabi,Laterite,Sugarcane,1481.8,32.7,65.2,5.98,14.24,81.6,72.9,65.8,NPK,Sprinkler,120798.1
Rajasthan,Kharif,Laterite,Mustard,405.6,23.5,67.7,5.53,5.6,130.8,68.9,17.3,NPK,Flood,2054.4
Karnataka,Kharif,Black,Maize,608.3,22.1,61.0,6.63,5.14,56.2,26.9,37.5,Urea,Sprinkler,1956.1
Tamil Nadu,Kharif,Sandy,Cotton,694.4,33.2,62.5,6.77,13.49,29.2,76.7,73.7,Compost,Sprinkler,397.1
Madhya Pradesh,Zaid,Laterite,Soybean,874.3,25.1,46.0,6.7,15.38,54.2,35.7,37.5,Compost,Rain-fed,1050.5
Andhra Pradesh,Kharif,Black,Maize,597.7,27.9,78.7,6.66,6.87,49.4,26.3,79.0,Urea,Drip,6081.7
Maharashtra,Rabi,Clay,Rice,1685.4,25.1,64.4,7.4,11.31,120.6,34.9,10.6,NPK,Drip,5150.4
Rajasthan,Rabi,Red,Rice,1652.4,32.8,88.8,6.96,19.39,48.9,35.8,51.6,Compost,Sprinkler,4178.8
Rajasthan,Zaid,Laterite,Rice,1445.7,26.4,82.7,6.28,16.63,42.8,34.5,27.2,Organic,Flood,2896.9
Karnataka,Kharif,Alluvial,Groundnut,674.2,34.3,75.7,6.53,15.51,87.8,17.4,19.9,Urea,Drip,1823.4
West Bengal,Rabi,Sandy,Mustard,272.4,10.4,40.5,6.7,18.27,44.4,37.9,68.5,Potash,Sprinkler,1563.8
Rajasthan,Kharif,Sandy,Mustard,530.6,22.7,44.6,8.31,9.77,61.8,34.6,66.7,NPK,Sprinkler,1785.7
West Bengal,Kharif,Red,Groundnut,430.9,23.1,56.8,7.57,5.4,126.9,40.2,64.9,Compost,Sprinkler,1498.3
Madhya Pradesh,Zaid,Clay,Rice,1996.9,26.6,77.4,6.23,12.76,70.4,70.0,61.7,NPK,Flood,2810.7
Tamil Nadu,Kharif,Alluvial,Cotton,826.1,26.2,92.3,7.16,6.87,68.8,49.8,59.2,Potash,Rain-fed,970.7
Maharashtra,Kharif,Loamy,Maize,946.7,24.4,58.4,5.73,1.78,100.0,60.1,58.0,Potash,Sprinkler,2158.9
Madhya Pradesh,Kharif,Black,Jowar,315.5,23.3,92.3,6.81,8.87,119.8,43.3,25.0,NPK,Rain-fed,2320.6
Maharashtra,Zaid,Red,Rice,1203.0,29.8,93.4,7.4,19.72,146.3,20.2,12.8,Urea,Sprinkler,2012.5
Rajasthan,Kharif,Red,Jowar,501.4,30.3,72.0,8.24,7.61,80.0,79.3,45.3,Urea,Flood,851.4
Andhra Pradesh,Zaid,Loamy,Groundnut,426.6,30.1,41.1,5.86,3.64,124.0,31.7,31.9,Compost,Flood,2014.1
Rajasthan,Rabi,Alluvial,Barley,265.0,16.0,43.7,6.41,13.22,78.6,11.4,58.5,Organic,Sprinkler,3867.2
West Bengal,Kharif,Alluvial,Groundnut,815.3,22.4,89.6,6.1,15.31,54.6,56.7,74.7,DAP,Rain-fed,2862.2
Tamil Nadu,Rabi,Red,Mustard,262.2,11.6,53.0,5.57,8.25,42.0,13.1,23.2,NPK,Sprinkler,1782.0
Punjab,Zaid,Laterite,Rice,1453.3,24.6,61.6,5.8,3.88,62.9,62.4,15.2,Compost,Rain-fed,4681.4
Andhra Pradesh,Kharif,Sandy,Mustard,529.2,12.6,91.7,7.93,17.84,130.4,15.1,62.2,NPK,Rain-fed,1027.0
Tamil Nadu,Rabi,Sandy,Sugarcane,2298.9,37.3,42.6,7.99,17.16,130.2,62.6,75.6,Potash,Sprinkler,95195.0
Madhya Pradesh,Rabi,Loamy,Sugarcane,2212.7,35.1,66.1,6.22,16.63,50.3,23.3,57.1,NPK,Drip,101030.9
Haryana,Rabi,Loamy,Maize,1095.3,29.5,73.6,6.15,12.49,63.4,24.9,53.3,Potash,Rain-fed,4242.8
Tamil Nadu,Zaid,Laterite,Sugarcane,1273.0,28.8,61.9,5.68,7.43,82.1,62.9,34.7,Potash,Rain-fed,109716.5
Rajasthan,Kharif,Laterite,Sugarcane,1969.4,35.4,79.4,6.55,16.09,130.1,27.8,10.8,Compost,Flood,95572.2
Haryana,Rabi,Laterite,Cotton,618.0,32.1,62.7,6.2,13.24,126.9,11.0,38.2,Urea,Drip,809.8
Maharashtra,Zaid,Red,Jowar,643.6,31.9,57.8,8.05,14.3,26.0,60.5,47.8,Urea,Sprinkler,2673.0
Haryana,Zaid,Laterite,Sugarcane,1381.8,24.9,40.3,6.95,10.64,142.6,71.7,72.6,Urea,Drip,87535.5
Tamil Nadu,Rabi,Alluvial,Soybean,983.6,24.9,43.4,6.66,13.13,50.7,74.2,14.8,Urea,Flood,2597.1
Rajasthan,Rabi,Red,Jowar,472.4,25.0,91.4,6.32,5.57,137.5,38.6,78.6,Organic,Flood,1452.9
Tamil Nadu,Rabi,Clay,Mustard,383.2,13.4,57.1,6.83,16.46,60.1,69.2,44.5,Organic,Rain-fed,1740.0
Andhra Pradesh,Zaid,Clay,Cotton,625.7,30.5,62.8,6.86,16.68,30.0,35.4,80.0,Organic,Drip,528.6
West Bengal,Kharif,Laterite,Barley,699.4,13.4,92.1,6.34,6.22,110.6,32.5,66.2,Urea,Sprinkler,4223.4
Haryana,Rabi,Laterite,Jowar,304.3,25.5,83.4,6.43,19.0,74.0,55.6,67.0,Compost,Rain-fed,2121.3
Andhra Pradesh,Zaid,Clay,Barley,239.8,17.9,83.8,7.1,4.82,118.8,32.2,36.3,NPK,Rain-fed,2852.4
Karnataka,Rabi,Sandy,Mustard,463.5,20.9,50.2,8.18,9.92,63.5,43.4,10.7,Potash,Sprinkler,742.8
Maharashtra,Kharif,Sandy,Jowar,622.9,26.4,82.1,7.81,16.44,90.8,37.0,40.5,Compost,Sprinkler,2101.1
Punjab,Zaid,Alluvial,Rice,1444.9,25.3,45.1,6.35,2.3,131.1,78.0,59.5,Urea,Drip,4696.8
Rajasthan,Kharif,Red,Sugarcane,2036.0,32.7,40.1,6.79,12.9,106.4,10.5,17.3,Compost,Flood,118556.0
West Bengal,Kharif,Laterite,Rice,1218.4,24.7,42.9,5.9,13.02,122.9,60.4,72.1,Potash,Drip,2681.4
Rajasthan,Kharif,Sandy,Maize,1164.6,27.8,78.5,5.68,2.6,45.8,12.0,73.8,NPK,Drip,7104.0
Uttar Pradesh,Kharif,Laterite,Jowar,370.8,30.1,91.0,5.74,16.69,113.6,34.9,64.9,Compost,Rain-fed,1566.5
Andhra Pradesh,Kharif,Red,Wheat,526.1,12.2,91.3,7.09,16.14,144.5,35.9,14.0,NPK,Drip,5976.7
Uttar Pradesh,Rabi,Alluvial,Rice,1010.1,27.0,57.6,6.47,3.08,122.9,77.8,45.1,Compost,Flood,2813.9
Karnataka,Zaid,Laterite,Barley,578.4,9.0,76.3,6.01,9.24,35.9,21.4,62.9,Compost,Rain-fed,2937.5
Maharashtra,Rabi,Sandy,Cotton,1024.2,29.1,55.7,6.56,6.41,24.4,61.0,67.6,Potash,Drip,417.1
Punjab,Zaid,Sandy,Groundnut,505.9,22.7,77.1,7.4,7.47,103.2,18.4,26.1,Potash,Rain-fed,2563.2
Rajasthan,Zaid,Clay,Wheat,270.8,17.0,82.4,7.23,5.75,145.2,11.4,24.0,Compost,Drip,4003.8
Karnataka,Rabi,Black,Cotton,1145.6,33.5,58.1,7.99,7.88,64.4,30.0,77.4,Potash,Drip,471.0
Haryana,Rabi,Clay,Soybean,604.2,25.0,48.7,6.76,8.67,77.6,66.5,31.0,DAP,Rain-fed,1954.5
Maharashtra,Zaid,Loamy,Cotton,522.2,31.5,71.4,5.77,5.27,80.1,72.4,21.6,DAP,Rain-fed,427.6
Karnataka,Kharif,Red,Jowar,760.0,34.6,62.8,7.91,10.15,133.7,12.3,48.3,DAP,Rain-fed,2614.5
Karnataka,Rabi,Red,Cotton,846.7,31.3,63.7,6.96,2.1,80.9,69.0,75.2,NPK,Flood,850.3
Uttar Pradesh,Rabi,Sandy,Mustard,564.3,13.9,48.8,8.03,1.37,87.6,78.0,65.0,Urea,Flood,1224.0
Punjab,Rabi,Alluvial,Rice,1872.2,24.4,57.1,8.22,16.05,96.6,77.9,30.8,Organic,Rain-fed,2815.0
Karnataka,Kharif,Alluvial,Maize,605.7,19.1,42.2,6.26,11.89,121.0,22.6,13.6,DAP,Rain-fed,6071.0
Haryana,Zaid,Black,Jowar,536.0,23.2,56.1,6.45,4.54,46.4,58.9,18.7,Organic,Sprinkler,2596.1
Uttar Pradesh,Zaid,Sandy,Jowar,396.5,27.3,57.1,7.23,1.05,142.5,31.6,75.5,NPK,Flood,2235.2
Tamil Nadu,Kharif,Clay,Jowar,771.0,22.9,48.1,7.58,10.26,119.4,66.3,68.4,DAP,Rain-fed,2658.3
Uttar Pradesh,Rabi,Black,Cotton,1087.3,37.8,84.4,5.76,11.05,22.5,75.8,78.5,Organic,Rain-fed,512.6
Madhya Pradesh,Zaid,Sandy,Mustard,423.5,17.8,74.5,6.12,10.78,144.5,53.1,64.9,DAP,Sprinkler,1565.8
Madhya Pradesh,Rabi,Black,Soybean,945.3,26.7,45.2,5.57,11.2,30.3,61.1,44.9,Potash,Sprinkler,2265.1
Haryana,Rabi,Red,Mustard,347.4,22.9,85.6,6.39,11.1,101.3,76.2,15.7,DAP,Rain-fed,949.8
Maharashtra,Zaid,Red,Cotton,860.4,32.1,61.9,7.41,18.64,32.7,23.3,45.6,Urea,Drip,864.7
West Bengal,Rabi,Black,Rice,1148.9,28.4,68.9,8.4,0.58,63.5,55.5,58.5,Organic,Drip,3165.5
Rajasthan,Rabi,Sandy,Sugarcane,2472.4,28.1,85.0,7.01,2.03,136.0,21.4,60.8,Potash,Sprinkler,81344.8
Andhra Pradesh,Rabi,Red,Sugarcane,1663.7,26.3,60.5,7.38,3.91,132.9,61.1,13.9,Organic,Drip,100243.8
Madhya Pradesh,Rabi,Black,Barley,276.4,10.5,57.3,8.47,4.3,32.5,34.7,27.1,DAP,Drip,4972.9
Uttar Pradesh,Zaid,Laterite,Barley,560.8,11.5,84.6,8.07,5.79,114.4,16.9,62.9,Potash,Sprinkler,1755.5
West Bengal,Zaid,Alluvial,Groundnut,458.6,25.8,60.9,6.7,10.29,80.0,58.1,42.0,DAP,Sprinkler,1010.4
Karnataka,Kharif,Alluvial,Jowar,398.5,25.1,42.7,7.75,19.12,45.2,48.0,25.3,DAP,Flood,2139.8
Karnataka,Kharif,Clay,Barley,454.3,11.5,53.1,8.0,6.05,27.4,61.8,45.6,Compost,Sprinkler,1692.7
Uttar Pradesh,Kharif,Sandy,Barley,581.1,13.8,88.2,7.87,0.94,130.0,47.4,14.6,DAP,Flood,2210.3
Haryana,Kharif,Alluvial,Rice,1130.5,31.5,95.0,7.15,12.58,110.5,22.8,38.8,Urea,Flood,3854.7
Tamil Nadu,Zaid,Clay,Rice,1252.3,34.9,82.3,7.76,13.31,79.8,59.4,65.8,DAP,Drip,3837.3
Andhra Pradesh,Kharif,Loamy,Maize,1167.5,30.4,89.5,6.36,5.53,56.1,56.0,67.5,Potash,Sprinkler,5573.0
West Bengal,Kharif,Alluvial,Barley,353.4,8.5,75.7,8.3,12.7,104.9,65.1,72.9,Urea,Flood,2278.5
Rajasthan,Rabi,Laterite,Jowar,513.3,23.9,54.4,6.85,3.46,114.7,35.3,64.9,Urea,Flood,1243.8
West Bengal,Kharif,Alluvial,Maize,947.1,24.4,49.3,6.5,8.57,73.5,73.8,21.5,DAP,Sprinkler,2974.1
Andhra Pradesh,Rabi,Loamy,Barley,418.9,15.1,82.0,7.22,16.39,100.8,27.3,73.2,Organic,Drip,2076.0
Madhya Pradesh,Zaid,Red,Mustard,401.8,10.5,55.4,6.04,1.92,25.8,34.9,54.2,Compost,Sprinkler,2004.2
Haryana,Zaid,Clay,Maize,983.1,18.5,65.6,7.68,14.22,55.4,40.8,23.2,Potash,Sprinkler,6230.1
Tamil Nadu,Kharif,Red,Wheat,580.1,12.8,82.4,6.19,10.66,143.0,30.0,20.9,Organic,Drip,6659.3
Tamil Nadu,Zaid,Laterite,Soybean,868.8,21.8,63.8,7.25,18.92,33.2,68.4,36.7,Compost,Rain-fed,1880.2
Tamil Nadu,Rabi,Clay,Mustard,360.4,12.2,79.7,6.74,16.09,66.1,24.1,67.1,Compost,Drip,1731.5
Karnataka,Kharif,Clay,Groundnut,610.7,26.0,43.5,8.02,4.15,69.0,53.2,15.4,DAP,Sprinkler,1689.5
Uttar Pradesh,Rabi,Loamy,Groundnut,504.4,30.0,91.1,8.45,9.35,128.5,25.5,70.3,DAP,Sprinkler,1913.3
Karnataka,Rabi,Sandy,Groundnut,447.3,25.1,55.1,8.36,15.42,67.4,55.4,52.8,Organic,Sprinkler,1989.1
Maharashtra,Kharif,Red,Cotton,807.2,35.8,41.3,7.76,11.68,73.6,70.5,31.9,Potash,Rain-fed,512.9
Haryana,Zaid,Loamy,Rice,1711.5,22.3,59.5,5.82,13.34,82.7,29.0,43.1,NPK,Flood,1933.7
Andhra Pradesh,Zaid,Laterite,Rice,1943.8,27.9,52.8,7.44,17.74,128.2,56.4,12.4,Compost,Flood,3426.6
Maharashtra,Kharif,Sandy,Jowar,889.6,30.9,79.4,7.63,12.1,125.4,75.6,70.9,Urea,Sprinkler,1277.5
Andhra Pradesh,Rabi,Sandy,Rice,1740.5,27.2,73.4,5.94,7.9,98.4,67.5,54.1,Potash,Flood,4408.1
Andhra Pradesh,Rabi,Sandy,Soybean,656.3,26.1,94.3,8.35,11.7,54.0,39.1,22.9,NPK,Sprinkler,1944.9
Punjab,Zaid,Laterite,Rice,931.9,30.8,62.0,6.67,11.27,103.3,32.9,34.3,Urea,Drip,4906.7
Haryana,Rabi,Clay,Barley,270.9,13.0,48.5,6.21,8.78,111.2,47.6,67.6,Organic,Rain-fed,3490.7
West Bengal,Kharif,Alluvial,Jowar,355.6,30.1,65.7,5.89,18.02,24.6,74.7,66.6,Organic,Sprinkler,1982.1
Maharashtra,Zaid,Laterite,Wheat,587.0,15.9,53.5,5.71,6.99,115.8,61.7,17.7,DAP,Sprinkler,5361.7
West Bengal,Zaid,Loamy,Wheat,355.0,18.6,45.4,7.14,6.64,46.8,68.7,80.0,Urea,Rain-fed,3155.5
Haryana,Zaid,Loamy,Groundnut,752.4,32.4,51.9,7.13,17.34,117.3,10.4,19.4,Urea,Rain-fed,1063.1
Karnataka,Kharif,Clay,Mustard,450.8,17.6,65.0,5.63,15.39,26.5,27.0,63.9,Urea,Rain-fed,1266.9
Haryana,Zaid,Loamy,Maize,828.8,21.4,76.4,5.86,15.07,39.9,20.3,39.4,Potash,Drip,2536.5
Rajasthan,Kharif,Clay,Wheat,495.6,18.9,92.7,6.75,8.55,75.8,69.9,12.0,Potash,Flood,4049.4
Andhra Pradesh,Rabi,Clay,Groundnut,499.4,34.9,57.4,5.91,6.98,143.0,21.6,11.8,Potash,Drip,2034.0
Karnataka,Kharif,Red,Jowar,755.3,32.3,80.8,6.19,18.28,59.0,64.3,31.9,Organic,Flood,2643.4
Uttar Pradesh,Kharif,Black,Soybean,984.8,22.6,71.9,6.67,2.42,136.8,51.0,73.2,Potash,Drip,1768.5
West Bengal,Zaid,Black,Mustard,358.9,23.8,81.9,7.96,6.34,144.8,58.8,66.2,DAP,Sprinkler,1349.2
Haryana,Rabi,Laterite,Jowar,795.2,32.8,64.6,7.72,19.89,50.6,37.6,36.1,NPK,Drip,2958.4
Haryana,Rabi,Sandy,Rice,979.6,32.4,50.1,5.78,5.94,73.5,49.9,15.7,DAP,Flood,2363.1
Rajasthan,Rabi,Red,Barley,307.6,8.1,61.7,5.91,11.8,107.8,37.6,19.6,NPK,Drip,3034.4
Madhya Pradesh,Rabi,Clay,Rice,1831.2,33.8,80.9,6.44,6.26,89.6,59.9,37.7,DAP,Rain-fed,2217.2
Haryana,Zaid,Sandy,Cotton,642.0,28.7,43.8,8.13,11.72,57.6,25.8,59.6,Compost,Sprinkler,730.9
Andhra Pradesh,Kharif,Sandy,Rice,1162.5,34.3,43.5,7.83,15.26,38.5,46.4,27.7,DAP,Drip,5957.2
Punjab,Zaid,Sandy,Cotton,514.9,24.1,48.0,6.9,5.44,144.5,35.3,13.3,Compost,Rain-fed,891.0
Rajasthan,Kharif,Alluvial,Groundnut,825.2,35.7,60.7,8.05,11.73,77.7,35.0,40.1,Compost,Rain-fed,980.5
Rajasthan,Zaid,Red,Soybean,846.5,27.4,87.3,6.76,4.74,96.4,69.9,59.1,Organic,Drip,1999.6
Madhya Pradesh,Rabi,Sandy,Groundnut,848.6,22.5,68.5,6.5,0.88,23.9,78.6,18.0,NPK,Sprinkler,1076.2
Maharashtra,Kharif,Loamy,Mustard,229.4,23.4,69.8,7.46,6.66,26.9,30.5,42.3,NPK,Rain-fed,1053.1
Haryana,Rabi,Alluvial,Sugarcane,2403.7,34.2,48.4,6.25,13.22,32.0,70.8,16.3,NPK,Sprinkler,82841.2
Punjab,Rabi,Black,Barley,602.4,18.1,83.6,8.34,0.69,121.2,72.4,45.2,Urea,Flood,3667.2
Uttar Pradesh,Zaid,Red,Maize,1001.9,31.5,46.4,7.7,16.86,42.0,15.2,31.1,Potash,Flood,1793.3
Rajasthan,Kharif,Red,Maize,1122.7,19.5,43.4,5.9,19.04,26.4,50.9,24.0,Organic,Flood,1674.1
Rajasthan,Zaid,Sandy,Maize,694.4,26.5,75.6,8.26,7.79,56.8,38.2,55.2,Potash,Rain-fed,1631.5
Punjab,Kharif,Laterite,Soybean,1090.3,20.1,40.7,6.08,8.73,104.2,56.9,71.6,Potash,Sprinkler,1066.9
Tamil Nadu,Zaid,Clay,Jowar,609.1,23.9,85.7,7.74,13.28,34.1,10.0,17.1,Compost,Drip,2397.3
Uttar Pradesh,Rabi,Clay,Maize,639.2,21.5,87.4,6.99,0.94,86.9,36.5,77.9,Potash,Sprinkler,5770.9
Haryana,Rabi,Red,Groundnut,496.0,25.5,81.4,6.21,3.34,45.3,69.0,28.7,Organic,Sprinkler,1616.5
Tamil Nadu,Rabi,Loamy,Sugarcane,1501.7,36.4,72.4,6.3,7.12,148.5,12.4,42.3,NPK,Flood,81389.8
Punjab,Kharif,Alluvial,Barley,367.2,19.2,89.7,7.29,12.48,133.1,63.9,18.4,Urea,Flood,3856.9
Karnataka,Kharif,Sandy,Maize,1118.4,24.0,54.0,8.07,15.58,70.0,17.7,43.9,Compost,Flood,2113.6
Rajasthan,Rabi,Black,Maize,820.0,19.4,50.5,6.95,18.55,130.3,39.3,19.6,DAP,Rain-fed,6056.4
Maharashtra,Kharif,Loamy,Wheat,255.2,13.1,88.0,8.25,18.99,138.6,61.6,20.8,Urea,Drip,4194.3
Maharashtra,Zaid,Alluvial,Groundnut,707.3,30.9,83.3,7.57,17.57,32.4,23.1,56.4,Organic,Drip,1776.1
Uttar Pradesh,Kharif,Red,Mustard,202.8,19.8,74.6,5.65,19.78,113.3,47.3,30.6,Potash,Drip,1073.3
Haryana,Kharif,Sandy,Sugarcane,2287.6,36.2,66.8,6.82,8.44,88.4,52.3,42.7,Compost,Sprinkler,122895.4
Rajasthan,Rabi,Red,Barley,536.6,16.2,84.1,6.05,12.7,42.4,28.4,48.0,Urea,Sprinkler,1734.9
Haryana,Kharif,Sandy,Groundnut,761.8,32.9,57.4,7.05,13.89,55.6,55.6,55.9,Urea,Flood,1798.6
Uttar Pradesh,Kharif,Loamy,Cotton,1015.1,27.0,56.6,5.73,17.16,23.2,44.6,19.1,Potash,Drip,1101.5
Karnataka,Zaid,Alluvial,Sugarcane,2454.1,27.0,90.1,6.43,1.86,56.7,43.2,10.1,DAP,Rain-fed,97394.3
Punjab,Kharif,Alluvial,Rice,1481.9,25.0,61.5,5.73,4.99,120.1,11.6,43.5,Organic,Sprinkler,2856.2
Maharashtra,Rabi,Black,Barley,290.0,16.8,70.5,5.73,9.4,61.5,29.4,25.7,Potash,Flood,1451.6
Andhra Pradesh,Kharif,Alluvial,Groundnut,682.7,31.0,76.6,7.58,15.38,103.2,53.3,37.0,Urea,Flood,1971.3
Andhra Pradesh,Zaid,Red,Mustard,457.4,18.5,41.7,6.84,4.03,71.1,16.9,77.0,Potash,Sprinkler,754.3
Haryana,Zaid,Sandy,Rice,1555.9,30.5,92.3,7.6,2.44,115.1,25.1,41.3,DAP,Drip,5753.6
Maharashtra,Zaid,Laterite,Soybean,1108.0,28.6,42.4,6.71,1.69,42.7,53.4,64.7,Potash,Drip,1983.9
Karnataka,Rabi,Red,Cotton,808.1,35.0,54.0,5.7,13.19,132.5,68.2,62.8,Compost,Drip,684.2
West Bengal,Kharif,Clay,Mustard,291.3,23.2,94.8,5.8,17.69,110.8,10.7,67.5,DAP,Sprinkler,2180.0
Maharashtra,Zaid,Red,Maize,964.1,29.4,85.5,6.03,7.79,45.2,41.0,76.4,Compost,Flood,4207.1
Tamil Nadu,Rabi,Alluvial,Jowar,803.6,31.9,41.5,5.52,4.88,137.6,37.4,49.4,Potash,Rain-fed,2114.3
Karnataka,Rabi,Red,Maize,987.3,20.6,40.0,5.83,6.38,121.7,13.7,62.4,DAP,Flood,1918.4
Uttar Pradesh,Rabi,Loamy,Sugarcane,1398.1,35.4,57.2,6.57,8.74,60.4,46.3,47.5,Organic,Flood,128633.4
Karnataka,Zaid,Loamy,Barley,250.6,21.5,90.0,8.02,10.47,73.8,55.3,28.0,Compost,Rain-fed,2640.3
Andhra Pradesh,Zaid,Alluvial,Groundnut,806.5,30.3,89.8,6.76,2.74,27.4,46.3,67.3,Compost,Drip,1111.9
Madhya Pradesh,Kharif,Loamy,Mustard,205.3,14.5,55.8,6.96,8.3,29.3,49.6,69.2,Potash,Rain-fed,1956.7
Madhya Pradesh,Rabi,Red,Groundnut,565.3,35.1,80.7,7.96,8.62,139.1,74.5,59.3,DAP,Drip,2087.2
Punjab,Rabi,Laterite,Barley,243.1,19.1,75.5,7.08,1.21,58.6,70.4,38.5,NPK,Drip,3361.2
Uttar Pradesh,Rabi,Laterite,Sugarcane,1953.0,33.1,84.0,6.19,9.97,65.3,67.2,17.6,Urea,Rain-fed,78522.6
West Bengal,Kharif,Black,Jowar,686.0,28.6,57.5,5.61,18.31,32.0,49.2,11.9,Potash,Drip,2469.3
Andhra Pradesh,Zaid,Clay,Maize,986.6,29.3,62.1,8.36,17.06,20.8,40.2,59.0,Potash,Flood,1994.1
Uttar Pradesh,Kharif,Laterite,Sugarcane,1711.4,37.6,89.4,6.97,9.34,54.8,16.7,24.7,DAP,Sprinkler,117214.5
Punjab,Kharif,Clay,Barley,368.8,19.4,45.2,5.76,13.34,133.3,46.1,30.7,Compost,Flood,3503.0
Maharashtra,Rabi,Laterite,Cotton,616.9,32.7,70.8,6.87,16.12,20.0,52.3,10.7,Compost,Rain-fed,823.2
West Bengal,Rabi,Black,Maize,520.8,22.1,76.7,8.44,0.94,22.4,68.9,77.3,Compost,Drip,6924.8
Maharashtra,Rabi,Sandy,Jowar,606.0,27.9,44.8,8.49,12.88,127.9,63.6,12.7,Compost,Flood,1751.2
Punjab,Kharif,Alluvial,Barley,451.2,15.4,54.7,6.67,7.69,31.7,24.4,24.0,NPK,Sprinkler,2055.9
Maharashtra,Rabi,Loamy,Groundnut,604.3,28.2,49.2,7.51,18.3,48.3,32.1,12.1,Potash,Drip,1989.7
Andhra Pradesh,Rabi,Clay,Sugarcane,1260.8,33.7,80.6,5.92,7.28,33.5,52.5,66.1,NPK,Drip,154879.9
Uttar Pradesh,Zaid,Red,Barley,506.1,16.5,44.2,7.36,7.12,83.2,39.4,34.4,DAP,Drip,2032.8
West Bengal,Rabi,Black,Barley,382.3,10.5,69.9,5.66,10.48,60.0,60.6,62.2,NPK,Sprinkler,2613.5
Punjab,Rabi,Black,Groundnut,521.9,29.4,49.9,6.17,5.98,138.4,22.6,32.0,Potash,Flood,2245.9
Karnataka,Rabi,Laterite,Barley,526.2,14.1,87.0,8.07,18.09,53.3,20.0,11.7,Potash,Rain-fed,2441.8
Punjab,Zaid,Black,Groundnut,826.9,24.5,73.3,5.73,17.0,133.1,70.7,48.2,Potash,Rain-fed,2281.2
Karnataka,Rabi,Alluvial,Sugarcane,2437.2,35.9,58.1,6.07,0.95,46.2,21.6,16.4,Organic,Flood,94035.3
Uttar Pradesh,Zaid,Loamy,Cotton,922.0,36.4,49.2,5.8,12.03,112.5,50.8,34.3,Organic,Flood,798.7
Andhra Pradesh,Kharif,Loamy,Groundnut,528.8,25.3,72.1,5.87,17.84,97.6,79.1,54.0,Urea,Sprinkler,2263.6
Tamil Nadu,Zaid,Laterite,Rice,1459.5,24.9,90.2,6.0,13.77,128.7,61.3,23.9,Organic,Rain-fed,4842.5
Haryana,Kharif,Clay,Soybean,872.5,28.2,45.2,7.97,4.67,53.0,67.2,55.5,Organic,Drip,2408.7
Rajasthan,Zaid,Alluvial,Maize,920.6,27.7,93.7,7.13,8.63,146.1,19.0,50.5,Organic,Drip,5780.1
Andhra Pradesh,Rabi,Alluvial,Soybean,727.8,23.8,59.2,8.48,12.91,125.0,55.7,68.9,Organic,Drip,1574.4
West Bengal,Kharif,Black,Soybean,1008.7,21.3,73.1,8.42,19.1,59.6,12.5,37.9,Urea,Sprinkler,2534.9
Karnataka,Zaid,Red,Jowar,791.3,24.2,59.3,7.91,13.11,95.8,28.0,26.0,Compost,Flood,878.4
Andhra Pradesh,Zaid,Black,Cotton,552.1,34.2,60.4,7.88,14.77,93.4,12.3,40.8,Potash,Sprinkler,743.8
Maharashtra,Rabi,Loamy,Groundnut,543.8,32.2,65.8,6.47,8.54,87.2,10.5,74.6,DAP,Drip,1149.1
Maharashtra,Rabi,Loamy,Rice,980.1,25.1,69.1,6.56,1.67,79.2,68.5,28.5,Potash,Sprinkler,2641.9
Tamil Nadu,Rabi,Laterite,Cotton,856.6,27.7,44.9,7.78,10.73,72.8,11.5,56.4,NPK,Drip,675.7
West Bengal,Zaid,Red,Groundnut,491.6,25.1,61.4,5.86,15.7,52.0,70.4,51.2,DAP,Rain-fed,1867.5
Maharashtra,Zaid,Black,Sugarcane,2278.9,29.3,65.3,8.48,14.47,89.3,13.1,77.0,Urea,Sprinkler,111248.2
Madhya Pradesh,Rabi,Black,Maize,645.5,27.7,87.1,5.54,12.68,33.4,77.1,77.7,Organic,Sprinkler,6056.2
Tamil Nadu,Zaid,Black,Soybean,658.0,27.0,80.4,8.41,2.56,52.9,15.0,78.1,Organic,Rain-fed,966.2
Rajasthan,Kharif,Laterite,Groundnut,655.2,28.7,65.2,7.26,15.55,40.8,66.0,33.3,Potash,Rain-fed,1458.0
Rajasthan,Zaid,Laterite,Rice,916.2,28.2,66.4,8.1,16.97,82.7,48.6,67.5,Compost,Rain-fed,4158.3
Madhya Pradesh,Zaid,Loamy,Sugarcane,1219.2,26.9,46.3,7.52,3.08,144.0,66.5,31.2,Urea,Sprinkler,58332.9
Uttar Pradesh,Rabi,Alluvial,Cotton,610.7,25.8,85.0,6.36,18.82,25.6,63.9,21.9,Potash,Drip,581.5
Karnataka,Zaid,Alluvial,Rice,969.6,22.7,72.1,7.37,3.71,79.7,10.6,54.1,Urea,Flood,4096.8
Madhya Pradesh,Rabi,Sandy,Jowar,494.2,23.9,65.1,6.97,9.81,23.8,79.3,60.1,Potash,Drip,1653.0
Karnataka,Kharif,Alluvial,Mustard,316.5,18.1,55.2,6.64,7.07,42.2,12.0,78.0,Potash,Rain-fed,2191.4
Haryana,Zaid,Laterite,Barley,204.7,17.0,85.5,6.11,4.76,117.9,14.2,32.6,DAP,Sprinkler,2789.9
Madhya Pradesh,Kharif,Laterite,Wheat,729.7,17.8,61.6,5.7,11.68,65.6,58.1,42.5,Urea,Rain-fed,5159.9
Punjab,Rabi,Loamy,Jowar,390.5,28.0,51.3,6.67,18.59,83.5,63.1,38.8,Organic,Drip,2623.2
Uttar Pradesh,Rabi,Alluvial,Sugarcane,1593.3,36.2,44.0,5.94,14.15,47.4,66.1,76.2,Potash,Flood,62912.2
Andhra Pradesh,Zaid,Black,Jowar,728.4,32.6,60.7,6.54,16.7,80.0,23.6,74.0,Potash,Drip,1872.0
Karnataka,Zaid,Red,Maize,1113.7,31.7,59.0,7.92,17.99,130.3,17.1,74.7,Urea,Rain-fed,4296.3
West Bengal,Kharif,Alluvial,Cotton,713.6,29.2,45.0,7.59,8.48,147.3,73.1,72.5,NPK,Drip,1015.5
Punjab,Rabi,Sandy,Soybean,1140.3,28.8,92.1,6.22,2.89,87.6,37.4,62.8,Potash,Sprinkler,1585.0
Tamil Nadu,Rabi,Clay,Wheat,562.3,17.2,90.0,5.52,3.11,140.0,56.4,76.6,Compost,Flood,4331.0
Rajasthan,Kharif,Alluvial,Cotton,766.9,29.5,44.3,6.09,7.04,63.3,40.0,50.8,Urea,Drip,664.2
Punjab,Zaid,Black,Wheat,386.2,14.0,92.2,6.06,8.65,47.0,66.3,50.1,Compost,Sprinkler,3989.9
West Bengal,Kharif,Sandy,Cotton,1001.9,27.9,54.7,7.92,17.6,148.0,15.3,55.8,Urea,Flood,379.8
Maharashtra,Zaid,Alluvial,Sugarcane,1779.5,31.4,89.6,5.69,7.88,82.6,68.4,61.7,Urea,Rain-fed,79818.3
Uttar Pradesh,Rabi,Black,Cotton,1116.8,29.5,91.6,5.86,16.46,102.3,21.9,20.6,Urea,Sprinkler,392.9
West Bengal,Kharif,Black,Mustard,499.1,22.9,65.8,6.31,6.9,64.7,70.8,31.4,Urea,Sprinkler,1143.4
Madhya Pradesh,Kharif,Clay,Wheat,446.8,14.8,62.6,8.08,8.94,40.5,40.4,56.8,DAP,Sprinkler,2794.4
Karnataka,Zaid,Loamy,Sugarcane,1899.1,30.7,48.9,6.11,1.99,30.0,36.9,62.5,Compost,Rain-fed,113753.9
Uttar Pradesh,Rabi,Clay,Jowar,726.8,26.8,41.0,7.89,13.25,32.8,51.4,34.4,Urea,Flood,1414.9
Maharashtra,Zaid,Red,Groundnut,880.8,30.9,85.6,8.05,17.06,122.8,69.5,42.2,Compost,Drip,1593.9
Rajasthan,Kharif,Alluvial,Jowar,793.8,22.4,78.5,7.64,1.31,126.4,75.4,26.1,DAP,Flood,2052.5
Maharashtra,Rabi,Alluvial,Jowar,488.5,26.6,82.5,7.67,15.43,149.2,64.0,50.5,Compost,Rain-fed,2519.6
Uttar Pradesh,Kharif,Red,Groundnut,525.4,29.2,82.5,7.65,11.28,68.5,30.7,70.4,Organic,Flood,1714.6
Haryana,Rabi,Clay,Cotton,909.1,30.4,41.5,8.41,9.61,118.5,72.1,47.0,NPK,Drip,369.6
Andhra Pradesh,Zaid,Sandy,Wheat,504.5,14.3,92.8,6.46,13.07,51.7,64.9,41.0,Potash,Sprinkler,3480.4
Haryana,Kharif,Laterite,Wheat,555.1,21.2,60.8,6.83,17.35,93.7,24.3,23.7,NPK,Rain-fed,4122.4
West Bengal,Kharif,Alluvial,Soybean,1146.2,21.4,93.0,7.01,15.62,93.6,19.1,25.3,Urea,Rain-fed,1091.8
Madhya Pradesh,Kharif,Clay,Mustard,229.4,19.8,78.9,6.01,3.14,137.4,21.4,32.1,Urea,Drip,1614.3
Maharashtra,Zaid,Red,Groundnut,472.1,26.3,67.3,6.87,18.36,105.1,69.8,55.3,Urea,Flood,2501.5
Karnataka,Zaid,Loamy,Maize,925.6,29.8,49.8,6.85,8.73,37.1,55.3,59.5,Urea,Drip,6971.8
Madhya Pradesh,Kharif,Red,Mustard,361.4,21.2,47.6,5.67,5.86,141.2,31.3,48.7,Potash,Rain-fed,1077.2
Rajasthan,Rabi,Sandy,Wheat,633.1,11.1,93.4,7.17,10.89,129.2,13.1,73.4,Compost,Sprinkler,4244.5
Madhya Pradesh,Rabi,Loamy,Rice,1331.8,25.3,72.8,5.77,15.44,141.1,17.6,49.1,Organic,Sprinkler,2077.5
Madhya Pradesh,Kharif,Laterite,Barley,455.5,18.2,55.2,7.39,0.64,29.7,67.7,17.7,NPK,Flood,3024.1
Punjab,Rabi,Sandy,Cotton,851.9,30.1,54.2,8.29,6.16,44.3,19.7,24.6,Organic,Drip,736.2
Haryana,Rabi,Alluvial,Soybean,933.9,28.0,59.6,8.23,7.87,89.3,64.7,49.5,Compost,Flood,1288.7
West Bengal,Kharif,Sandy,Soybean,607.3,27.8,65.4,5.83,11.08,102.7,20.9,48.3,NPK,Drip,1349.5
Maharashtra,Zaid,Sandy,Jowar,896.0,29.5,91.5,8.27,14.64,101.2,58.4,53.2,Potash,Sprinkler,1462.0
Tamil Nadu,Zaid,Alluvial,Wheat,726.5,19.1,90.0,5.52,3.75,136.2,59.5,79.4,Urea,Drip,2424.2
Haryana,Rabi,Sandy,Groundnut,489.3,27.1,91.0,6.04,19.41,125.3,25.4,10.7,Organic,Rain-fed,1671.5
Rajasthan,Kharif,Clay,Maize,1005.8,27.4,85.1,6.84,6.52,89.6,31.9,47.8,Urea,Rain-fed,2320.2
Haryana,Kharif,Red,Mustard,520.0,12.8,56.2,6.78,19.3,41.5,26.5,38.1,Urea,Sprinkler,1201.1
Andhra Pradesh,Kharif,Sandy,Barley,480.3,13.6,50.7,8.25,4.39,65.2,35.7,41.9,Potash,Drip,4321.2
Madhya Pradesh,Kharif,Laterite,Barley,668.6,18.6,77.8,7.78,17.17,139.1,62.4,75.5,DAP,Sprinkler,2273.3
Punjab,Kharif,Laterite,Wheat,307.6,18.2,47.7,6.68,12.67,98.9,12.4,20.0,NPK,Sprinkler,3743.7
Maharashtra,Rabi,Black,Soybean,950.6,20.4,88.8,6.75,10.06,89.4,54.3,74.6,Compost,Sprinkler,1798.9
Tamil Nadu,Rabi,Red,Cotton,555.2,33.6,43.9,6.42,2.45,27.0,73.6,71.0,NPK,Rain-fed,504.2
Punjab,Rabi,Laterite,Rice,1016.1,29.3,56.3,7.09,6.46,69.7,25.4,20.2,NPK,Flood,4318.8
Punjab,Rabi,Alluvial,Groundnut,514.6,30.1,56.8,6.96,13.27,106.1,32.6,77.4,Urea,Rain-fed,1612.3
Andhra Pradesh,Zaid,Loamy,Mustard,469.6,11.0,54.4,8.38,4.6,115.6,70.9,21.0,Potash,Rain-fed,2090.6
Uttar Pradesh,Zaid,Clay,Groundnut,681.3,35.9,93.2,8.16,6.71,41.0,23.8,22.7,NPK,Sprinkler,1093.3
Punjab,Rabi,Black,Cotton,1145.7,35.2,62.1,6.27,19.82,54.8,78.7,11.1,DAP,Drip,718.2
Punjab,Rabi,Black,Rice,1845.7,26.9,62.9,6.63,11.55,146.3,75.6,75.4,Compost,Sprinkler,4863.0
Maharashtra,Zaid,Red,Soybean,1160.1,22.2,67.7,8.48,8.99,110.4,22.7,75.3,DAP,Sprinkler,1952.3
West Bengal,Zaid,Black,Cotton,1199.4,34.6,81.0,7.04,2.04,141.9,28.0,36.5,Potash,Drip,936.2
West Bengal,Kharif,Sandy,Maize,974.1,25.3,46.6,7.35,13.69,26.0,54.4,16.0,Compost,Drip,2316.8
Tamil Nadu,Zaid,Loamy,Maize,944.6,20.2,41.2,7.39,9.53,121.9,75.7,79.9,Organic,Rain-fed,4417.2
West Bengal,Rabi,Black,Jowar,546.0,29.7,94.0,5.86,0.85,65.9,37.6,74.2,NPK,Rain-fed,2009.8
Punjab,Rabi,Black,Maize,621.1,22.9,58.1,5.53,19.13,57.4,19.1,44.3,Urea,Sprinkler,5675.4
Maharashtra,Zaid,Black,Sugarcane,1549.4,37.5,91.0,6.13,2.15,87.7,23.3,32.2,Organic,Flood,65167.5
Madhya Pradesh,Rabi,Alluvial,Soybean,1091.9,27.5,79.3,8.44,9.52,146.8,48.3,58.9,DAP,Drip,976.9
Tamil Nadu,Zaid,Alluvial,Sugarcane,1383.7,25.8,83.5,6.24,6.0,51.7,26.3,70.5,DAP,Flood,127980.1
Madhya Pradesh,Zaid,Alluvial,Barley,384.7,15.3,47.5,7.03,4.31,58.2,13.7,45.3,Potash,Sprinkler,2121.8
Haryana,Rabi,Sandy,Mustard,330.9,17.1,71.1,8.06,3.36,92.2,20.7,19.0,Organic,Flood,1465.6
Tamil Nadu,Kharif,Sandy,Rice,1544.9,33.0,87.9,6.13,0.83,41.2,46.0,29.4,Organic,Rain-fed,3905.0
Madhya Pradesh,Rabi,Alluvial,Mustard,563.2,21.0,92.4,7.06,4.06,25.0,78.1,79.7,Organic,Drip,1109.3
Punjab,Rabi,Sandy,Groundnut,700.9,35.3,55.9,6.81,7.52,100.6,69.5,26.2,Urea,Flood,1745.2
West Bengal,Zaid,Red,Groundnut,622.8,28.4,66.1,7.1,4.76,53.2,24.2,29.3,Compost,Flood,800.4
Karnataka,Rabi,Sandy,Soybean,624.4,20.4,40.1,6.04,16.57,64.2,56.8,45.5,Potash,Drip,3008.3
Maharashtra,Zaid,Laterite,Mustard,470.6,11.6,50.6,7.61,13.73,110.8,54.8,64.4,Compost,Sprinkler,953.4
Rajasthan,Rabi,Loamy,Barley,516.0,18.6,76.4,6.6,18.92,61.1,39.9,63.6,Potash,Drip,2231.1
Karnataka,Rabi,Loamy,Cotton,801.0,27.2,91.3,5.67,2.81,114.1,36.0,48.8,NPK,Rain-fed,330.9
Haryana,Kharif,Clay,Jowar,652.0,23.6,69.1,8.47,15.94,88.7,34.1,64.9,NPK,Sprinkler,1257.6
Rajasthan,Rabi,Red,Cotton,947.0,27.4,75.1,6.93,6.18,87.3,21.2,72.6,NPK,Sprinkler,914.7
Karnataka,Zaid,Alluvial,Cotton,1052.4,29.9,52.5,5.88,9.91,77.0,26.4,60.3,DAP,Rain-fed,986.8
Uttar Pradesh,Zaid,Alluvial,Cotton,727.8,32.9,44.2,7.24,17.97,98.5,34.2,11.3,Potash,Rain-fed,351.3
Rajasthan,Zaid,Sandy,Groundnut,761.9,35.5,51.1,7.96,5.52,149.9,32.9,39.6,Organic,Flood,2625.5
Maharashtra,Zaid,Red,Cotton,718.1,30.2,52.9,6.77,14.16,68.6,34.2,27.1,Organic,Rain-fed,793.6
Tamil Nadu,Kharif,Loamy,Groundnut,403.4,22.1,79.7,8.26,19.81,86.8,19.9,36.9,NPK,Sprinkler,1766.9
Haryana,Rabi,Alluvial,Maize,1044.8,31.7,82.2,6.28,0.57,122.7,17.5,30.7,DAP,Drip,5607.2
Haryana,Kharif,Sandy,Jowar,409.1,31.6,56.1,7.08,13.63,31.4,66.2,75.1,Potash,Drip,1300.9
Karnataka,Zaid,Black,Wheat,505.9,11.9,71.1,6.57,11.03,77.6,71.2,48.9,Compost,Flood,4665.6
Punjab,Zaid,Red,Rice,1739.1,23.6,66.2,6.84,15.17,24.8,16.6,50.4,Organic,Rain-fed,4771.2
Haryana,Zaid,Red,Wheat,267.0,19.9,58.2,5.78,14.0,96.7,43.5,48.0,DAP,Drip,2444.1
Tamil Nadu,Kharif,Red,Soybean,790.6,26.7,41.5,5.5,15.95,93.8,30.8,75.1,Urea,Flood,2074.0
Rajasthan,Kharif,Sandy,Soybean,871.8,22.3,69.9,8.07,16.75,135.5,76.6,75.5,Potash,Sprinkler,1359.1
Madhya Pradesh,Rabi,Clay,Barley,377.5,8.1,85.6,7.5,6.34,111.6,14.7,13.0,DAP,Rain-fed,3569.1
Rajasthan,Zaid,Red,Jowar,764.2,32.8,65.6,6.43,11.18,99.8,64.4,12.9,DAP,Drip,1255.2
Rajasthan,Rabi,Clay,Rice,1620.8,30.8,77.2,7.87,6.14,88.7,28.5,79.0,DAP,Sprinkler,1960.4
Tamil Nadu,Kharif,Sandy,Groundnut,733.5,23.2,92.5,6.06,3.82,52.7,16.6,25.9,DAP,Flood,2884.0
Tamil Nadu,Rabi,Red,Maize,683.5,20.0,60.7,6.89,3.7,114.5,25.2,22.7,Urea,Sprinkler,3329.0
Andhra Pradesh,Kharif,Sandy,Soybean,600.8,20.5,49.6,7.68,9.87,97.8,65.2,21.1,Compost,Rain-fed,1100.0
Tamil Nadu,Kharif,Sandy,Maize,1171.1,21.7,67.7,8.35,2.45,63.5,36.4,59.6,Organic,Rain-fed,6014.4
Tamil Nadu,Rabi,Black,Rice,1218.2,30.7,83.1,7.1,10.97,126.2,33.6,66.1,Potash,Drip,5550.0
West Bengal,Kharif,Alluvial,Barley,468.8,18.0,94.2,6.09,3.87,57.8,33.3,48.4,Potash,Rain-fed,2453.4
Andhra Pradesh,Rabi,Loamy,Cotton,669.7,33.9,88.3,7.62,17.57,71.9,29.8,10.7,Organic,Flood,475.2
Punjab,Kharif,Laterite,Barley,675.9,10.6,85.9,6.96,19.39,91.7,41.1,10.2,NPK,Sprinkler,3858.0
Rajasthan,Rabi,Laterite,Barley,253.4,18.6,79.2,8.28,12.59,119.4,50.7,17.7,Urea,Drip,3031.7
Uttar Pradesh,Zaid,Laterite,Cotton,817.6,33.6,59.9,6.25,11.73,133.6,57.3,39.5,Organic,Flood,790.1
Madhya Pradesh,Rabi,Black,Jowar,866.5,27.4,57.7,7.52,15.26,41.4,45.2,35.0,Compost,Rain-fed,1315.8
Rajasthan,Kharif,Clay,Cotton,636.7,37.0,66.7,7.28,15.9,30.1,73.3,75.6,DAP,Flood,799.0
Punjab,Rabi,Sandy,Jowar,544.2,25.0,44.8,7.32,9.92,50.3,25.4,54.3,Potash,Rain-fed,2175.0
Madhya Pradesh,Rabi,Clay,Mustard,410.8,14.1,81.6,6.85,19.62,20.8,17.9,48.8,Urea,Rain-fed,1178.6
Andhra Pradesh,Rabi,Clay,Wheat,324.3,12.3,74.3,7.39,0.5,127.0,77.5,35.2,DAP,Rain-fed,5005.7
Uttar Pradesh,Zaid,Laterite,Cotton,728.2,29.9,45.6,6.77,18.5,96.8,50.1,17.8,Urea,Sprinkler,453.4
Maharashtra,Rabi,Laterite,Maize,678.4,25.0,74.4,5.72,16.4,45.2,63.2,31.9,DAP,Drip,5891.7
Uttar Pradesh,Kharif,Alluvial,Rice,1546.5,31.8,91.1,6.91,19.93,112.2,55.7,71.1,DAP,Rain-fed,2327.0
Rajasthan,Rabi,Red,Jowar,349.2,26.8,89.0,6.87,1.43,33.1,26.6,66.0,Compost,Rain-fed,1053.7
Uttar Pradesh,Rabi,Sandy,Sugarcane,1346.2,26.9,69.4,5.54,15.72,129.7,12.6,46.7,Urea,Rain-fed,104438.0
Tamil Nadu,Kharif,Red,Maize,1127.9,30.4,41.4,6.35,16.33,138.7,13.0,74.9,DAP,Drip,6309.3
West Bengal,Rabi,Alluvial,Wheat,336.7,15.5,67.3,5.89,19.52,77.8,41.0,10.6,Potash,Rain-fed,4324.2
Maharashtra,Rabi,Sandy,Sugarcane,2227.1,27.4,60.5,6.73,14.35,22.4,44.3,41.4,Urea,Flood,57000.7
Tamil Nadu,Rabi,Loamy,Maize,959.3,19.9,64.6,8.46,12.86,22.2,43.9,24.5,Urea,Rain-fed,4377.2
Punjab,Rabi,Black,Barley,332.6,9.0,86.3,6.28,13.23,57.9,56.0,67.8,NPK,Drip,2960.4
Punjab,Zaid,Loamy,Soybean,1086.1,22.7,86.6,6.38,1.21,88.1,15.0,44.4,Organic,Drip,2663.1
Rajasthan,Zaid,Sandy,Soybean,854.3,20.9,65.2,5.94,10.71,35.8,15.3,21.7,NPK,Flood,1975.9
Tamil Nadu,Rabi,Laterite,Groundnut,524.2,27.6,72.9,7.5,18.05,93.0,72.2,13.8,Compost,Sprinkler,1879.3
Tamil Nadu,Zaid,Sandy,Barley,633.2,15.7,55.5,6.32,2.46,86.7,50.1,56.4,DAP,Flood,2045.9
West Bengal,Zaid,Black,Mustard,476.6,10.0,84.8,7.96,9.41,97.7,66.7,14.5,Potash,Flood,1960.6
Haryana,Kharif,Black,Rice,1338.0,28.6,88.3,6.3,12.62,49.3,11.5,50.4,Urea,Flood,2653.6
Rajasthan,Rabi,Alluvial,Rice,1844.5,31.1,78.3,7.42,7.45,129.9,59.9,56.9,Potash,Flood,1870.7
Maharashtra,Zaid,Clay,Groundnut,760.6,35.6,42.3,6.9,12.04,113.1,44.7,75.0,DAP,Sprinkler,1193.0
Haryana,Kharif,Black,Wheat,414.5,15.1,90.2,7.23,8.2,121.0,63.8,52.7,Urea,Rain-fed,3075.9
West Bengal,Zaid,Laterite,Cotton,1026.6,33.8,58.1,5.85,0.92,125.6,19.7,55.8,Compost,Sprinkler,654.5
Maharashtra,Rabi,Red,Groundnut,738.4,34.3,86.9,6.05,5.96,93.3,17.8,23.3,DAP,Rain-fed,2571.1
West Bengal,Rabi,Laterite,Groundnut,740.9,30.4,49.6,6.28,18.02,84.0,49.4,30.7,DAP,Sprinkler,2785.4
West Bengal,Kharif,Laterite,Groundnut,707.4,25.3,52.0,7.46,1.32,107.6,20.5,25.6,Potash,Drip,2963.8
Haryana,Zaid,Loamy,Maize,849.2,21.0,73.1,6.95,17.69,141.3,51.9,14.3,Organic,Drip,5057.6
Rajasthan,Rabi,Clay,Mustard,333.4,16.3,75.6,6.97,11.28,27.0,61.5,45.8,Urea,Flood,915.2
Andhra Pradesh,Zaid,Clay,Wheat,534.7,16.4,80.3,6.75,17.83,102.4,54.4,22.9,Organic,Flood,3134.1
Rajasthan,Kharif,Sandy,Wheat,396.2,16.9,58.7,7.91,12.0,101.4,65.7,72.2,NPK,Drip,4072.9
Rajasthan,Rabi,Black,Wheat,351.2,17.2,94.5,8.44,7.02,39.0,33.0,35.9,Potash,Flood,4709.9
Karnataka,Kharif,Clay,Cotton,694.3,27.7,58.5,6.35,13.75,95.5,73.9,11.0,NPK,Rain-fed,951.8
West Bengal,Zaid,Red,Wheat,565.5,23.1,70.6,8.22,1.91,120.1,18.1,18.2,DAP,Rain-fed,3393.3
Uttar Pradesh,Kharif,Clay,Cotton,884.3,32.4,78.7,7.1,19.08,144.5,37.2,71.4,Potash,Sprinkler,808.8
Rajasthan,Zaid,Loamy,Wheat,303.3,19.6,67.5,7.54,18.56,107.3,31.7,58.1,Organic,Sprinkler,3477.0
Madhya Pradesh,Zaid,Laterite,Sugarcane,2249.1,36.5,66.1,7.62,17.96,34.2,35.8,48.5,DAP,Drip,99004.5
Maharashtra,Rabi,Laterite,Rice,940.7,30.9,54.5,8.33,18.78,32.7,10.1,65.6,NPK,Rain-fed,5137.6
Madhya Pradesh,Zaid,Loamy,Jowar,461.9,33.4,66.8,6.92,6.39,54.9,68.9,66.6,Organic,Rain-fed,2036.5
Andhra Pradesh,Zaid,Laterite,Maize,1066.5,20.6,48.3,6.67,7.42,142.7,57.0,40.2,Potash,Flood,1813.9
Punjab,Kharif,Sandy,Sugarcane,1823.3,34.3,86.4,7.73,15.65,142.7,39.7,72.8,DAP,Rain-fed,121738.9
Karnataka,Rabi,Alluvial,Maize,524.7,20.0,83.1,8.3,0.89,101.6,68.0,47.9,Organic,Rain-fed,3891.0
West Bengal,Rabi,Sandy,Wheat,664.3,10.9,66.9,5.97,14.87,129.5,36.4,10.9,Potash,Rain-fed,3200.7
Punjab,Rabi,Loamy,Barley,421.1,9.8,68.8,5.99,12.65,125.0,58.3,17.8,Urea,Flood,2651.3
Karnataka,Kharif,Red,Barley,311.0,15.0,63.3,5.52,3.1,84.2,35.5,74.6,Compost,Drip,2596.9
Rajasthan,Rabi,Laterite,Sugarcane,1185.1,33.9,86.1,5.85,11.58,28.8,64.7,45.9,Compost,Flood,103077.7
Andhra Pradesh,Zaid,Laterite,Soybean,743.2,26.3,41.1,5.79,6.73,102.0,32.2,61.5,DAP,Sprinkler,1012.1
Andhra Pradesh,Zaid,Clay,Maize,1034.8,22.3,55.6,7.66,4.79,70.4,73.1,33.9,Urea,Flood,1839.2
Maharashtra,Zaid,Clay,Jowar,892.3,23.6,69.2,7.57,1.23,20.4,28.6,45.0,Potash,Sprinkler,2700.7
Andhra Pradesh,Zaid,Laterite,Sugarcane,1738.3,27.8,74.3,8.49,19.74,102.6,27.0,33.7,NPK,Flood,116889.9
Haryana,Kharif,Laterite,Sugarcane,1583.1,35.6,71.4,7.5,10.25,85.0,44.8,62.5,DAP,Flood,97657.5
Rajasthan,Rabi,Black,Sugarcane,1918.1,37.3,88.5,7.2,2.97,78.0,75.5,56.1,Organic,Sprinkler,112200.4
Rajasthan,Kharif,Loamy,Sugarcane,1213.4,35.7,84.5,6.14,3.16,34.5,16.2,29.4,NPK,Flood,90560.7
Madhya Pradesh,Kharif,Alluvial,Groundnut,580.6,31.3,83.0,5.63,2.82,149.9,76.5,17.8,NPK,Rain-fed,1297.9
Maharashtra,Kharif,Black,Soybean,1117.5,23.9,88.1,8.46,16.43,96.5,63.9,76.3,Potash,Drip,2347.6
Karnataka,Rabi,Laterite,Groundnut,565.5,22.8,90.1,7.33,13.69,84.9,40.2,59.4,Potash,Sprinkler,1569.8
Haryana,Rabi,Laterite,Wheat,348.9,21.3,45.5,7.37,9.64,135.6,27.4,66.2,Organic,Flood,4035.8
Punjab,Kharif,Red,Maize,842.9,31.8,46.9,6.56,16.13,84.1,54.1,57.0,Organic,Flood,5190.1
Uttar Pradesh,Zaid,Sandy,Rice,1598.6,31.4,87.6,6.37,13.66,76.1,70.5,58.3,Compost,Flood,4306.3
West Bengal,Rabi,Laterite,Maize,513.1,23.8,74.0,5.76,6.5,37.6,27.5,35.3,NPK,Sprinkler,5091.8
Uttar Pradesh,Zaid,Black,Mustard,468.3,23.5,43.8,7.7,14.05,109.9,35.7,15.1,Urea,Sprinkler,1631.2
Uttar Pradesh,Kharif,Black,Jowar,689.0,25.6,94.1,6.2,4.83,43.4,38.0,30.5,NPK,Flood,1173.8
Haryana,Rabi,Red,Sugarcane,1293.8,34.8,63.9,6.89,10.83,137.6,52.7,12.7,Potash,Sprinkler,108373.2
Haryana,Rabi,Loamy,Barley,536.4,19.1,91.8,6.75,9.48,45.6,74.9,40.3,NPK,Flood,2092.6
Andhra Pradesh,Zaid,Red,Soybean,721.0,21.3,76.1,5.85,9.78,26.5,30.9,75.9,Potash,Rain-fed,2686.4
Karnataka,Rabi,Red,Mustard,445.1,19.0,50.8,6.97,3.57,103.0,41.7,60.4,Potash,Drip,2035.2
Haryana,Kharif,Sandy,Maize,542.9,19.3,94.8,7.85,17.27,106.5,22.3,63.1,Potash,Flood,1630.8
Haryana,Zaid,Loamy,Sugarcane,1436.9,34.9,90.5,7.51,5.32,72.7,54.5,43.2,DAP,Rain-fed,93869.6
Andhra Pradesh,Rabi,Red,Barley,232.7,12.3,50.7,7.61,15.58,104.6,77.3,23.5,DAP,Flood,4370.3
Punjab,Kharif,Black,Groundnut,805.3,28.5,79.7,7.93,10.71,38.4,21.2,70.7,Urea,Sprinkler,977.7
Haryana,Zaid,Sandy,Wheat,488.8,24.0,94.6,6.59,13.24,122.2,59.8,10.8,Urea,Flood,3060.4
Tamil Nadu,Zaid,Laterite,Groundnut,515.2,28.7,69.8,7.44,5.87,27.8,15.3,39.4,DAP,Flood,1231.2
Rajasthan,Rabi,Loamy,Maize,618.0,27.6,75.8,7.89,6.14,104.9,36.4,24.2,Compost,Flood,5678.4
Haryana,Rabi,Clay,Soybean,804.3,22.8,79.4,7.42,4.94,44.4,74.8,18.7,Organic,Drip,2193.5
Karnataka,Zaid,Alluvial,Soybean,974.8,28.5,88.9,5.88,9.28,62.1,43.6,71.7,Compost,Flood,2671.1
Punjab,Zaid,Red,Groundnut,718.5,25.4,84.6,8.3,18.29,62.6,54.8,31.4,NPK,Drip,1701.8
Rajasthan,Zaid,Clay,Mustard,305.7,13.0,49.5,7.92,10.98,36.7,67.4,77.1,DAP,Sprinkler,1219.7
Tamil Nadu,Kharif,Sandy,Maize,911.4,19.1,66.8,7.77,8.8,34.5,29.2,79.5,Potash,Rain-fed,4710.4
Uttar Pradesh,Kharif,Sandy,Jowar,556.6,32.6,91.1,7.55,12.62,92.9,21.1,32.3,Potash,Drip,1995.6
Uttar Pradesh,Kharif,Laterite,Wheat,573.8,23.4,43.6,8.01,12.54,124.8,56.1,33.4,Compost,Sprinkler,3362.9
Karnataka,Kharif,Red,Cotton,889.9,36.1,48.9,5.59,13.33,47.4,20.5,20.2,Urea,Drip,992.7
Punjab,Rabi,Sandy,Wheat,344.9,13.7,44.9,8.49,15.22,96.4,45.3,28.0,Organic,Drip,2955.5
Madhya Pradesh,Kharif,Black,Barley,413.2,17.1,45.9,7.25,17.05,131.9,57.4,24.0,NPK,Sprinkler,1915.2
Punjab,Zaid,Clay,Soybean,837.7,23.9,41.4,8.47,6.27,45.6,36.6,19.4,Organic,Rain-fed,2310.5
Tamil Nadu,Rabi,Loamy,Cotton,553.0,30.9,72.4,6.04,1.09,54.6,65.2,36.2,Organic,Drip,854.8
West Bengal,Rabi,Black,Mustard,558.5,19.4,94.2,6.56,1.59,136.7,59.0,65.3,Urea,Sprinkler,888.0
Tamil Nadu,Rabi,Alluvial,Mustard,209.6,23.1,42.4,8.48,1.02,62.2,68.2,28.0,Potash,Sprinkler,1342.9
West Bengal,Rabi,Red,Maize,882.2,27.0,83.2,8.05,3.11,143.1,64.0,18.2,DAP,Sprinkler,4241.4
Andhra Pradesh,Rabi,Black,Mustard,398.3,11.5,67.2,7.67,4.27,89.0,50.1,47.5,DAP,Flood,1470.9
Andhra Pradesh,Zaid,Clay,Jowar,588.7,34.9,87.4,6.2,2.35,75.4,10.2,44.9,Urea,Rain-fed,1882.6
Uttar Pradesh,Kharif,Alluvial,Wheat,458.6,22.8,47.5,6.03,9.81,83.2,75.8,56.0,Compost,Drip,3384.8
Madhya Pradesh,Rabi,Loamy,Cotton,794.0,29.2,68.1,6.59,9.21,128.5,72.2,63.6,Compost,Rain-fed,677.9
Madhya Pradesh,Zaid,Laterite,Maize,985.7,23.3,87.7,6.86,12.31,144.9,16.4,51.6,Compost,Drip,7699.8
Madhya Pradesh,Rabi,Sandy,Cotton,946.1,29.2,52.1,7.69,19.58,94.6,58.3,24.6,DAP,Flood,902.9
Madhya Pradesh,Kharif,Laterite,Sugarcane,1935.2,32.2,59.1,6.97,19.51,130.7,45.4,46.8,Organic,Rain-fed,72165.5
West Bengal,Kharif,Clay,Groundnut,866.1,27.9,57.4,7.89,19.84,87.1,20.7,22.3,NPK,Flood,2339.2
Rajasthan,Rabi,Clay,Sugarcane,2455.7,25.9,44.0,6.95,10.62,115.3,39.4,10.3,NPK,Flood,72948.3
Maharashtra,Zaid,Loamy,Wheat,288.8,24.0,86.0,5.82,11.1,26.1,56.2,51.2,NPK,Sprinkler,4979.7
Madhya Pradesh,Rabi,Alluvial,Jowar,618.6,24.5,45.9,7.19,14.66,64.6,14.3,18.3,Organic,Drip,1163.0
Rajasthan,Rabi,Clay,Rice,1778.9,22.4,76.9,6.46,1.31,53.7,22.3,24.3,Urea,Drip,4501.6
Rajasthan,Kharif,Alluvial,Groundnut,588.4,33.0,62.0,6.69,11.15,105.5,14.7,47.1,Compost,Rain-fed,2007.0
Andhra Pradesh,Rabi,Red,Barley,599.0,11.5,53.8,7.65,8.45,59.5,32.0,73.3,Potash,Flood,3888.2
Punjab,Zaid,Clay,Sugarcane,1788.6,25.8,81.4,6.84,12.95,42.7,22.3,75.8,Compost,Flood,109644.3
Madhya Pradesh,Rabi,Loamy,Sugarcane,2183.8,34.8,64.7,8.28,1.3,60.8,49.2,55.9,Organic,Flood,81116.3
Andhra Pradesh,Zaid,Sandy,Jowar,851.7,23.2,52.2,6.61,8.86,72.6,65.7,25.6,DAP,Rain-fed,1792.2
Punjab,Kharif,Laterite,Soybean,694.6,22.7,44.5,6.58,10.21,98.1,74.1,45.6,Compost,Sprinkler,885.5
Haryana,Kharif,Sandy,Barley,634.2,8.4,54.5,6.27,16.25,20.7,33.6,44.4,NPK,Rain-fed,3844.3
Maharashtra,Kharif,Loamy,Maize,627.2,18.0,55.5,5.63,12.6,69.6,43.3,21.4,Compost,Rain-fed,1917.8
Rajasthan,Zaid,Laterite,Cotton,867.8,22.1,48.9,7.89,8.7,142.0,77.4,45.8,DAP,Drip,755.0
Punjab,Zaid,Black,Wheat,548.1,13.7,81.0,6.06,6.37,114.4,49.4,27.5,NPK,Flood,4771.4
Tamil Nadu,Zaid,Sandy,Barley,377.2,14.5,59.6,6.8,8.74,94.4,39.5,11.2,NPK,Flood,3313.4
Andhra Pradesh,Rabi,Clay,Groundnut,482.4,29.3,69.7,6.21,1.17,57.4,28.5,76.7,Organic,Flood,1304.8
Tamil Nadu,Kharif,Loamy,Rice,1267.8,30.2,49.2,7.14,11.26,62.6,63.8,22.1,DAP,Drip,4132.2
Punjab,Kharif,Laterite,Mustard,484.4,16.8,84.7,6.54,16.34,33.1,69.2,48.3,DAP,Drip,1858.9
West Bengal,Kharif,Black,Maize,1109.4,22.0,56.1,7.93,6.77,64.3,49.8,64.4,Organic,Rain-fed,5127.2
Uttar Pradesh,Zaid,Laterite,Barley,426.6,18.7,78.4,5.88,19.37,58.8,13.0,59.8,Urea,Sprinkler,3482.6
West Bengal,Kharif,Loamy,Soybean,1056.4,21.3,92.6,5.61,6.19,97.2,47.4,19.2,Urea,Rain-fed,1630.9
West Bengal,Zaid,Black,Wheat,621.5,14.9,84.4,5.81,12.7,38.4,18.2,54.7,Organic,Drip,5336.3
Karnataka,Kharif,Alluvial,Jowar,533.1,32.2,68.6,7.01,16.42,69.0,69.7,43.0,NPK,Drip,1592.2
Punjab,Zaid,Laterite,Rice,1524.4,23.0,58.5,6.2,0.56,96.8,66.7,12.9,Urea,Drip,5683.2
Rajasthan,Kharif,Laterite,Wheat,310.2,13.6,44.4,7.31,1.02,56.5,14.7,30.5,Potash,Sprinkler,3140.2
Punjab,Rabi,Sandy,Groundnut,570.6,32.2,58.6,7.34,6.49,41.9,13.2,25.0,Urea,Sprinkler,2088.8
Tamil Nadu,Rabi,Sandy,Jowar,884.2,33.6,93.5,5.95,18.18,74.1,42.8,53.9,DAP,Drip,3201.4
Tamil Nadu,Zaid,Clay,Barley,419.8,20.7,57.8,8.43,14.65,24.2,23.8,31.2,Organic,Rain-fed,1579.5
West Bengal,Kharif,Loamy,Cotton,858.5,23.6,52.7,7.75,10.53,29.5,36.8,46.0,DAP,Drip,1203.5
Uttar Pradesh,Rabi,Laterite,Cotton,1181.5,35.7,71.1,6.57,7.76,125.2,19.4,12.7,Urea,Flood,898.7
Karnataka,Zaid,Clay,Barley,422.0,8.6,40.6,6.15,7.83,127.2,58.3,68.6,DAP,Flood,2857.5
Uttar Pradesh,Kharif,Red,Jowar,741.3,25.6,77.1,5.86,14.0,94.4,22.1,60.8,Urea,Flood,929.9
West Bengal,Zaid,Laterite,Maize,675.4,24.5,86.5,8.5,9.58,115.0,56.0,54.8,DAP,Rain-fed,6215.4
Madhya Pradesh,Zaid,Clay,Groundnut,826.1,35.2,40.8,8.43,7.64,44.3,41.3,13.1,Urea,Rain-fed,1006.0
West Bengal,Rabi,Alluvial,Jowar,732.8,29.7,93.1,6.91,8.66,137.3,79.5,48.6,Compost,Drip,1883.8
Rajasthan,Zaid,Red,Mustard,490.7,13.3,83.0,7.0,3.68,97.0,56.1,48.4,Compost,Drip,1113.0
Haryana,Kharif,Red,Jowar,691.7,26.8,93.1,7.37,17.62,120.1,44.0,18.3,Organic,Flood,2829.2
Tamil Nadu,Rabi,Alluvial,Cotton,862.0,36.2,70.0,8.48,11.52,141.3,26.4,58.2,Potash,Sprinkler,601.4
Rajasthan,Zaid,Black,Wheat,677.4,15.5,48.6,7.07,6.5,79.2,62.2,72.4,NPK,Drip,5048.8
Tamil Nadu,Rabi,Red,Maize,879.7,24.0,78.9,6.62,13.67,62.9,79.1,35.0,Potash,Rain-fed,4704.9
Rajasthan,Zaid,Sandy,Groundnut,700.6,25.1,54.1,5.51,8.76,100.9,41.2,31.1,Urea,Rain-fed,1713.0
Uttar Pradesh,Kharif,Clay,Jowar,769.7,31.2,72.8,6.13,0.75,145.1,58.3,70.0,NPK,Rain-fed,1242.0
Rajasthan,Zaid,Black,Soybean,819.5,24.0,94.8,6.83,11.25,124.4,28.7,21.9,Urea,Drip,2541.1
Andhra Pradesh,Rabi,Clay,Soybean,1148.2,26.4,85.1,6.74,3.92,93.2,63.4,34.5,Compost,Flood,1109.1
Rajasthan,Rabi,Black,Sugarcane,1133.8,36.4,63.5,6.8,13.25,128.0,41.1,21.8,Organic,Drip,148720.7
West Bengal,Rabi,Laterite,Soybean,1194.5,27.8,67.5,7.05,4.89,82.6,24.6,79.2,DAP,Flood,2750.1
West Bengal,Zaid,Alluvial,Cotton,532.3,30.0,54.7,5.86,8.35,63.1,55.0,21.8,DAP,Flood,759.2
Maharashtra,Rabi,Sandy,Maize,817.3,25.3,76.3,8.43,16.49,129.9,29.7,40.2,NPK,Sprinkler,4854.0
Karnataka,Zaid,Red,Maize,1160.3,21.6,52.5,6.55,15.14,144.1,26.0,71.0,DAP,Flood,3280.7
Punjab,Kharif,Sandy,Maize,897.5,28.9,59.6,5.98,17.29,147.6,73.0,23.6,Compost,Flood,4200.7
West Bengal,Zaid,Sandy,Sugarcane,1045.8,36.9,79.3,8.11,13.64,145.8,74.3,18.9,Organic,Sprinkler,61953.2
West Bengal,Zaid,Clay,Wheat,523.8,23.9,72.7,8.06,13.14,147.0,79.7,63.9,Compost,Sprinkler,4617.7
Karnataka,Kharif,Sandy,Barley,357.9,20.8,90.2,8.16,18.59,113.3,52.6,61.4,Organic,Flood,2250.6
Andhra Pradesh,Kharif,Sandy,Wheat,731.1,12.6,57.9,6.94,18.92,66.8,80.0,34.2,Organic,Sprinkler,5532.9
Andhra Pradesh,Kharif,Clay,Groundnut,543.7,23.5,65.4,6.76,0.76,69.0,15.4,53.7,NPK,Flood,2491.7
Uttar Pradesh,Rabi,Clay,Wheat,656.2,12.4,49.3,6.93,18.93,105.6,51.2,20.5,Potash,Drip,3435.3
Karnataka,Kharif,Loamy,Mustard,461.3,16.7,51.4,8.28,18.48,62.5,55.4,58.1,Urea,Drip,1435.4
Madhya Pradesh,Zaid,Red,Jowar,800.7,34.4,85.4,6.67,2.65,26.5,54.8,41.5,Urea,Drip,2145.2
Maharashtra,Zaid,Loamy,Wheat,261.9,17.2,81.2,7.19,17.53,97.4,56.3,29.6,DAP,Flood,3896.5
Punjab,Zaid,Sandy,Mustard,208.4,22.4,51.8,7.01,6.91,79.1,65.1,23.5,Potash,Flood,897.8
Punjab,Kharif,Sandy,Sugarcane,1391.8,38.0,41.5,5.68,14.4,75.3,22.9,22.4,Urea,Drip,72340.3
Maharashtra,Kharif,Clay,Wheat,547.1,15.2,78.8,7.78,1.13,49.2,48.6,27.6,Compost,Flood,3772.6
Haryana,Kharif,Clay,Maize,1186.0,24.9,67.1,7.71,4.84,79.8,15.7,11.3,Potash,Drip,3106.1
Karnataka,Rabi,Alluvial,Maize,536.0,31.2,85.7,7.21,1.58,76.5,20.2,39.4,NPK,Drip,3240.7
Tamil Nadu,Kharif,Clay,Barley,273.0,21.5,73.8,7.74,15.86,144.3,70.5,26.0,DAP,Rain-fed,4033.6
Karnataka,Zaid,Black,Jowar,749.7,29.6,72.8,5.85,16.85,148.2,74.2,52.3,Urea,Drip,1962.0
Haryana,Rabi,Sandy,Mustard,497.1,17.8,66.2,6.88,2.66,32.7,27.0,28.4,Potash,Sprinkler,1107.9
Maharashtra,Kharif,Black,Wheat,283.0,12.1,74.3,6.38,14.42,149.0,31.1,75.1,Urea,Flood,2937.6
Maharashtra,Rabi,Clay,Cotton,583.5,27.1,66.0,5.82,5.27,78.3,33.6,16.4,NPK,Sprinkler,886.7
Uttar Pradesh,Kharif,Loamy,Sugarcane,2218.8,33.7,50.6,7.23,1.8,42.4,33.5,57.5,Potash,Rain-fed,82847.5
Tamil Nadu,Kharif,Alluvial,Jowar,895.9,27.0,51.2,5.86,17.18,90.5,32.1,35.8,Organic,Flood,839.9
West Bengal,Rabi,Loamy,Mustard,587.7,20.8,87.2,7.13,18.77,21.3,15.7,14.1,Urea,Rain-fed,1325.8
Tamil Nadu,Zaid,Sandy,Mustard,503.7,12.0,81.1,7.18,8.67,53.3,46.9,32.0,NPK,Rain-fed,1150.6
Punjab,Zaid,Sandy,Cotton,735.8,26.7,80.3,5.58,18.57,94.3,11.1,72.4,Organic,Sprinkler,884.0
Rajasthan,Kharif,Alluvial,Soybean,786.4,21.9,43.1,7.04,8.46,131.8,13.3,63.5,NPK,Drip,2750.3
Haryana,Kharif,Red,Mustard,493.7,16.9,92.2,8.33,18.32,52.6,77.6,31.4,Compost,Drip,1723.0
West Bengal,Rabi,Laterite,Maize,919.9,25.5,59.0,7.71,13.35,29.6,50.6,75.3,Potash,Flood,2059.1
Tamil Nadu,Zaid,Laterite,Maize,585.1,27.5,94.2,8.17,13.72,54.0,71.8,51.0,NPK,Sprinkler,5200.3
Andhra Pradesh,Kharif,Laterite,Wheat,613.2,14.2,78.4,7.03,6.58,135.0,31.7,66.9,Urea,Flood,3481.3
Madhya Pradesh,Rabi,Alluvial,Sugarcane,1051.1,26.9,88.1,7.1,12.08,26.6,37.1,55.0,DAP,Drip,103000.8
Tamil Nadu,Rabi,Loamy,Mustard,397.5,17.8,78.8,7.82,11.6,72.7,16.7,76.7,Compost,Rain-fed,1806.6
Madhya Pradesh,Rabi,Alluvial,Mustard,266.6,18.1,81.6,6.32,0.62,75.1,55.0,30.1,NPK,Drip,1074.6
Madhya Pradesh,Kharif,Clay,Sugarcane,2458.1,29.8,43.6,8.05,9.48,41.0,35.3,50.1,Organic,Sprinkler,86837.6
Andhra Pradesh,Zaid,Sandy,Rice,1821.7,23.0,47.8,7.04,1.91,80.4,22.4,24.8,Compost,Sprinkler,3245.9
West Bengal,Rabi,Clay,Mustard,247.5,13.9,75.1,6.55,14.02,129.4,39.1,71.7,Organic,Rain-fed,1688.9
Punjab,Zaid,Black,Cotton,932.7,34.6,44.8,6.98,10.67,54.6,14.9,32.0,Potash,Drip,1067.8
West Bengal,Zaid,Laterite,Sugarcane,2172.4,30.2,94.6,7.79,15.96,45.0,78.6,58.7,DAP,Drip,121435.7
West Bengal,Rabi,Loamy,Jowar,453.2,26.6,43.8,6.81,8.13,37.4,72.8,14.7,DAP,Rain-fed,1084.2
Andhra Pradesh,Rabi,Black,Groundnut,708.7,31.6,85.7,6.31,13.9,86.4,52.9,21.3,Potash,Drip,1175.7
Andhra Pradesh,Rabi,Loamy,Rice,988.5,24.1,59.4,8.29,19.23,91.3,71.7,39.8,Organic,Sprinkler,3677.6
Karnataka,Kharif,Black,Groundnut,729.6,25.9,82.2,6.36,13.91,118.4,73.8,40.9,Compost,Rain-fed,1306.2
Uttar Pradesh,Rabi,Red,Jowar,323.7,24.6,51.6,7.67,13.48,105.8,75.1,15.2,Organic,Rain-fed,1573.5
Madhya Pradesh,Kharif,Alluvial,Sugarcane,1244.6,35.0,93.0,7.31,18.62,138.2,21.3,67.1,DAP,Flood,80541.0
West Bengal,Rabi,Clay,Cotton,1021.0,37.3,93.9,7.5,18.09,71.0,27.8,22.9,Organic,Drip,715.8
Uttar Pradesh,Kharif,Laterite,Maize,917.2,20.1,84.5,6.71,11.77,118.8,34.8,51.0,DAP,Rain-fed,2772.6
Andhra Pradesh,Rabi,Black,Soybean,749.8,27.2,70.8,7.73,18.1,20.6,26.3,40.8,Urea,Flood,1722.3
Haryana,Rabi,Black,Sugarcane,1318.0,28.4,71.3,5.77,8.45,109.6,65.0,51.5,Compost,Sprinkler,73642.4
Punjab,Zaid,Laterite,Sugarcane,2325.0,25.9,93.5,7.41,6.0,64.5,57.3,48.1,Compost,Sprinkler,113078.3
Punjab,Zaid,Red,Sugarcane,2125.5,27.2,68.6,6.43,1.62,60.5,24.3,34.4,Urea,Drip,74179.7
Tamil Nadu,Kharif,Sandy,Wheat,578.7,10.2,52.7,7.68,12.0,136.9,79.9,59.6,Urea,Rain-fed,2674.7
Maharashtra,Kharif,Red,Sugarcane,1065.0,28.5,93.3,6.95,4.65,31.5,64.4,55.5,NPK,Drip,80873.3
West Bengal,Zaid,Black,Rice,1889.7,25.1,51.6,7.39,15.53,115.8,50.3,57.1,Urea,Drip,3950.7
Madhya Pradesh,Rabi,Black,Soybean,1023.1,24.3,56.9,7.17,10.43,123.5,51.2,72.0,NPK,Rain-fed,2173.7
Andhra Pradesh,Kharif,Black,Wheat,377.7,23.3,61.1,7.66,6.31,41.5,28.5,20.1,DAP,Flood,2542.2
Andhra Pradesh,Zaid,Black,Jowar,671.5,31.7,71.7,8.24,6.19,28.6,50.2,65.6,Organic,Rain-fed,1821.1
West Bengal,Kharif,Laterite,Sugarcane,1911.4,36.4,62.0,6.45,8.66,45.5,45.6,65.9,NPK,Drip,140458.3
Uttar Pradesh,Kharif,Black,Groundnut,784.3,31.5,40.8,8.29,16.67,116.1,48.4,26.5,Compost,Rain-fed,918.8
Tamil Nadu,Kharif,Laterite,Mustard,243.7,20.2,93.4,5.75,5.31,124.8,34.2,46.1,Compost,Rain-fed,1791.9
Karnataka,Kharif,Laterite,Jowar,408.2,22.6,93.8,6.64,16.6,54.3,60.5,43.3,NPK,Sprinkler,2344.6
Karnataka,Rabi,Laterite,Barley,242.5,19.4,77.9,5.67,1.92,117.1,52.6,26.7,Organic,Sprinkler,1734.1
Maharashtra,Rabi,Black,Jowar,879.5,30.6,62.9,6.07,17.27,27.0,54.4,43.7,DAP,Rain-fed,2039.1
Andhra Pradesh,Kharif,Red,Wheat,400.7,22.8,41.8,8.27,9.85,106.5,46.2,25.9,Potash,Drip,5061.5
West Bengal,Zaid,Black,Maize,997.5,30.3,86.6,7.67,18.16,59.0,47.1,54.2,Organic,Sprinkler,2316.9
Rajasthan,Zaid,Laterite,Sugarcane,1803.3,32.0,69.3,6.8,12.24,56.4,59.4,71.0,NPK,Rain-fed,77355.7
Maharashtra,Rabi,Laterite,Jowar,512.2,26.9,84.2,7.78,15.43,38.3,37.2,54.2,Organic,Drip,2156.8
Haryana,Rabi,Black,Mustard,207.0,16.8,45.6,6.02,14.62,119.5,70.4,27.6,Compost,Rain-fed,1751.9
Madhya Pradesh,Rabi,Loamy,Mustard,220.7,18.0,76.9,6.52,13.43,26.3,74.4,22.5,Urea,Rain-fed,1371.8
Punjab,Rabi,Loamy,Groundnut,604.0,27.0,59.8,7.89,8.57,41.3,14.9,71.6,NPK,Drip,1772.7
Madhya Pradesh,Rabi,Laterite,Barley,397.0,19.8,92.7,8.23,5.11,135.3,73.6,36.9,Urea,Rain-fed,3755.5
Maharashtra,Kharif,Alluvial,Groundnut,668.1,25.4,49.1,8.18,8.11,86.6,70.4,56.4,Compost,Rain-fed,1705.7
Rajasthan,Zaid,Laterite,Cotton,1105.1,34.5,46.9,8.36,15.03,59.6,55.0,51.5,DAP,Sprinkler,1024.7
Karnataka,Kharif,Clay,Jowar,641.5,28.3,48.7,5.93,11.37,71.2,37.9,23.7,Potash,Flood,1334.6
Madhya Pradesh,Kharif,Clay,Groundnut,770.3,34.5,87.5,8.04,7.28,128.8,78.3,33.4,Urea,Sprinkler,1260.1
Tamil Nadu,Zaid,Clay,Barley,675.9,13.0,87.6,7.03,16.85,60.8,19.1,40.6,Compost,Sprinkler,1609.8
Karnataka,Kharif,Clay,Groundnut,665.1,33.2,65.0,7.45,6.86,75.1,49.1,20.3,Compost,Flood,1779.9
Uttar Pradesh,Rabi,Red,Maize,1015.5,27.9,57.3,7.85,10.19,117.2,19.3,22.5,Potash,Rain-fed,5341.8
Punjab,Zaid,Clay,Rice,1853.2,31.4,71.9,5.83,14.36,140.9,53.3,47.0,Urea,Rain-fed,3069.4
Rajasthan,Rabi,Loamy,Cotton,1139.1,34.1,40.1,8.49,4.61,83.3,58.7,63.1,Urea,Flood,833.7
Punjab,Rabi,Loamy,Cotton,645.3,32.6,66.2,6.43,0.57,56.0,33.1,69.0,NPK,Rain-fed,380.0
Rajasthan,Rabi,Clay,Jowar,500.9,23.8,40.9,5.72,3.93,44.9,58.1,13.3,Urea,Drip,845.9
Andhra Pradesh,Zaid,Laterite,Rice,1389.8,30.2,59.3,6.7,15.75,21.3,73.6,45.4,Urea,Rain-fed,3316.5
Maharashtra,Kharif,Laterite,Cotton,641.6,24.5,82.5,5.62,12.36,44.3,67.2,38.9,DAP,Rain-fed,765.6
Karnataka,Kharif,Sandy,Maize,1180.2,31.9,52.8,8.04,6.58,33.0,20.3,29.3,Potash,Flood,1706.7
Rajasthan,Zaid,Clay,Cotton,786.3,28.1,57.5,7.74,10.45,38.2,24.5,29.6,Potash,Flood,321.9
Tamil Nadu,Rabi,Alluvial,Groundnut,663.2,23.9,63.7,8.13,18.16,35.5,11.9,50.7,Potash,Flood,1270.0
Tamil Nadu,Rabi,Laterite,Mustard,478.1,21.2,59.0,6.53,18.91,91.3,35.7,70.6,DAP,Rain-fed,1296.2
Andhra Pradesh,Zaid,Alluvial,Cotton,825.9,30.4,91.2,8.37,16.41,39.6,56.7,22.2,Urea,Drip,841.5
Rajasthan,Rabi,Alluvial,Wheat,557.4,19.2,63.9,5.74,8.83,64.0,56.2,63.8,Urea,Flood,3239.4
West Bengal,Kharif,Laterite,Groundnut,722.3,22.5,60.3,6.88,15.6,81.7,31.1,47.8,NPK,Sprinkler,1330.0
Andhra Pradesh,Zaid,Black,Wheat,628.6,14.8,89.7,5.71,17.2,106.5,13.9,63.3,Organic,Flood,2673.7
Uttar Pradesh,Rabi,Clay,Rice,1777.4,24.2,79.1,7.34,8.77,51.0,74.9,26.4,DAP,Drip,6082.8
Punjab,Zaid,Clay,Mustard,353.7,10.2,59.1,7.08,3.36,147.6,31.0,29.5,Urea,Drip,2337.2
Madhya Pradesh,Kharif,Sandy,Sugarcane,1340.0,35.6,56.2,5.71,8.55,43.2,31.4,54.7,DAP,Flood,110842.3
Punjab,Kharif,Clay,Mustard,516.5,23.5,94.3,6.94,17.22,125.6,42.1,72.7,Organic,Sprinkler,1143.0
Haryana,Kharif,Laterite,Sugarcane,1427.3,33.6,66.8,7.8,17.89,104.2,33.0,79.0,NPK,Drip,128484.8
Tamil Nadu,Zaid,Black,Cotton,684.3,23.1,82.4,6.47,9.71,144.7,46.4,79.8,DAP,Rain-fed,559.5
Uttar Pradesh,Kharif,Laterite,Mustard,360.5,22.7,94.2,6.21,7.1,46.0,20.5,45.8,NPK,Flood,2087.3
Karnataka,Kharif,Loamy,Mustard,379.9,23.8,70.6,6.23,14.88,40.9,71.3,35.3,Potash,Flood,1302.8
Uttar Pradesh,Rabi,Clay,Soybean,776.9,20.9,52.1,6.29,15.57,39.4,13.9,29.0,NPK,Sprinkler,2258.6
Andhra Pradesh,Rabi,Black,Rice,1689.9,28.1,44.6,5.74,16.71,56.3,63.0,19.5,NPK,Drip,4567.8
West Bengal,Zaid,Loamy,Wheat,722.5,17.7,80.6,7.69,1.77,48.6,75.2,61.6,DAP,Rain-fed,2209.0
West Bengal,Rabi,Clay,Groundnut,650.0,33.7,66.3,5.63,6.49,142.7,26.9,11.5,Urea,Sprinkler,1655.3
Haryana,Rabi,Black,Jowar,315.0,28.8,69.1,7.45,14.15,97.4,69.2,31.9,Compost,Drip,1838.0
Uttar Pradesh,Rabi,Laterite,Wheat,695.1,20.1,41.3,6.95,8.78,47.1,76.3,10.2,Organic,Flood,5434.6
Haryana,Kharif,Sandy,Maize,907.0,21.8,90.4,5.75,6.62,92.7,71.6,39.8,DAP,Sprinkler,5534.3
Karnataka,Kharif,Laterite,Barley,593.7,14.9,54.1,7.58,8.4,73.7,48.5,20.6,DAP,Flood,1896.8
Karnataka,Zaid,Laterite,Sugarcane,1972.5,31.1,86.6,5.99,13.49,145.9,14.6,68.1,Compost,Drip,90687.5
Punjab,Rabi,Loamy,Barley,475.0,11.7,90.4,6.58,8.67,123.2,15.9,59.3,Compost,Sprinkler,2784.5
Madhya Pradesh,Rabi,Alluvial,Rice,1040.6,22.3,81.6,7.9,5.89,133.6,70.3,20.7,Organic,Drip,2912.7
Madhya Pradesh,Rabi,Sandy,Jowar,386.6,34.8,93.6,6.54,8.67,113.5,38.9,17.2,DAP,Sprinkler,2875.7
Andhra Pradesh,Kharif,Black,Maize,847.6,20.1,41.2,7.8,4.34,22.9,47.2,64.4,DAP,Sprinkler,3045.9
Maharashtra,Kharif,Red,Maize,626.7,26.6,69.7,7.85,1.85,62.4,74.0,23.0,Urea,Sprinkler,3033.5
Andhra Pradesh,Zaid,Clay,Wheat,377.0,22.7,43.3,5.72,11.13,106.6,67.4,28.3,DAP,Flood,5365.7
Madhya Pradesh,Rabi,Loamy,Mustard,396.3,21.6,91.9,6.5,7.64,72.4,25.9,15.0,Potash,Rain-fed,1036.5
Haryana,Rabi,Clay,Sugarcane,1678.9,36.3,73.8,6.62,2.19,75.7,43.7,67.6,Organic,Sprinkler,85633.5
Andhra Pradesh,Kharif,Laterite,Groundnut,631.0,25.3,48.1,6.97,19.3,114.0,46.2,37.6,Compost,Drip,1930.9
Andhra Pradesh,Rabi,Loamy,Groundnut,670.1,23.0,64.2,6.25,3.11,139.9,13.4,79.4,DAP,Flood,1478.8
Rajasthan,Rabi,Clay,Rice,949.6,29.6,69.8,6.69,14.89,90.3,18.0,40.5,NPK,Rain-fed,5104.8
Tamil Nadu,Kharif,Sandy,Wheat,644.9,22.3,90.3,6.91,16.06,93.3,32.4,21.2,Compost,Drip,5855.7
Uttar Pradesh,Zaid,Sandy,Groundnut,530.5,34.5,72.3,6.24,17.03,95.6,25.8,12.9,Organic,Flood,1147.6
Punjab,Zaid,Laterite,Sugarcane,2153.3,36.2,48.6,8.02,10.23,37.2,40.4,47.1,Potash,Rain-fed,112755.9
Tamil Nadu,Zaid,Red,Groundnut,880.0,24.8,83.1,7.7,17.26,137.7,50.4,58.0,Compost,Flood,2463.1
West Bengal,Zaid,Sandy,Wheat,303.3,22.9,54.2,7.13,3.92,113.2,55.0,39.0,Compost,Sprinkler,5919.1
West Bengal,Zaid,Loamy,Barley,533.9,16.5,41.2,7.24,5.02,73.1,63.4,43.3,Compost,Flood,2128.2
Madhya Pradesh,Rabi,Laterite,Mustard,446.8,16.0,61.9,6.02,1.06,55.0,42.5,37.0,Potash,Flood,922.4
West Bengal,Kharif,Clay,Sugarcane,2000.8,30.0,51.8,7.94,14.19,36.0,25.7,50.3,Organic,Drip,127325.2
West Bengal,Rabi,Red,Mustard,295.8,21.8,91.7,6.95,8.51,129.9,36.4,55.4,Organic,Sprinkler,891.8
Uttar Pradesh,Rabi,Loamy,Wheat,260.3,23.0,94.6,7.9,14.02,54.2,71.5,79.7,Urea,Flood,2856.9
Andhra Pradesh,Rabi,Loamy,Maize,1119.9,23.8,63.6,8.12,12.83,56.9,75.7,52.5,NPK,Rain-fed,5718.6
West Bengal,Zaid,Sandy,Soybean,930.7,28.6,50.5,7.11,8.7,131.9,31.5,73.3,DAP,Rain-fed,2464.5
Madhya Pradesh,Zaid,Laterite,Jowar,461.3,23.2,64.8,6.29,7.12,63.5,65.0,53.8,NPK,Drip,1713.0
Karnataka,Kharif,Laterite,Rice,1510.5,22.6,81.4,6.84,8.41,40.5,65.8,68.0,NPK,Rain-fed,4150.1
Punjab,Rabi,Black,Groundnut,798.3,22.0,58.6,7.68,13.32,120.7,17.9,61.0,Compost,Drip,2844.2
Punjab,Kharif,Laterite,Maize,670.8,26.5,40.5,5.81,12.14,73.7,69.9,26.9,NPK,Flood,4909.2
Madhya Pradesh,Rabi,Laterite,Wheat,297.3,11.5,45.8,7.21,11.97,148.1,12.2,59.3,NPK,Flood,2490.2
Andhra Pradesh,Kharif,Sandy,Groundnut,578.2,28.0,59.7,5.93,10.14,115.6,77.2,20.3,Potash,Sprinkler,1455.6
Rajasthan,Kharif,Red,Wheat,576.4,14.3,69.9,6.85,18.42,123.5,60.3,25.8,NPK,Drip,2299.7
Punjab,Zaid,Alluvial,Barley,481.0,17.3,86.7,7.92,11.38,84.6,66.2,54.8,Organic,Rain-fed,1867.1
Rajasthan,Zaid,Red,Barley,279.9,21.2,45.8,6.58,14.06,148.0,17.3,13.3,Urea,Sprinkler,1835.1
West Bengal,Rabi,Alluvial,Barley,518.0,18.0,44.9,6.2,4.09,121.4,64.4,77.8,NPK,Drip,4012.9
Tamil Nadu,Zaid,Loamy,Barley,610.4,16.8,59.3,6.93,8.73,113.7,15.7,35.2,Potash,Flood,2013.3
Uttar Pradesh,Kharif,Red,Maize,1171.2,27.9,67.4,6.74,18.47,28.1,74.6,15.8,Potash,Flood,3452.6
Rajasthan,Rabi,Sandy,Maize,569.7,22.0,44.5,5.74,16.8,65.7,21.6,71.9,Organic,Flood,6161.0
Haryana,Zaid,Loamy,Wheat,527.1,13.7,69.7,7.12,17.23,129.9,35.4,22.2,Compost,Sprinkler,3107.3
Punjab,Kharif,Black,Wheat,427.9,18.0,87.9,6.9,18.18,137.4,64.4,25.5,NPK,Rain-fed,5877.8
Punjab,Kharif,Clay,Mustard,357.5,20.8,43.6,8.41,7.07,111.6,52.3,58.0,DAP,Sprinkler,958.8
West Bengal,Zaid,Black,Soybean,1022.6,22.9,75.4,7.0,15.74,112.3,53.2,22.5,NPK,Sprinkler,1905.1
Maharashtra,Zaid,Laterite,Cotton,899.2,24.0,44.1,7.28,10.48,84.4,67.0,29.7,Compost,Drip,651.3
Tamil Nadu,Kharif,Sandy,Barley,592.9,13.2,91.1,6.39,16.0,102.6,30.9,22.4,Urea,Rain-fed,2437.7
Karnataka,Zaid,Laterite,Cotton,923.0,23.1,44.9,6.6,16.85,79.2,38.8,26.5,Compost,Flood,370.2
Karnataka,Zaid,Laterite,Soybean,605.4,22.9,44.7,7.5,8.0,73.2,68.6,12.0,NPK,Sprinkler,2272.7
Tamil Nadu,Zaid,Clay,Mustard,315.2,16.3,57.3,7.9,3.91,20.7,43.4,55.6,DAP,Sprinkler,834.4
Karnataka,Rabi,Black,Mustard,492.5,20.2,44.9,8.43,3.48,125.6,34.6,20.1,Organic,Drip,1719.6
West Bengal,Rabi,Black,Jowar,554.7,31.0,67.6,7.87,1.0,66.1,75.0,53.6,NPK,Rain-fed,1812.2
Haryana,Rabi,Alluvial,Cotton,614.0,25.3,67.4,6.46,10.32,94.4,32.5,59.3,Potash,Sprinkler,712.7
Tamil Nadu,Kharif,Alluvial,Cotton,942.8,33.1,57.6,8.26,1.85,64.4,64.7,73.3,DAP,Sprinkler,617.9
Punjab,Kharif,Sandy,Rice,1825.4,24.6,78.9,7.31,2.39,22.8,37.3,39.2,DAP,Sprinkler,2299.8
Haryana,Kharif,Clay,Soybean,642.7,24.5,54.8,7.61,18.6,70.4,60.2,66.1,NPK,Flood,2322.6
Punjab,Kharif,Laterite,Wheat,475.2,23.6,73.5,8.48,2.32,105.3,32.1,34.2,DAP,Sprinkler,5567.9
Uttar Pradesh,Zaid,Clay,Rice,1826.6,32.6,43.9,8.42,15.29,69.0,11.1,46.5,DAP,Flood,2359.6
Rajasthan,Kharif,Sandy,Barley,239.0,10.5,70.4,5.91,13.66,26.5,67.7,32.8,Potash,Flood,1950.5
Haryana,Zaid,Clay,Barley,334.6,18.0,48.9,7.77,18.68,21.9,41.1,22.5,Urea,Rain-fed,2282.3
West Bengal,Rabi,Clay,Sugarcane,2486.1,34.1,81.1,6.13,19.59,41.0,17.8,75.4,NPK,Drip,130385.7
Maharashtra,Kharif,Alluvial,Mustard,281.2,12.0,67.4,6.89,19.14,87.3,78.9,17.8,NPK,Sprinkler,2235.5
Maharashtra,Rabi,Laterite,Barley,210.2,11.8,52.2,6.79,13.69,130.5,68.0,51.3,NPK,Rain-fed,3111.5
West Bengal,Zaid,Alluvial,Sugarcane,2436.9,25.1,81.1,6.42,9.76,42.5,14.3,49.2,Compost,Rain-fed,98876.4
Maharashtra,Zaid,Black,Sugarcane,1089.2,36.4,40.8,6.96,6.85,120.8,45.9,33.3,Organic,Flood,122243.9
Maharashtra,Zaid,Sandy,Jowar,478.3,31.8,67.7,8.37,3.5,93.1,79.6,50.1,Urea,Drip,2182.9
Karnataka,Kharif,Black,Barley,539.3,16.6,71.3,6.58,19.26,144.8,63.8,60.3,Organic,Drip,3239.4
Tamil Nadu,Kharif,Black,Sugarcane,2237.0,29.8,83.7,7.9,8.95,108.8,36.2,70.9,Organic,Drip,116835.0
Andhra Pradesh,Rabi,Black,Mustard,371.2,12.2,53.0,7.8,0.86,89.1,31.4,25.5,Organic,Drip,1937.2
Madhya Pradesh,Kharif,Laterite,Groundnut,637.5,24.9,78.4,8.39,5.88,138.0,19.7,26.6,Urea,Rain-fed,2492.9
Madhya Pradesh,Zaid,Alluvial,Cotton,529.9,27.2,84.7,5.99,14.8,73.4,21.5,76.8,DAP,Flood,614.8
Tamil Nadu,Zaid,Laterite,Wheat,713.9,15.6,94.8,5.63,14.92,113.5,55.2,18.3,DAP,Drip,3933.5
Madhya Pradesh,Rabi,Loamy,Wheat,271.1,19.0,63.7,6.63,4.58,87.1,36.4,44.4,DAP,Rain-fed,3099.5
Madhya Pradesh,Kharif,Laterite,Jowar,602.7,34.0,41.1,6.64,15.39,146.9,47.5,41.3,Organic,Flood,2019.7
Haryana,Rabi,Loamy,Jowar,797.9,26.9,91.0,8.48,13.15,87.1,70.9,38.9,Organic,Flood,875.2
Haryana,Kharif,Red,Mustard,565.4,11.1,88.8,5.83,12.68,120.9,31.1,10.6,Potash,Flood,909.0
Madhya Pradesh,Kharif,Black,Maize,897.2,20.1,67.4,7.35,6.56,82.9,56.2,13.1,Organic,Flood,2963.6
Madhya Pradesh,Rabi,Loamy,Barley,550.7,11.5,91.0,7.85,12.11,87.8,34.9,71.8,Organic,Rain-fed,2034.7
Haryana,Rabi,Loamy,Maize,1004.5,31.4,88.0,7.31,11.29,25.3,42.3,47.0,Potash,Drip,2288.2
Tamil Nadu,Kharif,Laterite,Rice,1554.4,30.0,64.4,7.93,13.45,54.1,10.8,41.5,NPK,Drip,3474.1
Rajasthan,Rabi,Black,Cotton,742.7,28.6,62.1,8.39,7.69,28.7,14.4,40.7,NPK,Rain-fed,787.5
Uttar Pradesh,Kharif,Sandy,Jowar,321.8,31.1,41.6,5.87,2.35,53.9,47.2,18.0,Urea,Sprinkler,2565.7
Maharashtra,Zaid,Clay,Rice,1363.7,28.6,45.5,8.29,2.59,143.6,78.6,78.1,DAP,Rain-fed,4631.6
Karnataka,Rabi,Black,Cotton,1115.2,27.0,67.1,7.35,0.67,79.5,15.4,65.3,Urea,Flood,791.6
Uttar Pradesh,Kharif,Red,Cotton,634.9,22.8,73.8,7.09,3.85,110.1,39.8,38.4,Urea,Drip,910.5
Madhya Pradesh,Rabi,Alluvial,Groundnut,644.6,27.3,58.4,6.67,9.03,79.0,65.7,54.8,Potash,Rain-fed,1213.2
Rajasthan,Zaid,Red,Soybean,759.6,23.5,92.8,7.74,10.09,56.3,61.5,64.6,Compost,Rain-fed,1765.2
Maharashtra,Kharif,Sandy,Sugarcane,2383.2,29.0,43.1,7.11,6.04,31.3,76.7,68.1,Potash,Rain-fed,61987.3
Rajasthan,Rabi,Clay,Cotton,718.2,36.9,75.6,5.89,19.47,122.1,30.1,29.3,Potash,Sprinkler,364.5
Haryana,Rabi,Laterite,Mustard,540.4,15.1,43.3,6.57,4.4,66.1,34.8,31.7,Organic,Flood,1682.2
Madhya Pradesh,Zaid,Laterite,Jowar,471.5,26.8,81.4,7.3,11.98,144.3,27.1,66.6,NPK,Flood,2239.5
Karnataka,Rabi,Black,Mustard,466.2,23.4,66.6,7.43,12.25,111.4,68.7,31.3,NPK,Drip,869.3
Tamil Nadu,Kharif,Clay,Rice,1148.8,25.9,73.6,8.29,14.91,60.0,72.2,76.3,Organic,Rain-fed,5761.0
Karnataka,Rabi,Laterite,Sugarcane,1089.4,28.5,94.6,6.37,4.72,35.9,59.6,11.6,Organic,Sprinkler,76013.7
Karnataka,Zaid,Loamy,Groundnut,747.6,34.9,41.4,7.68,19.31,79.3,61.6,74.1,Potash,Drip,2309.5
Maharashtra,Rabi,Black,Mustard,416.5,11.7,49.0,7.52,11.85,28.0,28.3,62.1,Potash,Rain-fed,958.8
Andhra Pradesh,Kharif,Loamy,Soybean,918.1,22.7,54.0,5.97,2.77,56.1,60.6,40.0,DAP,Flood,2221.5
Punjab,Zaid,Loamy,Sugarcane,2266.9,25.0,91.2,7.57,17.17,140.8,46.3,61.6,Potash,Sprinkler,111905.6
Uttar Pradesh,Rabi,Clay,Mustard,411.6,12.3,50.2,5.83,12.23,64.2,61.4,20.5,Urea,Rain-fed,1706.4
Punjab,Rabi,Clay,Barley,590.6,10.3,42.7,6.89,15.44,133.3,76.6,60.1,DAP,Flood,1767.2
West Bengal,Rabi,Black,Cotton,564.5,25.3,52.2,7.59,6.11,141.1,31.9,63.5,Urea,Drip,662.3
Maharashtra,Kharif,Black,Groundnut,708.7,25.7,40.9,7.04,1.63,22.6,38.4,68.2,Compost,Rain-fed,1350.6
Andhra Pradesh,Kharif,Red,Soybean,832.7,23.6,47.3,5.99,12.33,72.0,38.8,17.7,Compost,Rain-fed,2225.9
Uttar Pradesh,Rabi,Black,Soybean,1047.5,23.2,63.8,5.5,16.84,41.9,12.1,30.4,Compost,Flood,2472.7
Rajasthan,Zaid,Sandy,Cotton,809.3,32.5,47.7,6.37,19.54,127.6,26.3,40.9,Urea,Flood,635.1
Uttar Pradesh,Kharif,Alluvial,Wheat,608.1,18.1,43.5,7.34,18.57,29.1,75.1,19.3,Compost,Sprinkler,5860.1
Uttar Pradesh,Zaid,Red,Maize,664.8,27.0,71.4,6.84,13.75,66.9,53.2,70.5,DAP,Rain-fed,2442.6
Punjab,Rabi,Clay,Jowar,410.6,29.8,53.5,7.54,12.41,106.7,44.2,62.7,Organic,Drip,1255.0
Karnataka,Kharif,Red,Maize,930.6,21.9,67.1,8.04,14.4,98.9,52.9,36.7,Urea,Drip,3126.9
Karnataka,Rabi,Loamy,Groundnut,623.1,26.7,81.5,7.84,9.87,92.6,16.8,60.3,NPK,Drip,2936.2
Maharashtra,Rabi,Sandy,Mustard,441.7,21.9,92.6,6.77,1.49,148.2,14.7,17.6,Potash,Sprinkler,1751.1
Andhra Pradesh,Zaid,Alluvial,Barley,425.2,18.8,57.1,5.95,13.73,81.2,32.7,62.0,Compost,Sprinkler,2839.4
Karnataka,Rabi,Laterite,Cotton,615.4,28.0,58.6,6.25,13.41,24.8,76.3,35.3,Potash,Drip,1065.9
Karnataka,Rabi,Loamy,Sugarcane,1900.6,32.2,88.8,7.71,2.04,60.7,47.9,55.6,Urea,Flood,85302.3
Andhra Pradesh,Zaid,Red,Barley,296.5,13.0,75.3,7.8,7.03,126.5,19.9,36.0,DAP,Sprinkler,3876.1
Karnataka,Rabi,Clay,Rice,977.5,32.0,86.7,7.19,11.78,68.5,43.6,35.5,Potash,Drip,3380.2
Maharashtra,Zaid,Clay,Barley,342.5,12.8,43.2,8.29,16.08,103.0,51.5,62.0,Urea,Sprinkler,3413.0
Rajasthan,Zaid,Alluvial,Soybean,829.4,23.1,93.6,8.0,9.97,107.6,60.9,42.5,Urea,Drip,1264.8
Madhya Pradesh,Kharif,Sandy,Mustard,451.6,14.1,93.2,6.79,18.2,81.9,31.4,48.7,Potash,Rain-fed,1544.9
Maharashtra,Rabi,Clay,Cotton,591.2,27.8,87.9,7.33,6.26,80.5,27.4,10.3,Urea,Sprinkler,317.2
Maharashtra,Zaid,Laterite,Maize,1101.5,21.8,76.5,7.35,7.93,47.5,43.1,78.0,Compost,Drip,3242.3
Punjab,Rabi,Clay,Barley,359.7,8.1,44.1,7.75,10.14,74.8,10.4,57.8,Compost,Sprinkler,3546.8
Uttar Pradesh,Zaid,Laterite,Cotton,879.9,32.9,68.6,7.44,3.98,35.7,28.5,44.5,NPK,Rain-fed,995.1
Uttar Pradesh,Kharif,Black,Rice,1058.9,31.5,40.1,8.42,8.91,26.5,72.6,19.8,Potash,Sprinkler,3212.5
Andhra Pradesh,Kharif,Red,Soybean,918.9,24.3,42.5,5.97,19.53,129.6,59.4,52.4,Organic,Flood,2490.2
Andhra Pradesh,Kharif,Sandy,Jowar,608.0,34.8,51.5,7.76,0.75,22.4,54.2,52.3,Potash,Sprinkler,1982.5
Maharashtra,Zaid,Clay,Jowar,807.7,22.4,48.1,7.5,10.13,44.9,35.7,72.2,Compost,Rain-fed,2499.5
Tamil Nadu,Zaid,Alluvial,Mustard,205.6,21.8,73.4,7.89,2.8,64.9,78.7,64.7,NPK,Sprinkler,2181.7
Madhya Pradesh,Kharif,Laterite,Mustard,406.5,18.9,43.2,6.41,2.22,67.7,41.5,69.5,DAP,Drip,891.3
Tamil Nadu,Rabi,Sandy,Sugarcane,1429.8,31.9,55.2,6.37,9.33,75.0,68.8,39.7,NPK,Flood,121812.7
Karnataka,Kharif,Red,Mustard,278.9,20.4,75.0,6.68,14.56,118.8,23.6,35.2,NPK,Rain-fed,1690.8
Rajasthan,Kharif,Sandy,Groundnut,516.1,22.8,43.4,6.31,18.27,129.8,26.3,42.2,DAP,Flood,2228.4
Rajasthan,Zaid,Sandy,Groundnut,762.3,25.9,73.5,6.76,18.84,72.6,22.3,73.8,Urea,Flood,1569.7
West Bengal,Kharif,Laterite,Jowar,748.2,31.6,54.3,6.99,17.23,100.4,63.7,56.6,NPK,Drip,2617.4
Rajasthan,Kharif,Alluvial,Barley,392.6,21.0,82.8,6.8,4.77,137.8,64.7,12.6,DAP,Sprinkler,4065.4
Karnataka,Rabi,Loamy,Jowar,707.9,28.0,60.5,8.3,19.14,29.3,44.4,22.9,Organic,Drip,1928.5
Maharashtra,Kharif,Clay,Cotton,1167.3,25.1,70.6,8.4,2.45,37.2,72.3,51.1,Potash,Flood,441.8
Rajasthan,Kharif,Alluvial,Jowar,679.3,27.8,93.3,5.65,1.73,135.4,65.7,44.3,Organic,Rain-fed,1321.7
Tamil Nadu,Kharif,Sandy,Jowar,754.4,28.5,75.7,6.44,5.88,122.2,58.6,63.8,DAP,Drip,1364.5
Uttar Pradesh,Zaid,Clay,Cotton,708.0,24.4,55.8,6.04,10.07,62.6,52.8,72.4,DAP,Drip,892.6
Andhra Pradesh,Rabi,Clay,Barley,662.8,19.2,49.3,6.32,19.35,84.5,52.2,25.6,Compost,Flood,3006.5
Karnataka,Kharif,Clay,Maize,938.3,24.4,65.5,7.07,10.4,146.0,65.7,12.4,Urea,Rain-fed,5328.0
Haryana,Zaid,Loamy,Mustard,349.7,16.7,47.9,6.27,16.9,78.3,22.8,10.5,Compost,Rain-fed,1133.8
Punjab,Rabi,Black,Soybean,1167.8,25.9,66.0,6.25,12.23,136.1,63.3,55.4,DAP,Sprinkler,2679.4
Madhya Pradesh,Kharif,Clay,Jowar,815.1,24.4,56.3,7.38,5.5,85.7,16.0,53.9,DAP,Sprinkler,2287.9
Rajasthan,Zaid,Sandy,Groundnut,694.2,32.0,62.6,6.08,17.28,37.6,27.4,64.0,Compost,Flood,1947.2
Madhya Pradesh,Zaid,Sandy,Maize,840.0,19.3,73.5,8.24,5.38,60.3,42.6,58.8,NPK,Sprinkler,4086.7
Haryana,Kharif,Clay,Barley,300.9,9.3,56.3,6.96,0.93,97.1,34.4,79.4,Compost,Flood,2211.9
Andhra Pradesh,Rabi,Black,Sugarcane,1386.5,37.3,67.0,6.3,11.71,107.7,43.8,45.2,Compost,Flood,69560.1
Andhra Pradesh,Zaid,Clay,Soybean,1009.3,22.4,71.0,8.04,6.12,53.9,12.1,73.0,Compost,Rain-fed,2578.3
Karnataka,Kharif,Sandy,Cotton,1042.3,30.2,57.8,8.5,19.57,72.6,68.6,29.8,DAP,Sprinkler,545.6
Punjab,Rabi,Laterite,Soybean,1116.2,21.0,91.4,5.93,14.12,65.8,61.2,34.2,DAP,Drip,1693.8
Maharashtra,Rabi,Red,Rice,1617.5,27.9,46.6,5.82,1.05,122.1,33.3,36.4,Urea,Flood,2138.4
Punjab,Kharif,Alluvial,Maize,1043.6,21.0,46.3,5.61,18.25,67.1,65.1,53.8,DAP,Drip,5284.9
Punjab,Kharif,Red,Mustard,354.2,11.8,59.4,5.93,19.19,127.6,44.2,64.2,DAP,Flood,967.9
Haryana,Kharif,Red,Soybean,1134.5,29.0,72.9,5.51,6.57,141.2,64.5,53.4,Organic,Flood,1689.4
Haryana,Kharif,Black,Soybean,714.1,23.5,93.6,5.73,2.35,90.1,63.7,26.6,Compost,Drip,2520.8
Uttar Pradesh,Kharif,Laterite,Soybean,1188.1,29.2,43.8,6.48,13.24,29.2,33.2,67.5,Compost,Sprinkler,2707.1
Madhya Pradesh,Rabi,Alluvial,Jowar,708.2,22.1,52.8,8.19,19.03,41.0,49.3,49.1,DAP,Sprinkler,1732.2
Madhya Pradesh,Kharif,Clay,Cotton,726.4,23.9,66.8,6.4,2.35,43.5,24.3,27.0,NPK,Drip,613.1
Andhra Pradesh,Rabi,Red,Wheat,520.6,11.5,63.5,6.8,7.41,34.5,79.7,64.1,Potash,Drip,3949.7
Uttar Pradesh,Zaid,Sandy,Jowar,374.1,30.4,85.6,6.64,9.29,31.4,51.6,50.5,Organic,Sprinkler,1413.3
Madhya Pradesh,Kharif,Red,Barley,253.8,14.7,68.5,7.3,0.52,87.2,26.1,15.3,Compost,Rain-fed,1949.4
Uttar Pradesh,Rabi,Clay,Groundnut,429.1,28.1,59.7,6.57,14.83,102.5,39.5,14.6,DAP,Rain-fed,1884.2
Uttar Pradesh,Kharif,Laterite,Mustard,489.7,21.0,92.6,7.6,2.91,139.0,54.4,20.3,Urea,Sprinkler,1473.6
Madhya Pradesh,Zaid,Sandy,Groundnut,644.8,27.8,61.4,7.73,14.24,65.6,11.0,47.1,Organic,Flood,1339.2
West Bengal,Kharif,Laterite,Maize,1146.4,23.2,76.0,7.69,15.36,67.5,27.0,73.2,Compost,Flood,6090.5
Haryana,Kharif,Red,Barley,256.2,11.1,82.9,8.27,19.29,144.6,61.8,15.9,NPK,Sprinkler,2754.5
Tamil Nadu,Kharif,Black,Wheat,313.9,16.6,56.4,7.67,13.06,64.5,76.6,13.6,Compost,Rain-fed,2617.7
West Bengal,Zaid,Clay,Jowar,790.7,29.8,42.8,5.98,9.94,125.9,77.5,53.3,Compost,Flood,1332.2
Maharashtra,Rabi,Black,Maize,593.1,26.6,49.6,6.42,4.38,93.7,45.2,30.7,Potash,Rain-fed,2724.3
Maharashtra,Kharif,Clay,Wheat,369.4,10.8,55.9,8.16,3.19,126.0,57.5,38.8,Potash,Drip,5043.7
Haryana,Kharif,Loamy,Sugarcane,1280.2,37.5,50.8,7.93,8.59,87.0,26.3,24.1,Compost,Rain-fed,128264.7
Uttar Pradesh,Zaid,Red,Soybean,793.5,24.5,79.9,5.8,7.8,149.0,62.4,13.3,NPK,Flood,2614.3
Karnataka,Zaid,Red,Barley,541.0,18.2,69.8,6.31,10.21,75.6,29.1,72.7,DAP,Sprinkler,4272.3
Haryana,Kharif,Red,Barley,230.8,14.5,57.1,5.76,18.52,37.2,24.4,41.6,NPK,Drip,2026.6
Maharashtra,Rabi,Red,Groundnut,864.4,29.3,88.2,6.8,6.9,142.0,47.4,58.7,NPK,Sprinkler,1655.2
Tamil Nadu,Zaid,Red,Sugarcane,1407.8,24.6,71.0,7.34,15.64,56.4,47.9,18.6,Organic,Rain-fed,111666.9
Rajasthan,Rabi,Clay,Jowar,486.6,24.9,77.3,7.34,17.59,75.0,17.8,61.4,Potash,Drip,1105.3
Uttar Pradesh,Zaid,Black,Groundnut,596.1,29.6,69.3,7.26,18.94,77.0,43.4,55.4,Organic,Flood,1181.6
Karnataka,Kharif,Sandy,Rice,1618.6,30.2,77.3,7.34,13.92,137.1,41.6,46.0,Organic,Flood,4932.3
Maharashtra,Zaid,Red,Soybean,1191.4,26.5,84.4,6.21,1.69,134.9,39.9,29.1,Organic,Drip,1042.2
Maharashtra,Kharif,Black,Cotton,855.0,30.9,54.3,6.23,1.09,84.6,40.5,30.5,Urea,Rain-fed,693.3
Andhra Pradesh,Rabi,Clay,Maize,1194.3,23.9,52.2,8.49,15.56,28.8,58.8,31.2,Compost,Flood,2736.1
Tamil Nadu,Rabi,Sandy,Mustard,374.7,18.2,50.5,6.39,2.54,146.3,77.4,63.2,DAP,Flood,1652.0
Uttar Pradesh,Zaid,Alluvial,Jowar,697.3,22.9,54.6,6.11,5.84,39.0,60.4,39.6,DAP,Rain-fed,1670.1
Punjab,Zaid,Laterite,Cotton,917.9,34.1,67.7,6.12,12.45,39.1,16.1,26.9,NPK,Flood,945.0
Madhya Pradesh,Rabi,Laterite,Soybean,1015.8,21.2,70.7,5.56,14.98,127.5,63.3,58.4,DAP,Flood,2536.6
Karnataka,Kharif,Red,Cotton,1017.9,34.9,77.2,8.28,5.46,96.9,61.7,40.8,Compost,Sprinkler,758.6
Haryana,Kharif,Clay,Mustard,242.8,11.7,49.7,6.74,3.74,51.0,36.7,44.4,Urea,Flood,1099.9
Punjab,Rabi,Alluvial,Jowar,578.5,30.2,57.9,6.97,12.94,113.6,55.6,77.6,Organic,Sprinkler,1909.5
Uttar Pradesh,Kharif,Alluvial,Maize,527.5,27.6,41.4,8.23,6.39,31.8,36.7,39.7,Organic,Flood,5489.3
Haryana,Kharif,Loamy,Barley,544.8,20.2,94.2,7.78,9.03,101.4,44.9,38.8,Urea,Rain-fed,2435.4
Haryana,Rabi,Loamy,Maize,506.7,26.0,92.8,6.62,5.42,124.2,55.9,52.8,Urea,Drip,3846.9
Maharashtra,Rabi,Laterite,Rice,1538.6,34.3,77.6,6.62,16.28,78.3,67.0,74.2,NPK,Drip,3828.4
Madhya Pradesh,Rabi,Laterite,Mustard,559.3,10.7,63.0,7.77,18.59,128.3,61.2,33.1,Potash,Sprinkler,1360.0
Tamil Nadu,Zaid,Clay,Soybean,908.2,26.9,51.7,8.15,13.05,81.1,20.8,70.5,Potash,Flood,988.5
Punjab,Rabi,Loamy,Maize,576.8,19.5,72.0,7.38,17.7,60.2,27.2,64.7,Organic,Flood,3218.8
Andhra Pradesh,Zaid,Red,Wheat,307.5,18.0,92.1,6.94,19.19,95.8,41.0,15.7,Potash,Flood,4475.0
Karnataka,Rabi,Clay,Rice,969.2,29.2,51.5,7.84,1.24,122.3,23.9,38.7,Organic,Drip,4395.5
Rajasthan,Zaid,Clay,Soybean,628.3,23.5,42.5,8.44,19.14,27.2,40.1,38.7,NPK,Sprinkler,2016.1
Maharashtra,Kharif,Alluvial,Jowar,627.2,28.2,59.6,6.53,5.68,77.7,23.7,10.9,Organic,Drip,1276.1
Madhya Pradesh,Kharif,Loamy,Barley,410.2,12.6,47.4,7.83,7.28,108.0,68.1,74.3,NPK,Drip,3680.1
Rajasthan,Rabi,Black,Groundnut,855.9,26.9,48.3,5.9,2.67,127.9,27.6,27.1,Urea,Sprinkler,2019.8
Rajasthan,Zaid,Red,Rice,1665.7,33.9,47.1,8.29,6.79,92.3,31.5,26.8,Organic,Rain-fed,3201.3
Karnataka,Zaid,Laterite,Jowar,381.1,33.9,48.3,6.15,6.08,33.3,39.0,66.8,NPK,Sprinkler,1426.0
Uttar Pradesh,Rabi,Black,Wheat,723.6,22.5,71.1,7.98,8.48,149.2,21.6,27.6,NPK,Rain-fed,3027.8
Haryana,Rabi,Laterite,Rice,1064.6,26.0,47.0,5.63,6.28,143.4,69.3,10.8,NPK,Flood,2085.4
Haryana,Rabi,Red,Wheat,713.2,16.5,69.9,5.81,16.59,44.5,23.0,13.2,Potash,Flood,4124.6
Maharashtra,Rabi,Red,Mustard,500.5,10.8,44.2,7.11,15.86,146.7,16.9,67.5,NPK,Flood,1711.5
West Bengal,Zaid,Sandy,Cotton,1170.2,32.0,79.9,6.57,4.74,30.6,16.3,21.7,DAP,Rain-fed,417.8
Karnataka,Rabi,Clay,Mustard,404.4,15.3,50.3,6.14,10.09,85.5,38.0,32.7,Organic,Sprinkler,1890.7
Maharashtra,Zaid,Laterite,Wheat,545.7,22.5,78.1,8.25,1.43,67.1,21.1,67.0,Organic,Rain-fed,4591.5
Madhya Pradesh,Rabi,Red,Groundnut,545.6,32.7,72.1,5.65,18.8,82.0,66.9,38.0,Organic,Sprinkler,1433.1
Maharashtra,Kharif,Loamy,Sugarcane,1042.7,26.1,65.1,7.92,13.78,115.0,76.7,72.0,NPK,Flood,116335.9
Andhra Pradesh,Rabi,Sandy,Barley,393.3,13.0,67.6,8.19,16.01,134.6,41.7,23.4,Compost,Rain-fed,3187.1
Rajasthan,Rabi,Black,Cotton,530.0,33.8,56.9,5.91,16.62,64.0,10.5,40.5,NPK,Flood,531.1
Rajasthan,Zaid,Sandy,Soybean,945.4,24.6,83.5,6.67,3.74,105.5,76.2,53.1,NPK,Drip,1133.0
West Bengal,Rabi,Black,Soybean,1091.3,21.9,82.2,7.25,15.23,33.5,31.1,45.5,Compost,Drip,1611.8
West Bengal,Zaid,Clay,Rice,1856.8,31.7,51.2,7.3,11.56,40.1,18.2,70.3,Compost,Flood,4428.6
Uttar Pradesh,Zaid,Alluvial,Maize,979.3,24.6,62.8,5.97,13.83,59.1,64.4,21.9,Potash,Sprinkler,1996.6
Uttar Pradesh,Kharif,Clay,Rice,1331.8,24.9,88.0,8.47,9.78,79.8,55.1,45.5,Potash,Rain-fed,4019.8
Maharashtra,Zaid,Black,Sugarcane,1250.0,32.2,56.1,8.17,0.65,72.3,73.2,43.1,Potash,Drip,86738.9
Maharashtra,Rabi,Sandy,Jowar,525.5,29.0,50.1,8.14,10.76,103.6,46.4,12.0,DAP,Rain-fed,1619.5
Maharashtra,Zaid,Red,Rice,1921.5,25.1,89.2,7.02,13.8,121.8,22.1,65.2,Compost,Flood,4723.4
Tamil Nadu,Rabi,Alluvial,Wheat,412.7,19.9,78.7,8.14,1.96,98.9,57.3,79.7,NPK,Drip,4694.4
Rajasthan,Zaid,Clay,Mustard,322.6,19.4,44.2,6.5,9.71,116.3,58.2,18.2,Potash,Sprinkler,1577.1
Punjab,Zaid,Red,Sugarcane,2280.4,36.8,65.7,6.93,11.62,133.3,77.6,48.4,Organic,Flood,68376.2
West Bengal,Rabi,Laterite,Maize,609.6,21.3,63.5,8.47,6.25,98.8,33.9,23.7,Urea,Rain-fed,2885.9
Haryana,Zaid,Sandy,Sugarcane,1154.0,34.9,65.4,8.36,4.68,138.5,69.7,19.1,Potash,Drip,127311.4
Maharashtra,Zaid,Black,Sugarcane,2345.6,35.0,51.8,8.41,6.49,84.8,79.4,14.8,Urea,Drip,105382.0
Rajasthan,Zaid,Alluvial,Soybean,1097.1,23.7,53.2,7.78,16.66,94.4,78.0,69.3,DAP,Rain-fed,1863.8
West Bengal,Rabi,Loamy,Maize,516.1,31.4,66.4,6.28,6.24,122.8,50.7,43.7,Organic,Flood,5784.1
Andhra Pradesh,Rabi,Black,Jowar,868.8,22.2,59.5,7.29,17.36,66.6,77.0,79.6,NPK,Sprinkler,1824.8
Punjab,Rabi,Alluvial,Jowar,561.0,35.0,45.8,8.2,5.97,101.1,15.3,14.9,DAP,Rain-fed,2049.5
Maharashtra,Zaid,Laterite,Groundnut,413.2,25.1,80.6,6.35,8.94,139.9,72.4,43.4,Potash,Rain-fed,1866.6
West Bengal,Zaid,Laterite,Maize,695.1,20.5,54.6,6.04,18.04,53.8,40.7,51.7,NPK,Rain-fed,3557.1
Rajasthan,Kharif,Sandy,Sugarcane,1934.6,25.4,86.7,6.75,9.15,33.6,36.5,10.9,Compost,Sprinkler,77467.9
Karnataka,Kharif,Loamy,Cotton,1191.8,28.0,89.2,5.53,13.24,69.7,25.4,26.8,Potash,Rain-fed,768.3
Andhra Pradesh,Kharif,Red,Cotton,1133.1,31.4,43.8,7.7,2.43,44.8,27.3,74.3,Potash,Drip,637.1
Tamil Nadu,Kharif,Clay,Rice,1218.2,27.1,45.3,7.9,5.49,86.3,26.7,18.1,Potash,Sprinkler,2581.8
Maharashtra,Rabi,Laterite,Jowar,483.6,28.2,76.7,5.97,5.86,134.5,13.0,45.5,Urea,Rain-fed,982.7
West Bengal,Zaid,Alluvial,Maize,597.0,20.3,86.8,6.53,19.19,135.7,39.5,49.3,Potash,Sprinkler,4447.1
Haryana,Kharif,Clay,Jowar,667.1,22.7,83.9,7.12,7.08,56.2,76.4,20.9,Potash,Flood,1581.5
Tamil Nadu,Zaid,Laterite,Maize,1033.2,18.1,47.9,5.86,17.38,97.6,54.7,26.1,Organic,Drip,3633.0
Punjab,Rabi,Laterite,Barley,344.9,20.5,67.5,7.84,7.74,59.5,60.4,56.8,Compost,Sprinkler,3042.6
Karnataka,Rabi,Loamy,Soybean,868.5,29.9,68.0,5.94,18.47,88.1,52.7,79.9,DAP,Sprinkler,1203.8
Tamil Nadu,Kharif,Loamy,Wheat,583.6,21.7,83.5,7.83,18.03,38.1,19.3,23.8,Urea,Sprinkler,3844.8
West Bengal,Kharif,Sandy,Cotton,1093.0,35.6,82.8,8.36,1.76,42.8,75.0,52.4,DAP,Rain-fed,585.7
Maharashtra,Kharif,Black,Sugarcane,2244.4,37.0,50.4,7.92,19.42,21.6,15.0,26.4,Organic,Rain-fed,85729.4
Karnataka,Zaid,Clay,Mustard,477.9,14.1,53.4,8.29,5.56,102.9,53.5,68.7,Compost,Drip,1472.6
Karnataka,Rabi,Laterite,Groundnut,716.1,35.6,67.5,7.52,2.72,87.4,73.7,77.7,DAP,Rain-fed,2045.6
Haryana,Rabi,Laterite,Wheat,286.4,20.8,90.8,8.47,4.23,39.0,68.9,29.4,Compost,Sprinkler,5114.5
Tamil Nadu,Kharif,Sandy,Rice,1339.0,25.7,89.3,7.76,16.78,147.3,63.0,24.7,Organic,Drip,4637.5
Karnataka,Rabi,Alluvial,Cotton,553.4,29.3,56.2,6.39,1.4,45.7,76.5,48.8,Organic,Flood,509.0
Haryana,Rabi,Loamy,Barley,589.2,14.1,70.5,6.41,12.8,25.4,21.8,22.5,DAP,Flood,2964.2
Haryana,Kharif,Red,Sugarcane,2066.1,32.6,40.5,7.91,1.8,116.2,26.9,17.2,NPK,Flood,65314.9
Karnataka,Kharif,Sandy,Jowar,352.1,26.7,61.5,8.09,9.21,31.9,22.3,69.5,NPK,Drip,2711.0
Tamil Nadu,Zaid,Loamy,Mustard,282.7,12.6,72.7,6.34,3.31,35.8,57.2,72.6,Organic,Drip,968.3
Tamil Nadu,Zaid,Alluvial,Jowar,644.3,28.6,70.3,6.1,13.62,136.3,55.8,44.4,Urea,Sprinkler,2504.2
Rajasthan,Kharif,Clay,Groundnut,451.9,32.7,94.8,5.77,14.38,149.5,53.4,36.6,DAP,Rain-fed,1183.8
Tamil Nadu,Zaid,Loamy,Wheat,434.0,21.9,71.9,6.84,17.38,105.0,42.6,51.5,DAP,Sprinkler,2710.9
Rajasthan,Zaid,Black,Sugarcane,2322.2,24.3,42.2,7.06,7.26,41.1,55.7,79.4,Organic,Drip,73306.4
Karnataka,Zaid,Black,Groundnut,603.0,29.9,79.0,8.13,9.63,63.4,69.3,20.2,Urea,Flood,1853.1
Rajasthan,Rabi,Clay,Jowar,696.3,25.0,68.2,7.67,8.51,131.9,77.1,26.3,NPK,Sprinkler,2310.8
Punjab,Rabi,Clay,Sugarcane,1839.0,32.3,75.5,8.16,10.41,124.1,71.0,46.1,Urea,Drip,120999.1
Andhra Pradesh,Rabi,Alluvial,Soybean,779.1,23.7,87.8,6.48,9.35,140.1,78.4,40.3,NPK,Rain-fed,2621.8
Rajasthan,Zaid,Alluvial,Mustard,217.7,13.7,59.2,6.53,13.04,20.4,22.1,71.8,Compost,Flood,790.3
Uttar Pradesh,Kharif,Black,Groundnut,427.2,34.5,90.4,7.93,12.94,139.7,66.8,52.7,Urea,Flood,1700.1
Andhra Pradesh,Kharif,Laterite,Wheat,485.1,14.2,48.2,5.55,8.24,74.7,75.2,59.5,NPK,Sprinkler,3470.4
Punjab,Kharif,Red,Soybean,890.2,22.1,52.8,7.67,14.92,123.5,79.5,60.2,DAP,Flood,2178.1
Tamil Nadu,Kharif,Clay,Groundnut,569.1,22.2,83.2,7.94,8.25,90.2,25.4,18.2,Urea,Drip,1864.7
Maharashtra,Kharif,Sandy,Soybean,1194.9,29.4,62.6,8.49,0.91,56.2,34.9,26.1,Compost,Rain-fed,1257.5
Karnataka,Zaid,Sandy,Groundnut,525.4,28.2,56.0,7.45,14.03,67.7,34.0,79.0,Potash,Rain-fed,2536.5
Andhra Pradesh,Kharif,Laterite,Soybean,933.5,22.8,49.6,7.8,3.45,61.8,74.3,56.4,Compost,Rain-fed,2101.8
Rajasthan,Rabi,Laterite,Sugarcane,1540.9,35.3,75.3,6.64,7.3,37.0,67.4,35.9,Compost,Drip,128297.5
Rajasthan,Kharif,Alluvial,Mustard,277.3,21.3,86.2,8.15,3.71,56.7,75.6,24.3,NPK,Drip,1079.3
Rajasthan,Zaid,Sandy,Barley,564.9,20.4,80.2,5.9,10.51,92.6,40.9,28.5,NPK,Rain-fed,4219.1
Tamil Nadu,Zaid,Black,Rice,1181.3,34.4,45.1,8.03,16.14,45.5,43.6,52.2,Compost,Drip,5277.8
Andhra Pradesh,Rabi,Red,Cotton,835.0,27.8,51.0,8.01,5.47,73.0,70.6,63.0,Organic,Rain-fed,352.8
Punjab,Kharif,Alluvial,Sugarcane,1111.5,37.3,83.3,7.59,5.12,121.2,19.1,51.9,Potash,Flood,117304.9
Rajasthan,Zaid,Sandy,Sugarcane,1428.4,26.5,46.7,6.31,6.84,86.6,10.5,36.6,DAP,Flood,56540.2
Maharashtra,Rabi,Black,Maize,522.9,19.6,86.9,6.36,2.03,87.0,75.9,11.1,DAP,Rain-fed,5131.5
West Bengal,Kharif,Black,Jowar,302.1,34.2,55.8,6.31,12.55,120.7,75.1,16.0,NPK,Flood,2448.2
Madhya Pradesh,Zaid,Black,Soybean,878.6,26.2,51.8,5.79,2.39,141.7,62.5,55.0,DAP,Flood,2619.1
Andhra Pradesh,Zaid,Laterite,Cotton,585.3,32.9,66.0,7.01,4.97,62.8,53.3,33.2,DAP,Drip,866.2
West Bengal,Zaid,Black,Rice,1618.2,28.5,76.6,6.86,5.42,135.7,65.8,68.0,NPK,Rain-fed,3577.9
Uttar Pradesh,Kharif,Sandy,Barley,355.9,13.2,90.7,5.84,18.67,131.0,44.5,22.7,DAP,Rain-fed,3650.7
Maharashtra,Kharif,Sandy,Maize,719.6,22.3,82.9,7.94,17.9,136.0,73.1,28.2,NPK,Rain-fed,4317.0
Rajasthan,Kharif,Loamy,Sugarcane,1012.9,28.5,42.6,6.14,17.93,118.7,35.3,56.4,Urea,Rain-fed,59024.3
Karnataka,Rabi,Alluvial,Wheat,531.7,10.6,91.4,6.14,10.01,93.0,44.8,38.7,DAP,Rain-fed,2206.9
Punjab,Rabi,Black,Jowar,779.5,31.1,47.9,8.3,6.05,98.9,54.6,71.5,Organic,Sprinkler,1408.0
Punjab,Zaid,Alluvial,Jowar,787.0,26.0,79.3,6.79,4.48,85.6,39.7,30.7,Organic,Rain-fed,2797.1
West Bengal,Zaid,Red,Cotton,585.5,33.7,85.8,6.26,4.24,117.7,71.7,50.4,Urea,Sprinkler,865.3
Haryana,Rabi,Alluvial,Mustard,224.9,20.6,65.7,7.84,15.54,103.9,23.0,48.5,Potash,Rain-fed,1276.3
Uttar Pradesh,Rabi,Alluvial,Sugarcane,1294.8,26.9,70.6,7.6,12.05,93.1,59.7,71.2,Organic,Drip,84678.0
West Bengal,Zaid,Clay,Barley,276.6,14.4,82.2,7.94,17.9,93.4,51.9,32.4,Potash,Sprinkler,2083.0
Karnataka,Rabi,Black,Cotton,924.2,29.1,69.0,7.32,2.45,36.9,13.8,58.3,Organic,Rain-fed,515.0
Tamil Nadu,Kharif,Sandy,Jowar,418.1,23.7,47.1,7.35,14.0,100.1,78.9,47.0,Urea,Sprinkler,1378.2
Madhya Pradesh,Kharif,Loamy,Wheat,744.8,17.9,92.4,7.45,1.48,81.9,68.3,33.0,Organic,Drip,3790.0
Karnataka,Kharif,Alluvial,Groundnut,526.2,24.6,66.3,7.33,13.98,69.4,19.1,27.3,NPK,Flood,1973.4
Punjab,Zaid,Laterite,Maize,761.9,27.8,78.8,8.4,4.22,61.9,20.5,48.4,Potash,Flood,5591.3
Haryana,Zaid,Loamy,Groundnut,855.7,28.8,45.1,7.0,4.22,61.6,79.1,54.8,Compost,Rain-fed,1840.7
Maharashtra,Zaid,Loamy,Maize,624.4,25.0,71.4,7.05,1.08,71.9,48.5,59.5,Potash,Drip,2276.4
Tamil Nadu,Rabi,Black,Soybean,771.0,23.7,84.8,5.59,4.21,140.3,65.7,71.9,DAP,Flood,1682.2
West Bengal,Rabi,Loamy,Groundnut,415.0,23.1,86.8,8.42,17.4,142.7,39.4,64.8,Compost,Flood,1211.7
Maharashtra,Kharif,Clay,Cotton,789.3,30.7,78.8,5.77,19.06,87.6,37.1,15.4,DAP,Drip,490.6
Tamil Nadu,Zaid,Alluvial,Wheat,630.0,13.7,80.2,6.95,2.22,139.1,10.0,58.9,Urea,Flood,4735.5
Uttar Pradesh,Zaid,Black,Barley,527.7,11.7,56.5,5.83,13.79,81.8,13.5,79.5,Potash,Rain-fed,2619.2
Haryana,Zaid,Loamy,Barley,564.4,18.3,42.4,6.55,18.28,104.1,39.6,74.5,Potash,Drip,4369.5
Haryana,Zaid,Sandy,Mustard,254.6,14.5,47.9,7.76,16.98,144.3,18.4,17.4,NPK,Flood,1044.7
Tamil Nadu,Zaid,Sandy,Rice,1398.1,22.3,46.3,6.18,9.79,134.8,49.2,30.5,Potash,Rain-fed,4509.8
West Bengal,Kharif,Alluvial,Jowar,382.9,24.3,52.0,6.35,12.57,47.0,76.9,10.6,DAP,Flood,2395.6
Madhya Pradesh,Rabi,Clay,Rice,1611.2,22.4,80.2,6.74,4.54,38.8,25.4,48.5,Compost,Rain-fed,4291.2
Tamil Nadu,Zaid,Black,Wheat,562.9,12.7,89.8,7.79,18.85,24.4,33.9,46.1,Organic,Drip,5254.3
Madhya Pradesh,Zaid,Red,Groundnut,661.9,23.9,86.8,7.48,11.03,118.4,66.6,25.2,Compost,Sprinkler,1834.1
West Bengal,Rabi,Sandy,Barley,674.6,13.2,92.8,7.46,17.09,98.2,31.6,19.5,DAP,Drip,3385.7
Rajasthan,Kharif,Black,Groundnut,470.4,31.4,76.4,8.02,15.49,40.9,74.3,35.7,Potash,Flood,2308.8
Madhya Pradesh,Kharif,Loamy,Wheat,647.5,21.0,55.1,6.4,2.14,102.8,72.9,29.6,Potash,Flood,5191.6
Rajasthan,Zaid,Laterite,Sugarcane,1192.1,24.2,70.5,7.94,12.63,27.7,45.1,11.6,NPK,Drip,81970.2
Karnataka,Rabi,Alluvial,Cotton,573.5,32.7,84.3,7.93,11.59,115.2,33.2,52.7,Compost,Flood,558.9
Andhra Pradesh,Rabi,Sandy,Barley,446.7,9.5,53.8,8.3,2.18,102.2,42.9,31.8,NPK,Flood,2650.6
Uttar Pradesh,Zaid,Laterite,Cotton,586.6,28.8,78.9,7.96,14.55,60.0,59.8,52.4,Potash,Flood,334.1
Madhya Pradesh,Kharif,Sandy,Maize,805.2,30.6,86.0,8.24,18.82,108.3,16.2,44.2,Potash,Rain-fed,5597.3
Haryana,Zaid,Red,Mustard,311.4,14.1,57.5,5.77,17.71,101.0,52.5,37.8,Urea,Flood,1763.4
Karnataka,Kharif,Clay,Mustard,573.7,15.6,53.0,8.24,13.51,95.3,21.8,50.7,Compost,Flood,1350.4
West Bengal,Rabi,Loamy,Soybean,1045.3,20.4,84.1,6.36,6.34,122.1,18.6,15.8,Potash,Sprinkler,1639.3
Tamil Nadu,Kharif,Red,Cotton,1098.7,31.0,90.7,8.07,9.86,101.0,50.9,51.9,Compost,Sprinkler,427.4
Madhya Pradesh,Kharif,Alluvial,Sugarcane,1511.2,36.6,77.2,8.14,2.97,132.5,61.1,20.7,DAP,Drip,65447.1
Uttar Pradesh,Rabi,Black,Rice,1322.7,33.7,91.4,7.29,6.65,31.2,43.3,78.7,DAP,Flood,3952.6
Madhya Pradesh,Rabi,Loamy,Soybean,630.9,21.3,66.5,6.5,18.74,125.3,19.5,38.0,Potash,Flood,950.9
Madhya Pradesh,Rabi,Red,Soybean,636.9,29.5,43.4,6.42,15.54,100.1,22.9,76.1,Organic,Sprinkler,1776.0
Andhra Pradesh,Kharif,Sandy,Wheat,686.8,21.7,42.8,7.8,12.91,61.4,18.0,55.3,Potash,Rain-fed,3825.4
Tamil Nadu,Zaid,Laterite,Groundnut,597.1,35.5,48.3,5.6,5.61,57.6,27.2,79.6,DAP,Sprinkler,1125.2
Rajasthan,Kharif,Clay,Jowar,769.7,27.7,80.0,8.47,15.42,133.3,19.3,50.6,NPK,Sprinkler,1594.5
Karnataka,Zaid,Laterite,Jowar,466.5,30.1,58.5,6.74,14.78,86.1,52.7,70.5,Organic,Sprinkler,1072.1
Rajasthan,Kharif,Clay,Jowar,554.2,28.2,71.8,8.13,5.25,55.2,64.6,64.4,NPK,Sprinkler,2486.6
Karnataka,Kharif,Laterite,Rice,1662.2,31.7,69.0,5.78,8.24,65.9,58.9,71.7,NPK,Rain-fed,4655.4
Karnataka,Kharif,Sandy,Sugarcane,2382.1,32.8,47.1,5.79,11.74,113.9,46.3,14.9,Potash,Sprinkler,59209.5
West Bengal,Kharif,Loamy,Soybean,855.7,26.4,93.4,6.43,18.8,84.4,56.7,59.2,Compost,Rain-fed,1254.5
West Bengal,Zaid,Clay,Mustard,564.8,19.6,93.2,7.98,15.46,127.9,27.7,49.5,Potash,Rain-fed,1284.3
Andhra Pradesh,Kharif,Laterite,Maize,716.2,21.3,94.1,6.69,11.25,106.3,75.9,66.2,Urea,Flood,3704.1
Tamil Nadu,Zaid,Black,Mustard,459.9,17.2,86.1,8.02,14.66,96.7,10.5,30.4,Compost,Flood,1193.2
Uttar Pradesh,Rabi,Loamy,Sugarcane,2257.2,27.3,54.4,6.57,6.24,92.5,70.6,64.7,Compost,Rain-fed,74228.5
Maharashtra,Zaid,Red,Cotton,1052.5,29.3,51.7,8.18,17.84,37.9,35.1,19.0,Urea,Drip,558.2
Haryana,Rabi,Alluvial,Mustard,488.8,11.9,70.1,6.54,17.5,92.5,78.4,55.0,Organic,Drip,1497.3
Madhya Pradesh,Rabi,Alluvial,Rice,1182.5,31.6,54.0,7.53,7.07,97.2,73.7,66.5,Potash,Drip,3015.1
Tamil Nadu,Rabi,Sandy,Jowar,576.9,31.0,48.9,6.32,2.04,52.6,24.0,25.0,Potash,Rain-fed,1207.1
Madhya Pradesh,Kharif,Red,Mustard,314.8,15.4,43.2,7.13,13.19,74.9,32.7,70.6,Compost,Sprinkler,1369.7
Karnataka,Zaid,Laterite,Sugarcane,2058.9,25.9,67.0,7.93,6.29,131.3,70.4,42.8,Compost,Flood,88876.6
Tamil Nadu,Zaid,Laterite,Rice,1872.4,33.7,84.9,8.18,7.36,70.7,67.9,59.5,NPK,Flood,2430.5
Karnataka,Rabi,Laterite,Rice,1607.9,26.0,74.4,6.04,15.98,102.4,29.3,22.6,NPK,Rain-fed,2946.7
Rajasthan,Rabi,Alluvial,Soybean,831.7,20.1,43.8,7.41,12.98,111.7,34.5,43.8,Organic,Flood,2416.1
Madhya Pradesh,Rabi,Black,Mustard,504.2,19.0,78.0,5.8,13.09,50.3,71.4,15.0,Urea,Drip,1473.4
Madhya Pradesh,Kharif,Red,Sugarcane,1984.4,34.6,89.4,7.26,4.91,139.9,56.1,24.1,Potash,Sprinkler,58100.6
Andhra Pradesh,Zaid,Black,Cotton,737.0,27.3,63.7,5.61,9.34,106.6,46.2,70.3,NPK,Drip,698.2
Madhya Pradesh,Zaid,Sandy,Wheat,498.9,10.3,73.8,5.96,10.01,103.6,72.0,62.5,NPK,Flood,2165.6
West Bengal,Kharif,Clay,Groundnut,724.9,25.3,75.5,5.93,14.6,86.9,29.5,65.8,DAP,Flood,1934.8
Uttar Pradesh,Zaid,Red,Barley,431.1,16.1,75.9,6.34,4.32,58.1,61.8,19.8,Organic,Flood,3878.0
Rajasthan,Kharif,Loamy,Soybean,830.7,23.0,74.4,7.74,14.4,46.2,79.7,43.3,Potash,Rain-fed,2194.9
Haryana,Zaid,Alluvial,Cotton,756.8,31.5,50.0,7.64,0.59,102.3,40.9,33.2,Compost,Sprinkler,431.0
Rajasthan,Kharif,Laterite,Rice,1520.0,22.9,78.4,7.18,13.93,95.2,25.8,41.9,NPK,Flood,1954.9
Maharashtra,Rabi,Alluvial,Jowar,643.0,26.8,51.4,6.26,19.75,77.3,26.2,64.1,Organic,Flood,1706.5
Haryana,Zaid,Alluvial,Jowar,798.6,28.9,53.2,5.68,7.5,27.8,41.7,13.7,Compost,Rain-fed,2321.2
Rajasthan,Kharif,Clay,Maize,828.3,28.5,78.2,7.69,16.13,77.2,73.2,78.7,Compost,Sprinkler,6642.5
Madhya Pradesh,Kharif,Black,Wheat,732.7,21.2,58.4,6.15,19.14,141.5,37.1,30.9,NPK,Flood,3029.4
Madhya Pradesh,Zaid,Black,Cotton,820.8,24.3,50.6,8.4,13.49,88.3,26.6,49.7,DAP,Rain-fed,380.0
Maharashtra,Kharif,Clay,Rice,1045.6,23.7,58.2,6.18,15.67,75.5,62.1,50.2,Potash,Flood,3870.1
Rajasthan,Zaid,Sandy,Mustard,498.0,17.7,45.3,7.93,3.35,87.8,61.2,78.0,NPK,Drip,1470.5
Punjab,Rabi,Black,Jowar,546.4,26.1,49.6,6.25,17.86,144.6,33.8,38.1,Compost,Flood,2220.8
Rajasthan,Kharif,Clay,Groundnut,888.6,28.4,64.2,7.03,5.86,34.0,73.6,59.9,Compost,Drip,2962.4
Andhra Pradesh,Zaid,Loamy,Cotton,587.9,30.6,85.5,7.84,8.04,44.1,67.0,48.2,DAP,Drip,600.1
Karnataka,Kharif,Clay,Jowar,400.1,30.2,89.9,6.87,7.55,71.9,33.5,29.1,DAP,Drip,2307.5
Haryana,Zaid,Loamy,Sugarcane,1763.7,25.3,92.8,6.29,10.97,148.7,71.0,33.7,Organic,Flood,78656.9
Punjab,Zaid,Alluvial,Jowar,423.3,31.8,72.2,8.3,1.51,57.0,54.2,55.6,Potash,Flood,1125.6
Tamil Nadu,Rabi,Sandy,Wheat,664.8,15.6,59.4,6.78,8.8,78.3,19.3,73.1,NPK,Flood,5182.3
Andhra Pradesh,Kharif,Sandy,Sugarcane,1544.3,36.9,65.7,6.36,14.98,64.0,52.4,71.4,DAP,Sprinkler,103534.4
Rajasthan,Rabi,Red,Maize,1151.6,28.1,50.6,6.5,15.28,74.2,46.6,37.0,Urea,Sprinkler,4425.0
Rajasthan,Rabi,Loamy,Groundnut,612.6,33.9,49.5,7.54,13.41,61.7,17.6,70.5,NPK,Rain-fed,1556.2
Karnataka,Zaid,Black,Jowar,810.6,25.1,55.2,6.85,8.0,139.4,17.1,67.6,Urea,Sprinkler,2757.9
Karnataka,Rabi,Loamy,Groundnut,662.8,35.8,90.5,6.61,3.35,103.9,19.3,16.4,Compost,Sprinkler,1696.9
Karnataka,Kharif,Loamy,Maize,962.6,32.0,50.2,6.83,7.55,110.3,71.1,56.8,NPK,Sprinkler,2641.8
Madhya Pradesh,Kharif,Sandy,Barley,290.6,11.1,88.5,5.84,13.88,128.8,12.1,60.1,Compost,Rain-fed,1732.3
Maharashtra,Zaid,Red,Rice,1017.7,35.0,93.6,6.34,9.92,43.1,73.3,34.5,Compost,Rain-fed,2298.4
Maharashtra,Kharif,Loamy,Soybean,653.6,21.2,65.9,6.33,6.54,49.3,69.5,14.6,NPK,Flood,1669.1
Punjab,Zaid,Clay,Maize,882.3,24.8,89.2,6.96,13.22,134.6,38.6,26.6,Organic,Drip,3158.2
Haryana,Rabi,Alluvial,Barley,482.8,19.8,93.7,6.49,19.29,131.1,24.8,67.9,Organic,Rain-fed,2649.0
Tamil Nadu,Rabi,Clay,Maize,614.0,23.0,46.0,5.53,17.48,62.8,70.4,34.7,Organic,Flood,3692.5
Punjab,Rabi,Black,Maize,958.5,22.8,54.3,6.63,16.92,101.6,50.8,39.9,Urea,Sprinkler,4434.9
Tamil Nadu,Rabi,Sandy,Cotton,1016.5,22.6,91.0,8.24,5.23,68.8,13.4,21.3,NPK,Drip,685.0
West Bengal,Rabi,Loamy,Soybean,1145.5,26.0,44.6,7.12,5.7,37.2,17.2,42.2,Compost,Sprinkler,1517.1
Rajasthan,Zaid,Loamy,Groundnut,481.1,22.4,71.0,7.01,2.35,27.8,29.4,16.7,NPK,Drip,2208.3
Madhya Pradesh,Kharif,Laterite,Rice,1867.0,32.3,70.1,6.87,11.54,87.3,18.8,51.6,NPK,Sprinkler,2744.2
Rajasthan,Kharif,Clay,Soybean,911.3,25.8,45.6,7.97,7.9,123.3,31.8,43.5,NPK,Flood,2702.7
Uttar Pradesh,Rabi,Clay,Sugarcane,1746.2,34.7,74.0,7.18,18.15,139.4,42.6,65.1,Urea,Rain-fed,57848.2
Andhra Pradesh,Zaid,Red,Jowar,615.4,32.0,66.4,6.2,3.9,38.5,40.5,72.2,Organic,Drip,1299.3
Andhra Pradesh,Kharif,Black,Cotton,724.0,30.0,67.2,6.78,16.54,132.8,27.1,60.5,Potash,Drip,634.0
Tamil Nadu,Kharif,Sandy,Rice,1748.5,26.4,84.3,7.49,4.42,111.6,33.1,23.5,NPK,Flood,4130.1
Maharashtra,Zaid,Black,Sugarcane,2448.1,35.7,55.9,7.22,17.0,132.3,41.7,16.6,Organic,Rain-fed,73048.1
Andhra Pradesh,Kharif,Red,Maize,631.2,27.8,76.9,6.54,13.39,101.4,38.9,74.4,Potash,Flood,6095.7
Punjab,Kharif,Sandy,Groundnut,420.1,32.3,55.1,8.41,1.57,23.1,73.6,30.1,NPK,Sprinkler,1096.8
Madhya Pradesh,Rabi,Alluvial,Groundnut,893.1,32.5,66.2,8.34,5.77,83.1,75.1,44.1,NPK,Drip,1905.8
Tamil Nadu,Zaid,Red,Maize,761.6,26.4,52.6,7.15,6.88,142.4,20.9,37.2,Potash,Flood,2956.0
Andhra Pradesh,Rabi,Clay,Sugarcane,2225.5,31.2,48.6,6.24,13.6,49.9,70.8,24.0,Compost,Rain-fed,114229.1
Karnataka,Zaid,Laterite,Sugarcane,2145.8,25.8,78.0,7.63,0.79,74.0,43.4,21.8,NPK,Sprinkler,125180.1
Uttar Pradesh,Rabi,Red,Groundnut,813.2,32.3,63.7,6.81,7.9,43.8,38.4,42.3,Compost,Sprinkler,1921.9
Uttar Pradesh,Kharif,Clay,Rice,1027.5,32.2,47.3,6.4,17.2,103.9,16.3,76.8,DAP,Flood,3339.1
Andhra Pradesh,Kharif,Black,Jowar,696.4,27.9,41.8,5.81,14.6,118.1,62.8,53.4,Organic,Drip,1311.0
Uttar Pradesh,Rabi,Clay,Rice,1231.6,28.3,68.3,6.47,2.24,128.0,55.6,11.1,Urea,Drip,5988.2
Uttar Pradesh,Kharif,Laterite,Groundnut,549.6,33.6,43.1,8.25,6.94,81.7,18.1,73.1,Potash,Sprinkler,1116.1
Rajasthan,Rabi,Alluvial,Wheat,700.6,17.0,83.5,6.59,18.86,42.3,70.6,27.8,DAP,Flood,3218.3
West Bengal,Zaid,Red,Soybean,913.0,28.5,41.9,5.75,2.64,72.5,12.3,49.0,Potash,Drip,1291.7
West Bengal,Rabi,Clay,Jowar,522.2,24.8,70.4,6.54,1.05,39.9,42.2,50.7,Potash,Rain-fed,1381.2
Madhya Pradesh,Zaid,Laterite,Rice,1501.6,24.4,54.4,7.19,6.89,35.4,27.3,70.8,Compost,Drip,4710.9
Andhra Pradesh,Rabi,Sandy,Jowar,323.2,25.7,65.3,7.8,10.29,50.1,69.7,16.4,DAP,Flood,2816.9
Haryana,Rabi,Laterite,Cotton,710.6,30.4,44.5,7.86,16.59,41.1,58.1,18.6,Compost,Flood,893.6
Uttar Pradesh,Zaid,Clay,Cotton,571.4,25.3,84.8,8.09,13.82,88.7,19.1,26.1,Potash,Rain-fed,480.8
Karnataka,Rabi,Laterite,Soybean,1023.9,29.6,67.8,8.0,14.95,74.4,68.4,16.6,Potash,Drip,1809.2
Haryana,Zaid,Alluvial,Sugarcane,2427.2,31.8,80.8,5.66,4.8,70.1,69.5,78.8,Compost,Rain-fed,92876.5
Punjab,Kharif,Black,Mustard,272.3,15.9,70.3,7.22,15.38,75.1,62.1,73.7,NPK,Rain-fed,2361.1
Uttar Pradesh,Kharif,Black,Cotton,1077.1,23.8,61.2,7.66,12.66,85.0,22.2,18.1,Potash,Flood,619.5
Maharashtra,Rabi,Alluvial,Wheat,252.1,14.6,75.8,8.48,18.07,120.1,75.6,73.4,NPK,Sprinkler,5313.7
Andhra Pradesh,Zaid,Clay,Jowar,592.7,22.7,67.4,5.51,7.35,108.8,69.7,36.9,DAP,Drip,2106.3
Madhya Pradesh,Kharif,Laterite,Mustard,262.4,10.6,49.5,8.11,19.65,146.1,61.2,21.2,Urea,Flood,1439.4
Punjab,Zaid,Red,Jowar,874.3,31.5,75.0,5.66,3.83,126.4,30.7,75.6,DAP,Drip,2410.7
Andhra Pradesh,Zaid,Black,Barley,245.7,20.2,43.8,6.47,9.44,21.8,50.5,20.1,Organic,Flood,2134.9
Andhra Pradesh,Kharif,Laterite,Sugarcane,1038.8,31.6,64.5,6.53,17.28,149.1,47.0,50.3,Compost,Flood,121470.7
Punjab,Rabi,Laterite,Barley,290.9,13.7,83.1,8.46,1.78,51.4,23.8,58.5,Organic,Rain-fed,1608.2
Rajasthan,Kharif,Sandy,Cotton,1159.2,31.5,46.9,6.56,18.67,97.3,49.1,37.9,Compost,Drip,789.6
Andhra Pradesh,Kharif,Sandy,Barley,263.8,21.6,63.7,7.09,8.17,115.0,26.2,40.3,Urea,Sprinkler,3127.8
Andhra Pradesh,Kharif,Clay,Wheat,678.3,12.7,77.1,8.14,15.25,57.7,66.0,35.2,DAP,Sprinkler,2497.4
Uttar Pradesh,Kharif,Red,Jowar,738.2,25.5,87.0,5.97,8.34,103.8,22.8,76.7,Organic,Flood,2308.0
Andhra Pradesh,Rabi,Loamy,Rice,1963.6,27.3,81.8,8.41,1.53,138.2,17.6,68.8,NPK,Sprinkler,4277.8
Punjab,Zaid,Clay,Rice,1414.8,29.8,41.7,6.43,11.58,148.7,39.6,40.0,Compost,Sprinkler,2515.5
Andhra Pradesh,Zaid,Clay,Sugarcane,1399.7,36.5,84.7,5.83,17.24,118.4,46.3,27.2,Organic,Flood,99589.1
Karnataka,Kharif,Laterite,Soybean,953.6,24.6,74.7,5.68,8.97,60.1,67.4,14.0,Urea,Drip,2569.8
Punjab,Rabi,Black,Barley,562.2,17.4,64.9,7.09,1.78,106.8,53.2,74.9,Urea,Drip,4996.3
West Bengal,Zaid,Laterite,Soybean,998.6,25.9,70.8,8.05,14.54,52.4,41.5,24.9,Potash,Drip,2161.8
Punjab,Zaid,Black,Wheat,630.5,15.8,88.0,8.36,7.22,55.5,38.8,65.7,Organic,Drip,4154.8
West Bengal,Kharif,Alluvial,Sugarcane,2379.8,30.9,59.9,8.14,18.22,77.1,46.1,50.6,Potash,Flood,106252.0
Maharashtra,Kharif,Alluvial,Mustard,413.8,14.8,51.9,5.55,14.46,22.9,35.9,73.4,Urea,Sprinkler,1458.9
Uttar Pradesh,Zaid,Sandy,Sugarcane,1093.5,26.2,55.9,7.6,19.74,92.0,16.0,35.5,Compost,Sprinkler,55607.1
Tamil Nadu,Rabi,Red,Wheat,308.5,18.6,54.4,6.39,7.53,142.5,39.4,18.0,Organic,Drip,4019.3
Maharashtra,Zaid,Clay,Maize,1087.0,29.0,81.2,7.11,8.38,35.9,51.6,67.8,Compost,Sprinkler,5473.4
Tamil Nadu,Kharif,Alluvial,Cotton,1102.0,23.6,90.8,7.8,16.79,131.3,14.4,73.0,Compost,Sprinkler,448.6
Karnataka,Zaid,Laterite,Mustard,241.6,22.4,42.0,7.09,19.97,42.0,71.9,41.6,Organic,Rain-fed,1040.8
Uttar Pradesh,Kharif,Alluvial,Maize,671.3,19.5,68.1,6.91,7.62,96.2,61.3,74.3,DAP,Sprinkler,2084.7
Karnataka,Rabi,Black,Sugarcane,1972.2,35.2,52.2,8.1,10.5,146.0,79.8,57.8,Urea,Rain-fed,75026.6
Rajasthan,Zaid,Red,Soybean,844.0,29.1,60.6,5.78,11.0,96.0,65.5,13.8,DAP,Rain-fed,2298.8
Rajasthan,Zaid,Black,Wheat,448.5,19.0,40.5,5.91,3.83,27.2,33.7,28.1,Organic,Rain-fed,5086.8
Karnataka,Zaid,Black,Rice,1379.0,25.5,72.0,6.19,11.67,100.7,32.2,61.6,NPK,Flood,3071.0
Uttar Pradesh,Rabi,Clay,Jowar,584.2,27.0,57.1,5.84,16.56,65.0,45.3,62.8,Urea,Rain-fed,780.0
Maharashtra,Kharif,Loamy,Sugarcane,1834.0,25.9,42.5,8.15,1.82,20.3,57.9,41.9,Urea,Flood,65083.4
Haryana,Zaid,Red,Soybean,963.0,26.1,78.0,6.43,1.97,41.4,54.2,14.8,DAP,Sprinkler,2768.5
Maharashtra,Zaid,Red,Barley,397.1,17.3,58.9,7.3,5.61,145.1,62.4,19.5,Compost,Rain-fed,2662.7
Madhya Pradesh,Rabi,Laterite,Maize,519.5,18.7,56.8,7.83,2.02,66.9,29.4,67.1,Organic,Rain-fed,1696.7
Tamil Nadu,Kharif,Laterite,Groundnut,857.5,24.5,47.7,6.81,16.51,146.6,13.1,36.7,DAP,Rain-fed,1191.2
Karnataka,Zaid,Loamy,Jowar,641.5,25.8,47.7,6.97,18.44,129.5,66.3,37.3,DAP,Flood,2297.1
Punjab,Rabi,Laterite,Cotton,732.1,35.2,77.2,7.16,4.64,72.0,78.2,67.7,Urea,Sprinkler,862.1
Andhra Pradesh,Kharif,Clay,Groundnut,408.6,22.2,58.7,6.33,6.0,63.7,53.4,54.0,Urea,Flood,1781.1
Madhya Pradesh,Rabi,Clay,Soybean,604.5,22.6,77.4,6.87,3.04,77.3,64.5,38.9,Compost,Flood,1486.3
Andhra Pradesh,Zaid,Red,Groundnut,423.3,28.1,58.5,6.48,12.64,50.8,13.7,30.4,NPK,Drip,2804.4
Haryana,Rabi,Red,Mustard,271.6,21.1,84.6,7.55,14.55,93.9,75.9,12.7,Compost,Sprinkler,1109.5
Karnataka,Zaid,Loamy,Groundnut,684.9,23.6,77.4,7.16,11.35,56.4,65.7,69.5,NPK,Rain-fed,1329.4
Haryana,Kharif,Clay,Groundnut,836.2,23.0,95.0,6.71,14.26,65.8,69.6,50.2,Compost,Flood,1132.0
Maharashtra,Kharif,Black,Barley,426.0,21.9,63.0,5.79,18.57,60.3,62.7,63.4,Compost,Sprinkler,1922.4
Andhra Pradesh,Zaid,Loamy,Groundnut,805.8,27.5,46.8,7.46,5.18,110.1,44.5,31.6,Organic,Drip,1312.8
Punjab,Rabi,Red,Sugarcane,1697.1,33.2,76.5,6.04,4.83,57.6,56.3,76.9,DAP,Flood,71161.4
Madhya Pradesh,Zaid,Clay,Groundnut,583.4,23.7,65.4,8.18,14.51,46.9,67.0,39.8,Compost,Sprinkler,1231.2
Maharashtra,Zaid,Red,Barley,582.4,9.5,70.6,8.12,15.74,117.9,40.4,13.8,Urea,Flood,1640.2
Punjab,Kharif,Clay,Maize,854.9,27.4,74.3,7.18,14.32,119.6,50.8,46.4,Compost,Sprinkler,2409.5
Uttar Pradesh,Kharif,Sandy,Maize,621.2,24.0,67.3,6.58,13.31,65.3,34.9,61.7,Organic,Rain-fed,4563.7
Uttar Pradesh,Kharif,Black,Wheat,502.2,16.3,63.8,6.29,9.71,47.2,73.2,72.0,DAP,Flood,5205.4
West Bengal,Rabi,Black,Jowar,717.9,28.0,74.0,8.21,2.17,113.3,64.8,51.6,DAP,Flood,1376.2
West Bengal,Rabi,Sandy,Rice,1068.9,32.4,89.4,6.57,14.24,45.8,21.1,16.5,Compost,Drip,4763.0
West Bengal,Kharif,Loamy,Mustard,234.7,14.3,89.8,8.34,19.01,53.0,18.4,49.9,NPK,Drip,1424.0
Maharashtra,Rabi,Alluvial,Mustard,294.9,17.9,76.9,6.01,12.13,82.1,76.7,17.6,NPK,Sprinkler,1442.6
West Bengal,Zaid,Clay,Sugarcane,1083.7,34.1,65.5,7.99,4.17,143.3,28.0,68.4,NPK,Rain-fed,78986.8
Tamil Nadu,Kharif,Loamy,Mustard,296.8,19.6,88.6,6.88,2.98,64.0,69.6,44.6,Compost,Rain-fed,1913.6
Madhya Pradesh,Zaid,Laterite,Wheat,584.3,22.4,92.9,7.4,13.06,25.2,41.2,15.4,Urea,Sprinkler,3343.3
Punjab,Kharif,Clay,Maize,978.2,27.9,93.9,6.87,17.29,40.5,60.1,29.4,DAP,Flood,2413.1
Punjab,Rabi,Red,Maize,704.7,22.8,72.9,7.73,6.87,123.3,58.1,14.0,DAP,Rain-fed,4940.1
Andhra Pradesh,Kharif,Black,Soybean,1016.7,21.9,88.2,8.4,13.05,99.5,44.4,68.4,DAP,Sprinkler,2299.3
Uttar Pradesh,Kharif,Laterite,Barley,301.9,8.5,55.6,7.04,2.31,147.9,55.7,62.2,NPK,Sprinkler,2734.4
Tamil Nadu,Rabi,Sandy,Sugarcane,1330.1,29.3,83.1,7.17,1.46,46.5,31.0,27.6,Organic,Rain-fed,77686.3
Andhra Pradesh,Zaid,Loamy,Wheat,538.4,10.6,57.3,8.06,14.44,46.0,12.4,69.5,Urea,Rain-fed,3153.8
Tamil Nadu,Zaid,Alluvial,Groundnut,898.1,31.7,48.6,6.98,3.68,141.2,38.0,31.4,NPK,Flood,1522.2
West Bengal,Kharif,Loamy,Rice,1650.7,33.4,89.3,6.65,6.61,26.2,43.6,42.1,DAP,Drip,3043.7
Karnataka,Rabi,Loamy,Groundnut,554.8,32.9,91.7,6.23,2.34,73.9,69.1,68.7,Urea,Flood,2517.6
Haryana,Rabi,Clay,Soybean,728.5,25.9,56.3,6.13,14.48,26.5,36.7,62.1,DAP,Drip,3164.0
Karnataka,Kharif,Laterite,Mustard,450.4,21.3,59.3,7.43,4.74,29.9,45.4,30.0,DAP,Flood,1691.7
Uttar Pradesh,Zaid,Black,Cotton,1011.1,28.8,83.1,6.17,15.58,29.4,21.6,72.5,Organic,Flood,750.7
Andhra Pradesh,Kharif,Red,Cotton,1120.6,25.5,44.4,6.7,15.15,67.6,42.1,32.3,Compost,Rain-fed,702.7
Madhya Pradesh,Zaid,Red,Soybean,809.9,22.5,64.7,7.82,16.61,108.0,23.3,18.7,Compost,Sprinkler,2440.4
Madhya Pradesh,Kharif,Loamy,Sugarcane,1343.7,36.4,69.8,6.73,7.05,92.7,35.2,69.5,DAP,Flood,62065.1
Rajasthan,Zaid,Alluvial,Wheat,745.4,20.5,93.3,6.88,1.67,35.3,25.4,55.7,Potash,Drip,5431.4
Uttar Pradesh,Rabi,Alluvial,Maize,1082.5,27.3,49.7,7.84,17.39,91.1,68.7,65.3,NPK,Flood,6485.4
Madhya Pradesh,Kharif,Laterite,Groundnut,751.6,26.1,60.7,7.05,16.03,23.4,60.3,73.2,Urea,Sprinkler,2447.2
Andhra Pradesh,Rabi,Loamy,Soybean,1145.4,22.7,73.1,7.27,7.99,108.8,33.7,79.6,NPK,Rain-fed,1774.4
Rajasthan,Zaid,Alluvial,Cotton,968.1,27.2,77.4,8.11,6.92,27.7,23.6,25.2,Potash,Drip,891.4
Karnataka,Zaid,Red,Mustard,509.5,21.0,77.1,6.73,19.45,49.9,54.9,14.1,Organic,Rain-fed,1660.6
Punjab,Kharif,Red,Groundnut,630.9,25.5,50.5,6.55,5.59,27.2,55.9,41.0,Organic,Rain-fed,1023.5
Madhya Pradesh,Rabi,Red,Groundnut,682.2,28.4,90.0,5.6,12.23,27.5,58.5,25.5,Potash,Sprinkler,1845.8
West Bengal,Zaid,Sandy,Jowar,882.7,25.0,94.6,7.48,8.22,36.6,45.4,22.1,Urea,Sprinkler,1619.5
Maharashtra,Kharif,Sandy,Soybean,1081.2,21.7,90.3,5.93,1.94,35.3,27.5,75.1,DAP,Sprinkler,2453.6
Tamil Nadu,Rabi,Laterite,Soybean,1172.7,25.7,69.6,7.22,19.89,105.4,42.1,29.0,NPK,Flood,2460.3
Rajasthan,Kharif,Laterite,Groundnut,877.9,29.5,64.5,5.58,1.08,113.1,33.2,10.5,Potash,Flood,2403.7
Uttar Pradesh,Kharif,Loamy,Wheat,376.9,21.8,45.6,6.12,3.94,50.5,43.6,32.4,Compost,Rain-fed,4378.8
Tamil Nadu,Rabi,Red,Groundnut,483.8,23.5,60.8,7.51,16.34,109.9,68.3,64.1,Organic,Sprinkler,1308.5
Punjab,Rabi,Red,Mustard,305.9,18.1,50.1,7.19,14.72,29.0,74.7,10.4,DAP,Drip,2272.9
Maharashtra,Rabi,Clay,Wheat,676.6,14.6,44.8,6.69,3.41,147.5,78.9,43.0,Organic,Drip,3235.4
Maharashtra,Zaid,Loamy,Cotton,1032.9,37.4,57.0,5.55,19.96,75.3,30.2,10.3,Compost,Flood,436.1
Punjab,Rabi,Laterite,Wheat,298.0,19.1,69.3,6.83,10.02,22.4,74.3,60.0,Potash,Drip,6099.3
Tamil Nadu,Zaid,Laterite,Soybean,1095.1,25.0,92.6,7.3,12.78,87.0,79.7,21.2,Urea,Rain-fed,1866.2
Tamil Nadu,Zaid,Alluvial,Barley,311.3,11.0,89.5,6.38,2.13,78.3,20.1,47.2,DAP,Rain-fed,4187.3
Tamil Nadu,Kharif,Laterite,Wheat,381.9,17.5,89.5,6.37,6.76,120.7,29.3,43.7,DAP,Sprinkler,6470.3
Rajasthan,Kharif,Laterite,Jowar,378.2,31.0,55.2,5.96,18.64,35.5,23.5,64.0,Urea,Flood,2359.9
West Bengal,Kharif,Loamy,Cotton,894.3,37.9,63.5,6.87,2.99,61.2,22.2,43.8,Potash,Drip,496.7
Punjab,Kharif,Loamy,Rice,1674.7,24.6,70.7,7.87,16.34,121.8,43.1,48.5,Compost,Flood,4782.3
Maharashtra,Rabi,Red,Sugarcane,1910.4,37.5,58.7,7.39,13.87,127.0,50.0,33.0,Urea,Drip,134489.3
Maharashtra,Rabi,Laterite,Mustard,478.1,18.2,88.1,6.72,17.46,28.9,12.2,43.7,NPK,Sprinkler,2006.0
Maharashtra,Rabi,Black,Jowar,537.4,22.9,93.6,6.97,13.18,58.7,43.9,69.9,Organic,Sprinkler,1042.4
Andhra Pradesh,Kharif,Black,Sugarcane,2290.3,31.5,87.0,6.48,9.31,88.6,48.3,74.9,DAP,Rain-fed,93680.3
Punjab,Zaid,Clay,Cotton,704.0,34.4,47.6,6.15,6.9,27.9,67.4,28.4,Compost,Flood,693.0
Rajasthan,Kharif,Alluvial,Maize,644.6,29.1,45.3,8.32,11.45,57.0,24.6,49.0,Compost,Rain-fed,6099.4
Haryana,Zaid,Laterite,Wheat,553.3,14.6,87.7,6.29,5.34,21.1,60.5,46.2,Urea,Rain-fed,4473.6
West Bengal,Kharif,Black,Barley,570.2,10.0,61.2,6.58,3.4,35.4,43.0,26.6,Organic,Flood,4379.1
Karnataka,Zaid,Red,Barley,478.6,10.6,65.6,8.22,8.57,107.7,24.5,71.0,Compost,Drip,2805.1
Madhya Pradesh,Zaid,Sandy,Maize,907.1,24.6,58.1,7.02,4.45,138.0,76.5,78.6,NPK,Sprinkler,6694.6
Andhra Pradesh,Rabi,Alluvial,Wheat,301.5,21.9,57.2,7.07,15.74,148.6,44.7,47.1,Urea,Sprinkler,2375.6
Karnataka,Rabi,Red,Rice,1919.4,32.1,66.1,6.21,0.74,89.8,53.8,67.9,Potash,Rain-fed,2714.6
Maharashtra,Zaid,Alluvial,Barley,244.9,15.0,59.4,6.89,16.26,139.9,70.1,40.7,Potash,Sprinkler,1671.8
Uttar Pradesh,Kharif,Sandy,Barley,678.1,19.7,87.7,7.63,11.27,126.8,48.7,53.9,Potash,Flood,1626.6
Maharashtra,Kharif,Alluvial,Maize,629.2,27.1,61.7,5.72,4.28,28.1,20.8,72.1,Urea,Rain-fed,3989.6
Haryana,Rabi,Laterite,Groundnut,586.6,33.1,68.8,5.77,18.58,54.3,58.1,32.3,Urea,Rain-fed,1736.3
Andhra Pradesh,Rabi,Loamy,Barley,640.2,21.9,52.1,7.27,3.89,73.1,52.7,41.9,DAP,Sprinkler,4764.5
Karnataka,Zaid,Clay,Soybean,1049.8,25.5,78.4,5.69,17.68,99.4,37.1,12.0,Urea,Rain-fed,2610.3
Madhya Pradesh,Rabi,Sandy,Jowar,494.4,22.3,88.4,5.67,2.32,92.4,37.4,48.7,Compost,Drip,2623.7
West Bengal,Kharif,Red,Sugarcane,1608.0,32.7,76.3,6.37,5.95,127.0,36.1,14.7,Urea,Sprinkler,62804.7
Maharashtra,Kharif,Black,Mustard,243.2,15.6,86.1,6.36,5.79,74.3,45.6,13.7,Organic,Rain-fed,1969.0
Maharashtra,Kharif,Clay,Mustard,555.4,17.9,67.4,6.82,9.74,50.0,19.4,71.5,Urea,Drip,1801.1
Maharashtra,Rabi,Laterite,Cotton,1172.7,33.1,70.0,6.72,2.69,105.5,11.6,11.3,Urea,Drip,988.2
Punjab,Kharif,Black,Barley,248.6,16.2,52.3,5.74,1.62,37.1,19.5,45.9,Organic,Drip,2299.0
Madhya Pradesh,Kharif,Sandy,Mustard,591.4,20.3,90.9,7.14,10.9,134.3,53.2,39.8,NPK,Drip,1034.3
Rajasthan,Kharif,Laterite,Soybean,952.2,27.8,91.8,6.29,18.97,125.8,71.7,58.5,Organic,Drip,1066.6
Andhra Pradesh,Kharif,Clay,Sugarcane,2037.9,35.1,83.7,7.62,5.98,117.6,26.4,27.1,Compost,Flood,96934.2
Uttar Pradesh,Zaid,Laterite,Cotton,648.0,26.0,62.8,6.74,4.04,111.0,40.0,20.0,Organic,Rain-fed,858.7
Maharashtra,Kharif,Laterite,Rice,1357.6,22.2,44.8,7.68,1.89,56.5,49.6,21.2,DAP,Drip,3711.1
Punjab,Kharif,Red,Soybean,664.3,27.7,66.0,7.48,17.62,67.1,53.1,11.1,NPK,Sprinkler,1376.4
Haryana,Rabi,Sandy,Cotton,772.4,30.9,85.2,6.18,2.2,87.7,46.2,17.6,Urea,Drip,714.1
Haryana,Zaid,Alluvial,Cotton,724.1,35.3,71.6,7.9,14.84,36.5,50.9,37.6,DAP,Flood,600.8
Punjab,Kharif,Laterite,Jowar,591.4,32.9,89.1,8.41,17.62,116.7,59.0,42.2,Potash,Sprinkler,1329.4
Karnataka,Kharif,Black,Cotton,909.4,32.4,46.9,7.17,7.63,37.7,59.5,30.5,Urea,Rain-fed,594.4
Karnataka,Kharif,Black,Sugarcane,1990.3,36.9,73.0,6.76,2.95,143.0,64.0,16.1,Organic,Drip,61605.5
Rajasthan,Zaid,Clay,Wheat,376.7,14.2,60.8,8.44,6.36,118.6,71.6,71.5,Urea,Drip,3770.4
Punjab,Kharif,Alluvial,Sugarcane,1900.1,31.0,67.5,7.26,16.15,47.4,62.0,51.5,Organic,Drip,130945.1
Karnataka,Kharif,Sandy,Barley,547.7,15.7,92.9,5.74,3.82,83.8,22.5,30.0,Potash,Flood,4072.0
Madhya Pradesh,Rabi,Black,Wheat,494.9,12.9,92.0,6.78,11.93,87.4,27.6,36.7,Urea,Rain-fed,3306.7
Uttar Pradesh,Rabi,Loamy,Barley,644.6,12.7,59.8,7.1,12.87,140.2,38.0,31.5,Organic,Rain-fed,4309.8
Haryana,Kharif,Loamy,Wheat,312.1,23.1,43.6,8.09,12.81,110.3,69.3,16.1,DAP,Sprinkler,4136.5
Maharashtra,Rabi,Laterite,Maize,780.6,20.3,82.0,8.26,14.13,108.0,28.7,58.2,DAP,Drip,5351.9
West Bengal,Kharif,Laterite,Rice,921.7,23.6,86.0,5.69,15.5,144.6,11.9,10.1,DAP,Flood,3275.9
Karnataka,Rabi,Red,Rice,1787.7,31.3,50.5,7.58,11.48,100.6,44.9,16.5,NPK,Sprinkler,4862.8
Andhra Pradesh,Kharif,Sandy,Wheat,434.7,11.1,76.6,6.54,16.02,128.9,43.9,15.9,DAP,Sprinkler,3840.7
Rajasthan,Rabi,Loamy,Jowar,684.5,32.2,71.5,6.47,14.25,90.4,64.7,14.3,DAP,Rain-fed,1258.4
Rajasthan,Kharif,Red,Barley,579.9,14.9,73.0,5.87,13.25,78.3,25.9,69.5,Organic,Rain-fed,2765.2
Punjab,Kharif,Sandy,Jowar,859.0,27.1,62.9,7.41,2.51,82.4,73.0,55.5,Potash,Drip,2525.9
Uttar Pradesh,Zaid,Loamy,Barley,556.8,16.4,47.3,8.39,2.09,66.9,61.5,46.3,Organic,Drip,3111.2
Punjab,Rabi,Laterite,Groundnut,563.7,31.6,94.1,7.35,7.86,43.2,27.3,16.0,NPK,Sprinkler,2660.9
Tamil Nadu,Kharif,Laterite,Wheat,658.6,19.2,45.9,8.08,2.83,67.6,76.0,73.6,NPK,Rain-fed,2844.3
Andhra Pradesh,Zaid,Alluvial,Wheat,655.0,11.1,49.8,6.38,9.85,25.2,12.0,76.9,Organic,Flood,3373.1
Karnataka,Kharif,Sandy,Rice,919.9,23.9,84.1,6.01,13.45,93.5,31.3,25.4,Potash,Flood,2177.6
Haryana,Zaid,Black,Soybean,917.7,22.4,46.1,7.76,13.94,69.5,20.9,62.7,NPK,Drip,2411.1
West Bengal,Kharif,Loamy,Groundnut,567.0,28.0,91.1,6.64,1.01,112.1,20.4,51.8,NPK,Rain-fed,2430.1
Rajasthan,Rabi,Red,Mustard,599.0,13.2,94.1,6.24,14.64,121.8,62.5,15.9,Urea,Rain-fed,874.4
Madhya Pradesh,Kharif,Laterite,Jowar,631.8,23.6,68.9,7.49,8.32,52.9,23.6,78.4,NPK,Sprinkler,2361.9
Punjab,Rabi,Loamy,Barley,606.4,21.2,60.9,6.14,2.49,81.0,68.3,25.8,Urea,Flood,3510.1
Andhra Pradesh,Zaid,Black,Mustard,541.8,22.8,67.8,8.25,3.13,66.2,57.4,54.4,Organic,Sprinkler,1373.2
Punjab,Zaid,Loamy,Groundnut,468.0,34.9,58.9,6.14,10.74,41.5,49.1,30.6,NPK,Flood,1194.6
Andhra Pradesh,Zaid,Sandy,Cotton,1111.3,27.2,70.2,7.03,18.87,69.4,17.2,44.6,Compost,Flood,727.1
Rajasthan,Zaid,Laterite,Jowar,544.5,27.6,90.1,8.41,3.6,130.7,75.4,11.0,NPK,Flood,1617.0
Tamil Nadu,Rabi,Laterite,Wheat,276.5,11.1,79.8,6.71,19.37,26.1,33.1,49.5,Urea,Sprinkler,2916.9
Maharashtra,Rabi,Alluvial,Maize,506.4,23.6,65.5,8.22,4.08,34.0,61.7,74.3,Compost,Sprinkler,3223.6
Punjab,Rabi,Alluvial,Cotton,517.5,25.8,55.5,8.19,3.66,63.3,70.7,76.4,Urea,Rain-fed,898.5
Madhya Pradesh,Kharif,Black,Mustard,440.3,13.0,66.9,6.28,6.6,28.4,10.8,19.1,Organic,Flood,994.2
Andhra Pradesh,Rabi,Loamy,Jowar,764.4,27.8,59.9,7.62,2.29,125.1,57.8,54.2,Organic,Rain-fed,1191.6
Punjab,Zaid,Sandy,Mustard,378.3,16.1,61.4,7.27,11.62,44.6,69.2,46.1,Organic,Flood,1273.7
Madhya Pradesh,Rabi,Clay,Rice,1985.6,27.4,57.7,7.3,4.91,32.5,29.8,34.4,NPK,Drip,5698.2
Maharashtra,Kharif,Clay,Soybean,998.5,25.6,68.5,8.16,11.79,90.1,20.6,57.2,DAP,Sprinkler,2847.2
Madhya Pradesh,Rabi,Laterite,Jowar,683.6,34.8,46.0,8.24,6.94,31.0,19.0,57.6,Organic,Rain-fed,2302.8
Karnataka,Zaid,Alluvial,Maize,557.6,19.6,87.7,7.26,19.92,82.2,64.3,19.9,NPK,Drip,6841.7
Karnataka,Rabi,Laterite,Groundnut,575.1,25.0,88.7,6.05,14.93,71.3,12.5,77.3,Organic,Flood,1893.0
Karnataka,Zaid,Red,Mustard,322.4,17.8,74.9,6.47,7.8,63.5,55.3,11.2,Potash,Sprinkler,2111.9
Madhya Pradesh,Zaid,Laterite,Jowar,567.6,29.9,50.4,7.05,14.38,62.1,45.7,53.4,Organic,Sprinkler,1888.3
Karnataka,Rabi,Red,Jowar,565.1,24.8,72.5,6.17,10.88,46.4,76.6,27.1,Potash,Sprinkler,992.0
Rajasthan,Rabi,Alluvial,Maize,1062.3,25.0,42.2,5.65,14.5,81.9,69.0,35.8,Organic,Drip,3562.8
Uttar Pradesh,Kharif,Red,Cotton,1174.6,28.2,94.1,6.61,2.84,96.9,77.2,39.0,Compost,Sprinkler,410.3
Maharashtra,Zaid,Loamy,Sugarcane,2188.4,31.3,84.8,7.37,17.32,69.5,17.9,25.1,NPK,Sprinkler,88618.4
West Bengal,Zaid,Laterite,Maize,1022.8,18.3,52.5,7.93,12.39,29.2,42.6,75.6,NPK,Sprinkler,4798.1
Tamil Nadu,Kharif,Sandy,Rice,1305.4,32.3,47.8,6.32,11.45,147.1,43.1,21.1,Organic,Rain-fed,5240.5
Rajasthan,Zaid,Alluvial,Wheat,395.9,13.7,72.1,6.99,16.14,55.1,19.1,39.8,DAP,Sprinkler,2180.2
Haryana,Rabi,Clay,Barley,319.9,15.7,44.0,7.47,19.09,148.3,34.6,26.9,Urea,Rain-fed,1724.9
Rajasthan,Zaid,Black,Groundnut,402.7,29.3,57.8,6.56,12.17,120.7,77.6,44.4,DAP,Flood,1894.3
Maharashtra,Kharif,Sandy,Groundnut,593.0,28.7,91.7,6.8,18.39,42.5,43.4,46.8,Urea,Flood,1401.1
Haryana,Rabi,Clay,Rice,1318.5,30.8,82.0,6.08,2.21,144.3,67.3,49.4,Urea,Drip,2491.3
West Bengal,Kharif,Alluvial,Sugarcane,1086.8,30.4,45.8,5.82,8.33,102.9,64.7,13.5,Organic,Sprinkler,98370.9
Tamil Nadu,Kharif,Sandy,Jowar,735.2,27.3,93.3,6.43,13.81,142.5,39.0,15.4,DAP,Flood,1135.6
Rajasthan,Zaid,Red,Rice,1334.5,23.9,91.4,5.78,16.17,50.0,62.9,61.0,Organic,Sprinkler,2559.6
Andhra Pradesh,Kharif,Red,Mustard,404.8,11.7,52.0,7.02,3.25,55.8,62.2,59.0,Organic,Drip,951.7
Tamil Nadu,Kharif,Laterite,Wheat,622.3,18.6,44.1,7.69,9.6,62.4,52.9,72.4,DAP,Sprinkler,4067.1
Tamil Nadu,Zaid,Black,Cotton,648.2,24.3,67.0,7.36,11.39,49.1,72.2,58.2,Potash,Rain-fed,440.9
Karnataka,Rabi,Clay,Mustard,563.4,12.5,54.3,6.87,9.06,130.0,64.7,71.1,NPK,Drip,1695.2
Karnataka,Kharif,Black,Sugarcane,1631.7,27.6,47.4,7.8,7.26,142.3,56.0,58.1,NPK,Rain-fed,122359.9
Punjab,Rabi,Alluvial,Barley,335.1,19.7,49.4,5.64,4.33,84.4,14.4,41.0,Potash,Flood,2936.3
Tamil Nadu,Rabi,Clay,Mustard,567.7,12.5,70.7,6.74,15.6,92.7,32.6,48.6,Organic,Sprinkler,1473.4
Haryana,Zaid,Clay,Mustard,485.1,13.8,49.8,7.47,1.02,135.8,42.3,45.6,Potash,Drip,2404.9
Tamil Nadu,Kharif,Laterite,Maize,845.9,20.4,71.9,7.96,19.96,48.8,62.4,47.6,NPK,Drip,4355.5
Haryana,Zaid,Black,Rice,1424.8,33.2,47.2,7.6,13.37,72.7,55.3,48.5,Potash,Flood,2639.9
Maharashtra,Rabi,Alluvial,Cotton,856.0,28.8,86.7,8.14,19.88,43.4,57.9,74.4,Organic,Sprinkler,313.4
Andhra Pradesh,Rabi,Alluvial,Sugarcane,1609.7,37.4,61.1,8.32,17.28,35.7,12.0,17.7,Urea,Drip,126953.7
Andhra Pradesh,Rabi,Laterite,Soybean,612.4,20.8,86.9,7.15,8.57,42.0,12.5,22.5,Compost,Rain-fed,2036.7
West Bengal,Kharif,Sandy,Sugarcane,1676.3,35.0,64.4,8.44,18.4,40.9,16.3,47.2,NPK,Rain-fed,108718.9
Tamil Nadu,Kharif,Laterite,Rice,1407.0,29.9,78.7,7.56,3.41,101.7,69.5,27.9,Organic,Drip,3900.7
Uttar Pradesh,Rabi,Red,Barley,406.7,9.9,55.8,7.61,12.31,69.2,33.2,10.7,Compost,Flood,1928.1
Tamil Nadu,Zaid,Laterite,Barley,310.7,14.9,49.5,7.44,5.72,28.3,66.6,37.5,Organic,Sprinkler,3833.6
Rajasthan,Zaid,Loamy,Barley,445.3,19.4,51.2,8.29,1.81,21.6,32.2,47.9,Urea,Flood,3257.6
Tamil Nadu,Rabi,Red,Rice,947.8,32.4,54.6,8.07,12.73,73.1,39.2,20.4,Compost,Flood,3086.0
Maharashtra,Kharif,Loamy,Cotton,977.2,26.7,58.7,7.05,14.35,94.2,30.4,68.7,Organic,Rain-fed,872.4
Andhra Pradesh,Kharif,Clay,Wheat,290.5,19.8,68.4,6.27,5.61,23.0,47.8,78.0,Organic,Flood,2263.7
Punjab,Kharif,Red,Groundnut,865.5,31.8,61.1,6.64,4.41,123.1,78.3,36.0,Compost,Rain-fed,951.9
Punjab,Rabi,Laterite,Groundnut,890.5,33.5,88.0,6.91,19.67,22.5,65.7,47.1,Urea,Flood,1804.6
Punjab,Kharif,Alluvial,Cotton,902.0,27.5,46.7,5.63,5.24,63.0,18.8,74.3,Compost,Drip,1059.3
Madhya Pradesh,Rabi,Loamy,Jowar,438.9,26.4,61.8,7.37,18.79,94.7,44.5,73.7,Organic,Flood,2091.5
Punjab,Rabi,Red,Groundnut,703.5,24.2,70.9,6.44,7.56,90.3,26.7,30.8,Urea,Flood,1809.9
Maharashtra,Kharif,Alluvial,Jowar,361.9,32.9,78.8,7.38,5.89,52.6,61.1,32.4,DAP,Sprinkler,1391.5
Madhya Pradesh,Kharif,Red,Mustard,258.9,19.5,91.9,6.38,13.66,60.9,69.1,65.1,Organic,Rain-fed,1123.6
Maharashtra,Zaid,Black,Groundnut,681.1,32.1,49.9,8.09,1.5,122.8,41.1,24.3,NPK,Flood,2600.6
Andhra Pradesh,Rabi,Laterite,Wheat,337.3,13.7,69.4,6.11,13.75,22.8,43.5,47.9,DAP,Sprinkler,3508.1
Uttar Pradesh,Rabi,Alluvial,Jowar,559.5,33.5,83.2,6.24,15.36,101.7,39.3,13.4,Compost,Sprinkler,2177.5
Maharashtra,Kharif,Loamy,Barley,468.7,18.7,75.0,8.22,13.97,109.1,71.0,25.6,Organic,Drip,3382.0
Punjab,Kharif,Red,Rice,1645.5,24.9,72.8,7.06,9.05,58.0,29.6,60.7,Compost,Flood,4963.4
Haryana,Zaid,Clay,Sugarcane,1769.8,37.9,84.0,7.94,3.45,58.4,25.2,78.3,Organic,Flood,78086.0
Rajasthan,Zaid,Loamy,Rice,1650.8,23.4,43.7,6.9,19.63,76.2,72.5,51.4,Potash,Drip,4082.5
Madhya Pradesh,Rabi,Laterite,Groundnut,846.1,30.7,64.4,6.85,6.58,26.8,72.0,39.1,Organic,Flood,2357.5
Uttar Pradesh,Zaid,Black,Jowar,637.3,34.3,94.6,8.18,11.22,77.6,38.3,41.0,Compost,Flood,1717.4
Karnataka,Kharif,Clay,Wheat,415.2,12.4,79.5,6.29,4.21,35.3,36.9,17.2,Urea,Rain-fed,3839.1
Tamil Nadu,Zaid,Sandy,Cotton,1048.5,23.8,44.3,7.72,13.79,142.4,77.2,33.4,NPK,Rain-fed,425.4
Karnataka,Zaid,Clay,Maize,601.7,25.0,75.6,6.1,3.15,70.6,63.3,42.2,Organic,Sprinkler,2004.5
Punjab,Zaid,Red,Rice,1875.2,33.1,65.4,8.29,15.34,95.2,31.7,45.6,NPK,Rain-fed,5011.4
West Bengal,Kharif,Red,Wheat,285.5,17.4,66.3,7.43,10.37,141.2,55.5,32.2,NPK,Drip,6965.6
Uttar Pradesh,Zaid,Sandy,Maize,1130.6,31.9,45.5,7.6,8.31,132.8,13.8,75.5,Potash,Sprinkler,2082.5
Haryana,Rabi,Red,Jowar,817.0,24.7,50.6,6.35,10.54,20.6,12.8,63.7,Urea,Sprinkler,1033.6
Andhra Pradesh,Kharif,Clay,Sugarcane,2106.8,36.6,43.0,5.81,9.99,57.0,62.2,64.2,Potash,Flood,117889.2
Punjab,Kharif,Alluvial,Barley,267.8,9.7,65.4,6.27,12.63,67.6,17.4,51.5,Urea,Drip,3687.4
Tamil Nadu,Zaid,Loamy,Mustard,237.9,14.3,79.6,6.3,17.02,56.4,49.2,40.8,Compost,Drip,1033.0
Andhra Pradesh,Kharif,Red,Jowar,632.1,27.4,75.7,7.11,1.65,21.3,56.3,45.6,NPK,Sprinkler,1265.9
Haryana,Kharif,Sandy,Barley,631.0,13.2,66.8,6.21,1.2,29.9,18.4,15.7,Compost,Rain-fed,4362.7
Uttar Pradesh,Rabi,Laterite,Groundnut,534.9,31.1,50.6,5.88,10.53,108.6,25.0,44.9,DAP,Drip,2879.7
Madhya Pradesh,Zaid,Alluvial,Maize,1079.9,20.8,50.0,5.58,9.61,40.7,66.4,35.2,NPK,Drip,5680.9
Uttar Pradesh,Rabi,Clay,Jowar,721.4,22.9,85.8,6.83,5.04,64.3,66.1,29.2,Urea,Sprinkler,947.5
Tamil Nadu,Zaid,Clay,Soybean,1107.9,20.1,61.3,7.62,3.23,29.5,60.2,32.7,Compost,Sprinkler,1677.1
Uttar Pradesh,Zaid,Black,Maize,939.5,22.7,86.9,7.72,11.77,109.3,11.3,66.3,Urea,Sprinkler,3074.6
Uttar Pradesh,Zaid,Alluvial,Mustard,441.5,23.9,74.4,6.69,1.31,103.3,39.7,31.2,Compost,Rain-fed,1134.3
West Bengal,Kharif,Red,Jowar,454.5,28.8,81.7,6.26,2.48,32.8,78.7,71.3,Urea,Rain-fed,1827.3
Uttar Pradesh,Rabi,Black,Wheat,734.8,23.8,69.8,6.49,2.88,138.5,13.9,35.6,DAP,Sprinkler,2889.5
Karnataka,Rabi,Red,Rice,1286.2,22.0,72.5,6.72,12.91,72.9,10.3,69.1,NPK,Flood,3305.2
Uttar Pradesh,Kharif,Clay,Mustard,391.4,16.0,81.1,6.71,19.61,48.4,10.2,44.4,Compost,Sprinkler,1397.6
Haryana,Zaid,Clay,Maize,1104.9,19.3,40.6,6.67,5.56,94.8,40.2,18.4,Urea,Sprinkler,2346.3
Haryana,Rabi,Clay,Soybean,813.4,20.9,43.3,7.27,3.17,120.8,10.4,40.1,Potash,Sprinkler,2315.6
Karnataka,Rabi,Black,Groundnut,789.7,27.5,60.7,7.62,10.01,107.2,50.1,77.7,Compost,Rain-fed,2122.7
Tamil Nadu,Rabi,Laterite,Sugarcane,1475.2,25.7,70.1,8.22,6.41,82.2,21.0,29.0,Organic,Flood,120623.5
Punjab,Kharif,Clay,Mustard,335.7,23.5,68.1,7.94,0.92,30.3,74.2,20.0,DAP,Sprinkler,1494.2
Karnataka,Rabi,Laterite,Maize,794.1,25.6,87.5,5.78,19.62,23.4,38.9,20.9,Urea,Flood,4402.5
Tamil Nadu,Rabi,Loamy,Maize,1013.3,29.7,71.0,7.13,15.31,106.2,78.6,68.0,NPK,Drip,2824.4
Haryana,Kharif,Loamy,Barley,430.5,11.2,46.8,8.15,18.67,22.4,67.1,43.4,Compost,Sprinkler,1689.0
Andhra Pradesh,Kharif,Alluvial,Groundnut,666.8,25.2,47.0,8.25,19.15,49.9,51.4,20.5,Potash,Rain-fed,1145.5
Tamil Nadu,Rabi,Laterite,Rice,1918.9,26.5,47.1,7.54,11.22,51.2,44.7,33.1,DAP,Sprinkler,3394.5
Karnataka,Rabi,Alluvial,Wheat,395.5,11.3,72.4,7.71,12.99,84.9,71.9,23.0,Compost,Flood,3250.7
West Bengal,Kharif,Alluvial,Wheat,322.3,21.4,51.5,7.75,1.25,138.3,58.3,65.5,NPK,Drip,6570.3
Haryana,Kharif,Loamy,Mustard,423.8,11.6,40.8,7.37,13.32,132.0,47.5,11.4,DAP,Rain-fed,1965.6
Madhya Pradesh,Kharif,Alluvial,Rice,1514.0,31.0,63.0,8.18,2.53,46.7,41.7,34.8,DAP,Sprinkler,4660.1
Madhya Pradesh,Rabi,Black,Groundnut,699.4,27.7,69.3,7.34,17.9,133.9,75.4,16.3,Potash,Drip,2750.7
Maharashtra,Kharif,Clay,Cotton,774.5,32.0,71.8,7.84,1.5,68.7,50.7,27.7,Potash,Rain-fed,727.8
Tamil Nadu,Kharif,Clay,Groundnut,669.8,34.9,55.9,6.59,1.58,41.2,72.6,69.2,Urea,Flood,855.5
Maharashtra,Rabi,Red,Barley,399.7,8.7,70.4,7.76,15.8,56.4,22.3,13.8,Potash,Flood,2911.6
Haryana,Zaid,Laterite,Maize,607.8,25.1,46.8,6.11,14.81,34.5,25.0,11.4,DAP,Flood,2240.3
Andhra Pradesh,Zaid,Clay,Rice,982.8,22.6,45.5,5.58,1.47,107.1,53.4,47.9,Compost,Drip,2688.4
West Bengal,Rabi,Red,Jowar,354.4,26.6,54.5,8.18,11.56,73.1,72.1,74.2,Urea,Drip,1757.1
Punjab,Kharif,Red,Jowar,581.9,29.9,46.2,6.58,10.14,58.2,74.7,73.2,NPK,Sprinkler,2295.3
Punjab,Kharif,Black,Sugarcane,1409.1,32.2,75.3,7.08,14.66,34.2,27.9,65.6,NPK,Sprinkler,106291.9
Madhya Pradesh,Rabi,Loamy,Groundnut,647.9,26.5,75.2,5.98,4.07,129.4,65.3,33.1,Urea,Flood,1705.8
Andhra Pradesh,Zaid,Loamy,Cotton,990.1,25.0,78.9,6.74,5.69,127.0,35.0,22.0,Organic,Flood,714.0
Rajasthan,Kharif,Alluvial,Sugarcane,1070.8,26.9,82.8,5.59,3.47,125.7,26.6,26.1,Urea,Sprinkler,58246.1
Tamil Nadu,Zaid,Laterite,Wheat,718.4,21.1,71.6,8.32,16.06,103.1,66.8,34.6,Organic,Sprinkler,2900.6
Maharashtra,Kharif,Laterite,Mustard,339.6,14.2,69.6,6.26,19.22,129.5,24.3,55.4,Compost,Flood,1828.2
Andhra Pradesh,Rabi,Sandy,Sugarcane,2259.5,33.8,54.6,6.28,11.46,42.7,10.7,52.9,Compost,Sprinkler,127678.0
Rajasthan,Zaid,Loamy,Sugarcane,1447.1,29.2,49.6,7.79,4.2,144.4,17.4,44.9,DAP,Flood,60592.2
Haryana,Kharif,Alluvial,Groundnut,694.5,26.1,88.0,7.61,6.36,118.1,61.4,20.4,Organic,Flood,1412.0
Madhya Pradesh,Kharif,Loamy,Maize,990.5,24.8,43.2,7.16,6.07,26.5,71.3,52.0,Urea,Sprinkler,2080.9
Andhra Pradesh,Zaid,Loamy,Groundnut,699.3,24.4,75.5,7.56,6.87,107.4,79.8,38.9,NPK,Flood,1138.8
Rajasthan,Kharif,Sandy,Sugarcane,2269.3,33.4,78.6,7.43,17.6,51.6,19.6,43.0,Compost,Sprinkler,88940.0
Tamil Nadu,Rabi,Sandy,Soybean,1182.2,25.5,94.1,7.95,19.01,76.0,16.8,19.6,Urea,Sprinkler,1355.9
Punjab,Rabi,Loamy,Rice,970.2,31.4,44.6,7.14,6.47,96.9,30.0,47.0,Organic,Drip,4354.3
Punjab,Rabi,Alluvial,Rice,1892.4,34.5,88.3,7.3,12.61,86.2,35.0,19.7,Urea,Rain-fed,3466.0
Andhra Pradesh,Zaid,Red,Rice,1112.4,23.2,68.5,8.16,10.65,67.7,38.0,75.3,Compost,Rain-fed,2701.2
Punjab,Kharif,Red,Cotton,815.7,27.5,48.5,8.36,18.63,74.9,69.0,54.0,DAP,Flood,468.5
West Bengal,Rabi,Clay,Soybean,1127.0,28.6,64.1,8.03,16.46,124.8,46.8,78.5,Compost,Drip,2331.1
Maharashtra,Zaid,Sandy,Rice,1819.7,26.4,83.7,6.35,13.09,65.5,22.7,45.2,NPK,Flood,4369.2
Karnataka,Zaid,Laterite,Sugarcane,1485.2,29.9,61.2,6.13,16.35,146.1,72.1,78.4,NPK,Flood,86757.3
Andhra Pradesh,Kharif,Red,Maize,707.8,31.1,88.1,7.76,14.09,108.9,23.2,55.4,Compost,Rain-fed,4010.0
Maharashtra,Zaid,Clay,Mustard,387.5,22.5,84.4,6.4,11.76,115.0,14.5,69.8,NPK,Rain-fed,980.0
Rajasthan,Rabi,Sandy,Groundnut,559.8,22.4,49.1,6.82,16.67,33.6,66.3,44.5,NPK,Drip,1555.0
Karnataka,Kharif,Laterite,Groundnut,616.6,24.2,40.2,8.21,8.95,130.6,50.1,16.8,Potash,Drip,1139.0
Madhya Pradesh,Rabi,Loamy,Groundnut,417.9,23.6,56.7,7.86,14.76,68.4,25.9,46.1,Organic,Drip,2460.5
Tamil Nadu,Rabi,Sandy,Groundnut,686.9,32.6,83.4,5.81,2.28,35.3,57.9,62.3,Organic,Drip,1052.4
Punjab,Zaid,Black,Jowar,511.8,33.6,85.8,7.22,17.48,116.0,21.9,30.0,Potash,Drip,1968.2
Karnataka,Zaid,Laterite,Cotton,538.4,33.2,65.4,6.94,12.74,36.5,44.9,77.7,Compost,Rain-fed,824.2
West Bengal,Zaid,Alluvial,Cotton,930.7,23.0,45.9,6.48,8.91,124.1,76.4,19.6,Organic,Flood,983.8
Uttar Pradesh,Kharif,Black,Maize,918.7,26.6,92.5,7.91,2.92,141.0,12.4,13.0,Organic,Drip,5744.4
Rajasthan,Zaid,Sandy,Mustard,598.4,18.1,62.9,5.63,17.38,97.2,28.8,12.0,Potash,Flood,694.7
Rajasthan,Kharif,Laterite,Sugarcane,2254.2,24.6,51.4,6.9,19.83,65.8,32.4,27.0,Organic,Drip,68134.0
Maharashtra,Zaid,Red,Maize,1075.6,22.0,80.5,6.36,12.06,107.3,22.3,29.8,Urea,Drip,3042.4
Karnataka,Zaid,Loamy,Groundnut,699.8,23.7,56.5,7.42,19.32,47.9,58.7,53.1,NPK,Sprinkler,1387.3
West Bengal,Kharif,Alluvial,Rice,1618.1,32.5,80.2,7.13,16.42,54.3,78.0,76.5,Potash,Sprinkler,4950.6
Karnataka,Kharif,Loamy,Cotton,739.1,29.9,53.2,8.36,10.11,141.1,25.0,19.9,DAP,Sprinkler,850.7
Maharashtra,Zaid,Red,Wheat,551.4,15.3,77.3,7.45,11.86,74.0,19.3,47.7,Urea,Drip,5218.4
Punjab,Kharif,Red,Mustard,307.9,12.4,47.4,6.62,9.32,65.2,17.1,65.3,Organic,Drip,854.9
Maharashtra,Kharif,Red,Cotton,1046.6,29.9,46.4,6.95,10.08,121.2,17.0,56.9,Organic,Drip,681.5
Madhya Pradesh,Rabi,Sandy,Barley,430.5,11.3,92.2,6.68,7.48,142.0,66.1,25.5,DAP,Flood,2497.6
Madhya Pradesh,Zaid,Loamy,Rice,1092.1,30.5,91.7,7.91,18.72,35.3,61.1,10.2,Organic,Rain-fed,3741.8
Haryana,Rabi,Laterite,Soybean,629.4,27.5,56.3,7.88,1.66,112.8,22.2,36.1,Urea,Drip,2048.6
Maharashtra,Zaid,Red,Rice,1197.5,31.1,51.9,5.96,2.84,137.9,43.8,48.4,Compost,Sprinkler,5013.3
Karnataka,Rabi,Sandy,Wheat,369.7,15.2,74.8,5.92,19.76,148.1,73.7,69.9,Urea,Drip,4992.4
Tamil Nadu,Kharif,Alluvial,Rice,1996.3,34.7,49.6,6.25,18.16,148.9,12.5,18.4,Organic,Sprinkler,2808.2
Andhra Pradesh,Kharif,Loamy,Soybean,644.2,20.3,94.6,5.99,7.17,114.4,72.1,22.9,NPK,Drip,2166.5
Haryana,Kharif,Alluvial,Barley,347.0,9.5,86.4,7.32,17.25,88.1,58.6,72.7,Urea,Drip,2726.0
Haryana,Rabi,Red,Barley,449.8,8.6,87.5,6.57,4.25,104.1,35.4,62.1,Compost,Sprinkler,2453.7
Rajasthan,Kharif,Red,Sugarcane,1172.9,24.9,61.6,7.22,19.74,59.0,55.4,59.1,NPK,Sprinkler,127724.5
Andhra Pradesh,Zaid,Red,Sugarcane,2251.9,24.1,60.1,5.67,19.07,130.5,47.1,26.0,Compost,Sprinkler,68952.9
Uttar Pradesh,Zaid,Laterite,Sugarcane,1341.1,26.5,75.8,8.12,6.78,139.7,36.1,56.8,Urea,Drip,109583.2
Haryana,Rabi,Laterite,Rice,1210.6,27.1,68.1,7.14,2.0,74.6,72.3,72.0,Urea,Rain-fed,4594.0
West Bengal,Rabi,Alluvial,Jowar,719.2,32.2,68.0,7.25,6.19,115.8,29.2,54.8,Compost,Flood,1663.4
Karnataka,Zaid,Red,Barley,442.8,19.7,52.1,6.98,6.19,100.1,15.2,45.6,DAP,Flood,2919.6
Haryana,Zaid,Alluvial,Barley,318.7,9.9,64.1,6.7,12.81,73.7,22.7,50.7,DAP,Flood,4313.2
Rajasthan,Rabi,Red,Jowar,490.0,31.7,71.0,7.06,9.74,116.5,50.3,42.0,DAP,Rain-fed,981.9
Rajasthan,Zaid,Alluvial,Groundnut,589.5,31.6,53.0,5.91,11.73,80.7,67.4,46.4,Urea,Rain-fed,1751.2
Andhra Pradesh,Zaid,Laterite,Cotton,1186.6,30.9,59.7,6.71,7.61,64.3,66.2,44.4,DAP,Flood,661.6
Haryana,Rabi,Alluvial,Wheat,574.9,14.0,63.2,8.32,1.1,37.3,47.9,22.4,Potash,Sprinkler,4652.5
Uttar Pradesh,Rabi,Alluvial,Soybean,1041.9,20.9,85.3,5.99,13.73,50.2,16.1,78.6,Organic,Rain-fed,1373.1
Uttar Pradesh,Zaid,Black,Rice,1432.1,25.0,72.1,8.22,18.76,122.6,77.0,28.7,Potash,Rain-fed,4125.2
Uttar Pradesh,Kharif,Black,Groundnut,835.1,26.0,64.5,8.02,12.75,116.6,60.9,28.5,DAP,Flood,2016.9
Madhya Pradesh,Rabi,Loamy,Cotton,610.0,26.5,74.8,6.45,2.1,133.0,73.7,39.4,Compost,Rain-fed,674.8
Tamil Nadu,Rabi,Alluvial,Groundnut,663.4,31.7,73.6,8.19,18.26,120.5,71.4,71.3,Compost,Rain-fed,1510.6
Karnataka,Zaid,Alluvial,Maize,500.5,25.0,59.9,7.98,3.39,59.2,20.7,70.1,Compost,Rain-fed,2515.2
Andhra Pradesh,Rabi,Laterite,Groundnut,874.6,23.0,49.1,8.33,16.57,77.9,15.1,33.1,Compost,Drip,1680.0
Andhra Pradesh,Rabi,Alluvial,Soybean,737.8,28.8,72.3,6.01,14.36,143.4,54.1,35.4,DAP,Rain-fed,2459.2
Haryana,Kharif,Black,Sugarcane,1625.5,30.3,40.7,6.38,3.26,56.0,63.4,77.9,Organic,Flood,92451.9
West Bengal,Rabi,Sandy,Groundnut,540.3,28.7,65.6,6.84,0.89,46.2,16.4,68.9,NPK,Sprinkler,1909.5
Maharashtra,Kharif,Laterite,Rice,1586.1,22.9,74.3,7.65,3.34,43.5,65.9,21.3,Potash,Sprinkler,4289.6
Madhya Pradesh,Kharif,Clay,Wheat,451.6,15.1,45.9,6.72,13.7,34.2,20.0,55.1,DAP,Rain-fed,6026.1
Haryana,Zaid,Red,Barley,410.8,13.5,42.9,5.88,3.26,90.6,76.1,70.3,NPK,Rain-fed,3007.6
Karnataka,Kharif,Black,Barley,234.2,20.0,47.7,6.17,5.32,43.9,52.1,61.4,Compost,Rain-fed,2448.6
Karnataka,Zaid,Black,Rice,1821.4,26.8,47.0,6.99,7.28,134.5,43.1,72.2,Urea,Flood,3267.4
West Bengal,Kharif,Loamy,Groundnut,481.3,22.7,60.0,6.86,9.07,64.0,21.8,35.6,DAP,Drip,3095.6
Tamil Nadu,Rabi,Loamy,Jowar,700.6,27.2,58.4,8.24,5.09,66.6,36.2,48.7,Organic,Rain-fed,1525.4
Rajasthan,Rabi,Clay,Barley,667.9,11.0,65.5,5.83,7.36,121.0,41.3,13.9,Potash,Flood,3235.9
Punjab,Rabi,Clay,Sugarcane,1039.2,32.6,81.6,8.47,12.07,41.1,13.2,35.6,Organic,Flood,114890.9
Madhya Pradesh,Rabi,Clay,Maize,792.1,28.4,88.8,6.29,6.64,97.2,45.1,19.1,Compost,Rain-fed,6632.6
West Bengal,Rabi,Loamy,Mustard,341.1,10.7,80.6,6.79,1.39,48.4,25.0,36.4,Potash,Rain-fed,1786.1
Madhya Pradesh,Rabi,Sandy,Groundnut,493.1,23.9,40.8,5.67,16.8,68.5,61.8,18.0,Potash,Sprinkler,1231.8
Maharashtra,Rabi,Laterite,Cotton,813.4,25.2,66.7,8.38,10.64,87.4,70.2,47.7,NPK,Rain-fed,877.4
Uttar Pradesh,Kharif,Clay,Barley,473.0,12.0,64.2,7.93,16.67,91.9,39.1,50.0,Compost,Drip,3501.6
Tamil Nadu,Kharif,Laterite,Soybean,615.7,28.3,42.6,8.37,14.05,107.1,69.2,71.0,NPK,Drip,1030.2
Karnataka,Zaid,Red,Barley,669.4,18.7,53.2,6.97,17.37,97.9,14.2,69.4,Urea,Sprinkler,4110.5
Uttar Pradesh,Kharif,Alluvial,Cotton,505.0,23.3,44.2,7.65,8.77,90.9,58.9,47.0,Compost,Rain-fed,383.5
Rajasthan,Rabi,Red,Groundnut,564.7,25.0,44.7,7.92,8.73,105.6,64.1,79.0,Urea,Drip,1143.5
Punjab,Kharif,Alluvial,Maize,910.2,22.4,74.8,7.69,14.12,83.2,56.4,75.2,Potash,Sprinkler,3843.1
West Bengal,Rabi,Clay,Sugarcane,1384.2,31.7,77.0,8.41,18.04,123.1,35.5,51.0,Compost,Flood,87233.4
Tamil Nadu,Rabi,Laterite,Maize,766.4,23.1,44.7,6.12,5.76,25.6,70.2,43.0,Potash,Rain-fed,3881.1
Karnataka,Kharif,Black,Jowar,358.1,33.1,81.0,6.84,15.32,74.5,32.3,27.4,NPK,Rain-fed,1534.8
Tamil Nadu,Zaid,Alluvial,Cotton,823.4,30.1,78.7,7.59,8.54,69.7,79.5,48.9,Urea,Drip,579.9
Uttar Pradesh,Kharif,Red,Groundnut,601.8,28.6,72.2,8.37,10.43,85.0,48.0,45.8,DAP,Flood,1010.3
Rajasthan,Rabi,Sandy,Cotton,662.4,30.0,40.3,6.3,18.49,37.8,32.4,63.9,Potash,Flood,810.2
Maharashtra,Zaid,Laterite,Soybean,1144.8,20.2,61.3,7.4,10.67,96.5,29.6,33.8,Potash,Sprinkler,2612.1
Tamil Nadu,Kharif,Alluvial,Wheat,418.6,22.9,94.3,7.48,15.66,21.9,52.0,60.7,NPK,Sprinkler,3748.2
Rajasthan,Kharif,Alluvial,Sugarcane,1576.7,26.1,79.0,8.12,1.39,68.0,68.3,19.4,Urea,Flood,112298.6
Tamil Nadu,Kharif,Laterite,Cotton,1020.3,24.7,79.3,7.76,10.33,82.8,61.3,21.6,Urea,Flood,481.9
Andhra Pradesh,Rabi,Clay,Mustard,315.3,10.0,82.6,5.59,5.54,54.0,64.4,45.7,DAP,Sprinkler,941.4
Rajasthan,Rabi,Laterite,Sugarcane,2350.0,32.9,59.6,6.54,18.48,69.1,40.2,38.6,Organic,Flood,53051.6
Haryana,Kharif,Laterite,Groundnut,820.8,27.3,76.6,7.5,5.33,124.4,47.1,22.4,NPK,Drip,1688.1
Rajasthan,Rabi,Black,Cotton,1064.5,32.6,54.0,6.47,4.33,127.8,50.4,17.6,Organic,Rain-fed,762.2
West Bengal,Rabi,Loamy,Rice,1039.1,28.8,49.3,6.67,11.34,126.6,69.9,50.3,NPK,Flood,4216.0
Punjab,Kharif,Clay,Wheat,569.9,22.2,84.2,6.62,17.43,78.1,71.5,65.3,NPK,Rain-fed,4652.1
Haryana,Zaid,Laterite,Cotton,607.0,25.1,56.6,7.74,3.73,93.3,52.8,69.5,DAP,Flood,391.0
Madhya Pradesh,Zaid,Loamy,Wheat,480.1,11.5,76.6,5.59,4.35,55.6,76.1,68.6,Potash,Drip,4545.6
Punjab,Kharif,Sandy,Soybean,973.4,24.6,72.8,6.8,9.14,65.2,45.5,24.8,Compost,Sprinkler,2124.8
Uttar Pradesh,Kharif,Laterite,Soybean,853.8,27.0,85.2,7.21,6.48,135.2,29.5,73.9,Potash,Rain-fed,2270.2
Karnataka,Rabi,Laterite,Barley,411.1,18.1,49.7,5.68,10.22,93.3,78.5,57.0,Urea,Rain-fed,3835.3
Punjab,Rabi,Red,Maize,824.8,23.0,85.8,6.75,14.56,31.1,67.6,25.3,Potash,Rain-fed,5205.9
Maharashtra,Rabi,Laterite,Sugarcane,1904.1,35.8,41.8,5.62,17.98,51.3,28.9,43.9,Urea,Flood,81208.6
Maharashtra,Rabi,Clay,Rice,1897.9,28.7,49.7,8.33,2.54,111.6,18.0,79.5,Compost,Rain-fed,1860.4
Uttar Pradesh,Rabi,Laterite,Barley,514.2,8.2,70.6,6.11,11.67,24.4,14.7,16.0,Potash,Flood,3791.0
Tamil Nadu,Rabi,Loamy,Cotton,1178.7,23.9,83.5,6.17,6.38,139.1,18.6,59.3,DAP,Flood,377.9
Maharashtra,Kharif,Clay,Rice,1585.4,28.5,40.0,6.67,6.24,130.7,38.8,64.2,DAP,Sprinkler,3543.8
Karnataka,Zaid,Sandy,Rice,1851.9,25.0,94.8,8.25,17.44,56.4,36.2,59.0,Organic,Rain-fed,3747.4
Rajasthan,Rabi,Red,Maize,1164.0,26.5,87.9,7.39,19.12,98.5,49.1,38.5,Urea,Sprinkler,2844.5
Tamil Nadu,Zaid,Red,Maize,697.3,19.0,61.2,8.34,13.53,34.8,41.5,12.9,NPK,Flood,6096.4
Rajasthan,Kharif,Loamy,Jowar,783.3,34.0,59.4,5.51,2.25,118.7,45.7,65.5,Compost,Rain-fed,2187.0
Madhya Pradesh,Kharif,Red,Mustard,230.5,22.6,76.1,5.84,16.49,85.5,56.3,64.1,Potash,Rain-fed,1503.9
Madhya Pradesh,Rabi,Red,Wheat,676.2,22.7,63.4,5.51,6.26,75.7,39.5,44.3,Urea,Rain-fed,2781.4
Tamil Nadu,Rabi,Laterite,Wheat,340.6,19.8,66.7,7.89,3.35,131.0,45.0,68.8,DAP,Drip,3395.9
Madhya Pradesh,Kharif,Loamy,Wheat,427.7,18.4,93.5,7.98,9.38,92.2,69.7,46.3,DAP,Rain-fed,6010.8
Madhya Pradesh,Rabi,Red,Jowar,414.7,27.3,53.9,5.67,15.47,48.6,18.2,10.9,Urea,Rain-fed,1464.6
Punjab,Rabi,Alluvial,Groundnut,748.2,35.7,58.6,6.9,14.11,33.5,61.1,65.6,Urea,Sprinkler,1351.9
Punjab,Zaid,Black,Groundnut,587.1,32.9,52.1,7.08,12.47,38.8,47.2,58.6,NPK,Sprinkler,1702.6
Haryana,Kharif,Alluvial,Sugarcane,2213.2,29.7,75.4,6.7,19.7,116.1,39.5,71.7,DAP,Sprinkler,117583.1
Madhya Pradesh,Kharif,Red,Cotton,523.7,23.2,63.7,5.61,13.04,70.0,49.1,75.3,Organic,Sprinkler,594.4
Tamil Nadu,Rabi,Black,Wheat,388.6,13.8,80.8,8.23,7.56,39.5,55.1,12.4,Urea,Rain-fed,2683.8
Punjab,Kharif,Alluvial,Rice,1220.1,29.5,50.2,6.35,12.76,41.4,73.6,44.9,NPK,Rain-fed,5201.9
Madhya Pradesh,Rabi,Loamy,Rice,1953.3,31.8,91.8,8.5,2.47,73.0,47.3,31.6,Organic,Rain-fed,1756.3
Karnataka,Zaid,Laterite,Barley,231.9,14.2,78.5,7.42,3.63,20.4,59.7,48.8,Compost,Sprinkler,2300.2
West Bengal,Zaid,Clay,Mustard,279.6,15.4,63.4,7.78,18.38,68.8,53.4,35.2,Urea,Flood,1355.5
Rajasthan,Kharif,Red,Groundnut,706.9,34.1,86.9,7.18,19.42,136.6,19.3,30.6,Organic,Drip,1795.8
Madhya Pradesh,Zaid,Alluvial,Groundnut,835.6,32.5,56.1,6.43,18.75,93.5,49.5,13.9,Potash,Flood,2207.7
West Bengal,Zaid,Black,Barley,222.7,16.5,79.3,7.04,14.05,38.0,14.7,38.0,Organic,Drip,3501.7
West Bengal,Zaid,Alluvial,Sugarcane,1140.8,37.3,46.9,6.01,6.51,122.8,78.0,35.1,NPK,Drip,72395.7
Tamil Nadu,Rabi,Black,Barley,508.0,14.1,43.6,7.11,14.1,59.1,69.9,40.1,Organic,Rain-fed,2462.2
Punjab,Kharif,Alluvial,Wheat,603.1,13.0,81.4,8.25,14.38,122.8,58.7,50.2,NPK,Drip,4044.7
Maharashtra,Zaid,Laterite,Wheat,357.5,23.6,76.7,7.28,13.12,40.9,18.1,49.5,Potash,Drip,4511.1
West Bengal,Rabi,Alluvial,Groundnut,872.1,32.9,63.5,5.79,16.22,79.5,59.2,75.3,NPK,Drip,1220.1
Rajasthan,Zaid,Red,Jowar,852.6,22.0,83.3,5.95,17.95,57.6,49.0,52.6,Potash,Flood,1120.3
Haryana,Rabi,Sandy,Maize,575.3,18.1,79.2,7.88,1.86,120.1,43.7,22.8,Potash,Sprinkler,3137.3
Haryana,Rabi,Loamy,Mustard,555.3,20.0,54.0,6.25,18.77,21.7,10.6,64.4,Urea,Drip,2400.4
Karnataka,Zaid,Loamy,Soybean,859.9,22.8,51.0,5.75,0.93,83.1,69.0,35.3,Potash,Sprinkler,2350.1
Tamil Nadu,Zaid,Black,Sugarcane,2392.1,26.4,49.6,8.01,16.49,60.2,32.7,38.7,Potash,Flood,81757.4
West Bengal,Kharif,Black,Wheat,310.0,18.4,56.2,6.04,19.27,33.7,72.9,72.4,Urea,Sprinkler,4100.0
Andhra Pradesh,Rabi,Black,Soybean,963.8,28.2,56.0,7.14,12.69,99.8,61.5,22.7,DAP,Drip,1608.6
Karnataka,Zaid,Red,Soybean,672.4,28.5,79.8,6.61,2.56,68.5,63.5,26.8,Organic,Drip,2617.8
Punjab,Zaid,Black,Rice,1932.8,24.3,52.7,7.75,17.43,50.3,45.6,20.3,NPK,Sprinkler,3508.7
West Bengal,Kharif,Laterite,Sugarcane,2363.5,30.0,63.0,7.27,3.53,123.1,69.9,38.4,NPK,Drip,94706.9
Maharashtra,Kharif,Laterite,Wheat,598.7,13.4,45.1,6.83,6.12,72.5,71.4,31.5,Urea,Flood,5404.3
Rajasthan,Kharif,Alluvial,Maize,522.7,24.8,69.1,8.17,18.75,50.0,58.2,32.5,Compost,Flood,2593.1
Maharashtra,Rabi,Black,Wheat,462.4,11.5,61.0,6.3,16.27,64.0,77.8,57.5,Potash,Rain-fed,4652.0
Madhya Pradesh,Kharif,Laterite,Wheat,678.8,19.2,77.4,6.86,14.0,63.5,44.2,30.9,Urea,Flood,4067.9
Rajasthan,Rabi,Laterite,Maize,833.4,21.6,82.3,5.81,7.97,49.1,45.2,32.3,DAP,Rain-fed,2759.0
Punjab,Zaid,Clay,Groundnut,750.5,23.7,47.0,6.76,11.02,69.3,47.2,16.5,Potash,Drip,2493.6
Uttar Pradesh,Rabi,Clay,Maize,1179.6,25.1,76.4,7.04,1.19,142.3,11.8,65.2,Compost,Sprinkler,3565.8
Punjab,Kharif,Red,Barley,596.3,21.7,77.6,6.74,13.93,30.4,37.2,70.9,DAP,Rain-fed,3859.8
Andhra Pradesh,Kharif,Black,Maize,918.1,18.7,50.8,7.31,12.73,85.8,75.8,20.5,NPK,Drip,5323.9
Tamil Nadu,Rabi,Loamy,Soybean,1093.6,25.5,64.8,5.88,6.25,43.3,54.0,23.3,Potash,Sprinkler,1652.8
Andhra Pradesh,Kharif,Sandy,Wheat,290.3,23.0,89.4,7.83,16.73,133.6,55.5,61.7,DAP,Rain-fed,3255.2
Andhra Pradesh,Zaid,Red,Rice,1349.0,29.5,46.9,6.76,12.75,45.2,78.7,22.5,DAP,Flood,2591.4
West Bengal,Zaid,Loamy,Soybean,905.2,24.2,57.6,5.89,19.14,125.9,35.5,38.3,Urea,Rain-fed,2543.3
West Bengal,Zaid,Sandy,Wheat,323.6,21.5,73.3,7.27,18.21,46.1,28.6,27.0,Compost,Drip,4811.6
Tamil Nadu,Rabi,Black,Wheat,617.0,13.8,70.2,6.27,18.4,145.8,70.8,66.4,DAP,Sprinkler,3323.2
Madhya Pradesh,Rabi,Laterite,Groundnut,627.7,24.9,90.3,7.05,12.66,67.9,74.7,72.0,DAP,Sprinkler,2318.4
Haryana,Kharif,Laterite,Sugarcane,1582.6,28.5,78.9,6.83,17.87,88.0,77.2,35.0,NPK,Sprinkler,121068.5
Haryana,Zaid,Clay,Wheat,333.2,12.3,47.1,5.51,15.0,55.3,14.9,45.7,Organic,Drip,2220.8
Haryana,Zaid,Black,Cotton,909.9,36.4,85.5,7.48,0.74,55.3,74.1,60.8,DAP,Sprinkler,762.7
Haryana,Kharif,Loamy,Wheat,471.8,13.5,77.5,6.98,17.71,37.6,53.2,13.7,Compost,Flood,4550.8
West Bengal,Zaid,Loamy,Jowar,315.3,22.3,72.9,6.81,17.7,66.7,49.6,30.4,DAP,Flood,3009.1
Tamil Nadu,Kharif,Clay,Rice,1777.7,26.0,61.7,7.2,11.37,33.9,52.1,70.5,Potash,Rain-fed,4263.0
Maharashtra,Zaid,Clay,Maize,650.7,28.9,62.0,7.18,5.2,100.9,25.8,62.4,Compost,Drip,4309.8
Haryana,Kharif,Black,Cotton,1112.3,30.6,92.2,5.9,16.79,34.8,74.4,75.0,Organic,Rain-fed,755.6
Maharashtra,Rabi,Sandy,Soybean,1048.8,23.2,55.6,6.55,12.94,90.3,23.0,34.9,Compost,Rain-fed,2430.1
Haryana,Kharif,Loamy,Barley,676.6,16.3,55.1,8.14,13.39,71.4,12.4,50.3,Organic,Flood,2699.6
West Bengal,Kharif,Alluvial,Rice,1674.5,27.1,69.5,6.98,12.64,141.9,19.2,10.9,NPK,Drip,4210.5
Karnataka,Kharif,Clay,Groundnut,638.6,25.2,58.3,6.14,15.3,135.4,22.3,78.6,Potash,Flood,2750.3
Haryana,Kharif,Loamy,Groundnut,645.1,28.7,44.4,5.99,19.09,123.8,46.1,73.0,NPK,Flood,1121.6
Punjab,Kharif,Laterite,Soybean,863.8,21.9,92.8,8.09,17.81,118.4,21.3,55.4,NPK,Drip,1310.1
Haryana,Kharif,Alluvial,Sugarcane,1275.9,30.3,82.4,6.45,10.81,143.8,17.2,21.0,Organic,Sprinkler,95104.8
Maharashtra,Rabi,Sandy,Maize,857.3,23.0,48.9,6.15,13.58,107.6,32.0,35.0,Compost,Flood,3847.4
Madhya Pradesh,Rabi,Sandy,Groundnut,842.4,23.9,79.2,7.25,1.48,46.3,22.0,56.1,Potash,Drip,2821.3
Madhya Pradesh,Zaid,Clay,Maize,782.8,23.4,52.4,7.31,8.12,22.9,29.2,45.9,Compost,Drip,3531.4
Uttar Pradesh,Rabi,Loamy,Maize,867.8,23.9,47.5,6.08,13.58,90.3,68.9,76.3,Potash,Rain-fed,3911.8
Tamil Nadu,Zaid,Alluvial,Jowar,692.5,27.0,70.6,8.16,1.74,111.2,63.8,40.4,Potash,Drip,1540.6
Karnataka,Rabi,Red,Mustard,574.7,15.0,53.8,6.81,11.46,57.8,71.0,42.1,Urea,Drip,1401.5
Rajasthan,Rabi,Loamy,Barley,366.6,9.8,72.9,8.19,2.21,132.5,67.5,23.4,DAP,Drip,2073.6
Haryana,Rabi,Laterite,Barley,493.8,12.2,83.4,6.72,1.87,39.6,74.9,39.2,NPK,Flood,1962.4
Punjab,Kharif,Loamy,Maize,1103.8,22.5,72.5,7.76,11.85,40.1,20.6,37.8,NPK,Rain-fed,3643.8
Tamil Nadu,Rabi,Loamy,Sugarcane,1958.1,33.6,83.8,6.26,11.81,105.9,79.6,13.2,Organic,Rain-fed,128398.9
Rajasthan,Kharif,Red,Jowar,376.3,29.3,71.2,8.0,6.23,102.2,62.6,76.8,DAP,Sprinkler,1154.5
Karnataka,Kharif,Sandy,Mustard,322.1,23.7,77.9,7.22,4.24,140.6,44.2,79.6,NPK,Rain-fed,1491.3
Tamil Nadu,Zaid,Laterite,Barley,312.6,11.2,88.0,7.33,17.73,111.4,57.7,33.0,Organic,Rain-fed,3233.4
Madhya Pradesh,Rabi,Loamy,Groundnut,500.7,23.4,86.0,6.02,18.8,22.4,23.1,39.0,NPK,Rain-fed,980.8
Uttar Pradesh,Rabi,Black,Rice,1095.1,24.0,52.4,6.76,15.3,119.8,33.6,10.9,NPK,Drip,6311.2
Punjab,Zaid,Laterite,Jowar,649.9,33.5,47.3,6.8,4.85,74.2,78.6,74.2,Organic,Rain-fed,1779.7
Karnataka,Zaid,Loamy,Barley,478.5,19.1,42.3,6.23,2.3,41.9,20.5,78.0,DAP,Rain-fed,3042.3
Andhra Pradesh,Rabi,Black,Barley,345.5,17.3,61.8,7.0,1.0,132.0,35.4,43.7,NPK,Rain-fed,2854.3
Maharashtra,Kharif,Clay,Rice,1725.6,22.6,41.6,8.01,3.06,98.9,67.2,23.3,Compost,Flood,2187.1
Rajasthan,Zaid,Sandy,Jowar,832.6,32.1,57.2,6.25,10.36,78.4,52.9,16.8,DAP,Drip,1456.7
Uttar Pradesh,Kharif,Sandy,Groundnut,774.8,30.4,74.0,6.98,9.97,21.0,39.6,38.1,Compost,Sprinkler,1545.4
Rajasthan,Kharif,Alluvial,Sugarcane,1775.5,29.2,88.5,7.81,1.52,74.3,35.3,77.1,Potash,Drip,94061.8
Haryana,Zaid,Red,Rice,1963.8,24.0,46.4,8.48,19.22,59.1,42.4,54.1,DAP,Flood,4583.9
Tamil Nadu,Rabi,Alluvial,Wheat,289.8,11.4,76.0,8.21,2.07,65.1,16.7,72.0,Compost,Sprinkler,4823.5
Rajasthan,Zaid,Sandy,Rice,1784.7,27.1,64.4,8.04,15.63,149.9,42.3,58.8,Urea,Rain-fed,4453.1
Rajasthan,Rabi,Alluvial,Jowar,640.0,23.3,42.0,5.83,2.95,133.3,55.0,78.1,DAP,Drip,1112.2
West Bengal,Kharif,Loamy,Mustard,264.4,12.3,48.9,6.14,7.14,80.7,72.2,22.8,Urea,Drip,1620.0
Andhra Pradesh,Rabi,Laterite,Maize,823.4,22.5,65.6,6.12,1.24,108.8,63.7,51.5,Compost,Sprinkler,3880.9
Haryana,Kharif,Laterite,Maize,1095.3,21.5,43.5,8.11,8.15,112.5,72.4,60.4,Compost,Drip,4593.5
Maharashtra,Zaid,Loamy,Mustard,599.6,12.2,65.0,6.44,16.68,142.4,53.6,78.5,Compost,Sprinkler,1245.7
Uttar Pradesh,Rabi,Sandy,Wheat,701.4,13.5,64.8,5.66,15.42,115.8,71.5,79.1,Potash,Rain-fed,3595.3
Punjab,Kharif,Loamy,Wheat,584.4,12.9,77.5,5.51,7.59,109.7,42.8,17.3,DAP,Sprinkler,3032.2
Uttar Pradesh,Zaid,Loamy,Rice,1005.4,24.0,49.3,6.04,10.11,137.6,47.1,58.4,Compost,Flood,2743.1
Punjab,Kharif,Sandy,Mustard,307.7,17.5,78.1,8.23,18.98,134.2,11.4,35.4,Compost,Flood,801.5
West Bengal,Zaid,Laterite,Soybean,829.0,28.7,60.0,7.31,16.4,141.2,24.9,74.4,Urea,Rain-fed,950.1
Punjab,Kharif,Loamy,Cotton,701.7,28.4,57.3,5.82,7.16,39.2,52.4,61.9,NPK,Sprinkler,864.1
Punjab,Zaid,Clay,Rice,1744.3,26.3,94.4,7.2,5.64,104.3,59.1,72.0,NPK,Sprinkler,5440.0
Karnataka,Kharif,Alluvial,Rice,1633.2,24.8,89.5,6.47,16.21,121.1,40.3,64.1,Organic,Rain-fed,2387.7
Andhra Pradesh,Zaid,Clay,Soybean,916.7,28.2,61.9,8.22,8.99,65.6,54.8,61.7,DAP,Sprinkler,2301.7
Maharashtra,Kharif,Red,Wheat,655.9,15.2,50.8,5.98,11.27,128.9,71.3,37.8,DAP,Flood,6498.2
Maharashtra,Zaid,Red,Jowar,316.6,27.0,69.2,7.57,11.7,92.9,55.4,54.9,DAP,Drip,2535.2
West Bengal,Zaid,Alluvial,Maize,561.6,28.6,66.6,8.15,9.16,43.1,34.6,11.2,Potash,Flood,1730.6
Haryana,Zaid,Alluvial,Sugarcane,1867.1,33.9,89.0,6.9,15.07,48.0,76.6,62.6,Organic,Flood,65369.0
Tamil Nadu,Kharif,Alluvial,Jowar,863.9,34.9,56.5,7.58,9.81,76.2,63.2,79.4,Urea,Sprinkler,1898.2
Karnataka,Rabi,Sandy,Maize,794.2,31.1,56.0,7.89,2.55,115.6,71.9,49.9,Organic,Drip,3142.2
Karnataka,Zaid,Loamy,Groundnut,816.5,27.6,42.1,8.25,2.89,72.1,79.4,74.2,Potash,Drip,2534.3
Tamil Nadu,Rabi,Sandy,Maize,719.5,21.6,51.8,6.23,5.24,86.4,36.9,69.1,Urea,Flood,3021.0
Tamil Nadu,Kharif,Black,Barley,555.0,9.7,50.4,6.03,5.44,45.4,78.9,51.6,Compost,Rain-fed,3545.7
Rajasthan,Rabi,Laterite,Soybean,914.2,28.2,75.7,8.29,4.12,32.1,68.6,41.4,Organic,Sprinkler,2292.0
Maharashtra,Rabi,Laterite,Soybean,967.5,27.7,51.2,7.16,11.16,136.5,44.1,11.7,Compost,Rain-fed,2207.1
West Bengal,Rabi,Loamy,Cotton,909.5,27.8,86.2,6.25,1.79,96.6,28.2,34.0,Organic,Flood,601.7
Haryana,Rabi,Loamy,Rice,1758.5,22.9,58.4,8.28,15.67,104.8,67.6,79.3,Compost,Flood,4433.1
Maharashtra,Kharif,Clay,Wheat,670.7,11.6,84.3,6.69,11.95,124.8,20.4,28.5,Organic,Rain-fed,2925.0
Rajasthan,Kharif,Clay,Sugarcane,1395.3,36.5,85.9,6.74,12.85,117.1,33.3,30.2,NPK,Sprinkler,119466.7
Haryana,Zaid,Clay,Sugarcane,1621.4,28.5,79.4,6.43,19.58,138.4,57.4,56.5,Urea,Rain-fed,114129.9
Punjab,Rabi,Clay,Cotton,686.6,32.9,42.7,7.25,7.42,95.7,53.5,40.6,DAP,Sprinkler,756.3
Uttar Pradesh,Rabi,Loamy,Barley,696.7,12.0,59.8,8.15,8.76,83.5,70.3,12.5,NPK,Sprinkler,3042.7
Andhra Pradesh,Zaid,Alluvial,Soybean,1073.1,24.7,45.9,6.89,14.13,133.2,39.7,50.8,DAP,Rain-fed,1408.7
Punjab,Rabi,Laterite,Soybean,647.8,28.1,42.4,5.99,8.78,37.3,77.8,39.9,Potash,Sprinkler,1568.0
Rajasthan,Zaid,Clay,Maize,947.9,22.8,88.3,5.86,13.22,102.3,42.5,44.4,Urea,Drip,4370.4
Rajasthan,Kharif,Red,Maize,1174.5,31.2,72.1,7.79,0.66,80.4,42.4,40.4,Potash,Sprinkler,4959.6
Punjab,Rabi,Laterite,Sugarcane,1647.0,25.5,45.8,7.74,9.67,66.0,68.9,11.8,Urea,Drip,107060.6
Punjab,Zaid,Clay,Cotton,804.0,37.8,40.6,7.33,11.76,39.3,22.0,35.0,NPK,Sprinkler,542.5
Punjab,Rabi,Alluvial,Jowar,619.7,28.8,83.7,6.78,19.89,89.8,21.9,40.8,NPK,Sprinkler,2833.0
Haryana,Rabi,Alluvial,Rice,1760.3,26.6,63.3,7.67,7.58,50.7,48.2,41.5,Potash,Rain-fed,1871.1
Tamil Nadu,Zaid,Clay,Cotton,1011.3,33.2,77.8,6.35,1.23,60.4,48.6,64.2,Urea,Drip,833.1
Tamil Nadu,Kharif,Loamy,Soybean,1048.7,29.3,45.2,5.99,15.43,144.2,53.7,43.8,NPK,Sprinkler,1613.5
Rajasthan,Rabi,Laterite,Groundnut,579.0,34.8,81.6,8.19,3.16,84.1,41.4,70.9,Urea,Flood,1025.2
Andhra Pradesh,Rabi,Red,Maize,975.1,30.6,47.8,6.63,17.74,88.9,40.1,41.9,Potash,Sprinkler,5803.9
Rajasthan,Zaid,Black,Maize,1119.1,24.5,43.4,6.56,13.14,58.4,13.4,74.2,Compost,Sprinkler,1760.8
Maharashtra,Kharif,Laterite,Soybean,868.6,23.2,44.8,5.91,9.98,108.0,65.4,29.4,Urea,Drip,2363.0
Haryana,Rabi,Laterite,Rice,1291.8,34.0,43.4,6.5,17.72,76.8,28.6,27.5,Urea,Flood,2963.0
West Bengal,Rabi,Clay,Groundnut,892.5,29.5,42.4,6.58,7.63,60.3,72.6,48.4,Organic,Flood,1947.9
Andhra Pradesh,Zaid,Laterite,Soybean,983.3,21.2,53.5,8.07,17.72,45.3,44.9,67.1,Organic,Sprinkler,2091.1
Uttar Pradesh,Zaid,Laterite,Jowar,890.5,23.3,47.9,5.96,17.34,91.7,64.9,34.0,Organic,Flood,2531.0
Karnataka,Kharif,Sandy,Barley,460.7,9.1,45.4,7.77,14.67,134.1,47.7,74.5,NPK,Sprinkler,2778.1
Haryana,Kharif,Clay,Maize,829.6,20.0,54.3,7.48,14.68,37.4,35.0,54.2,Organic,Drip,2467.4
Karnataka,Kharif,Loamy,Soybean,1140.4,29.3,74.4,7.3,8.13,41.9,25.2,55.7,DAP,Flood,2715.1
Karnataka,Rabi,Alluvial,Soybean,644.0,28.5,52.8,6.47,5.21,103.0,73.9,59.0,Organic,Rain-fed,1148.5
Tamil Nadu,Zaid,Clay,Cotton,1039.1,24.5,56.9,6.52,15.5,84.3,64.1,24.3,NPK,Rain-fed,958.6
Maharashtra,Kharif,Loamy,Wheat,744.4,16.2,86.2,7.19,12.1,130.0,10.3,37.5,Compost,Drip,6443.6
Rajasthan,Rabi,Black,Jowar,431.8,24.1,72.9,6.31,19.17,106.2,36.5,74.5,Urea,Rain-fed,1311.4
West Bengal,Kharif,Clay,Barley,645.3,18.6,86.5,7.47,9.21,75.7,53.4,24.8,Compost,Flood,2186.2
Rajasthan,Kharif,Alluvial,Wheat,338.5,21.5,55.2,6.85,14.03,147.2,77.7,10.9,Potash,Sprinkler,3447.2
Uttar Pradesh,Kharif,Sandy,Barley,358.6,16.5,77.2,8.04,12.81,20.3,55.4,57.4,Compost,Rain-fed,3275.2
Haryana,Zaid,Clay,Wheat,690.4,14.3,89.4,7.17,19.62,52.2,79.7,22.3,Organic,Rain-fed,2219.7
Punjab,Rabi,Red,Sugarcane,2170.9,34.4,68.4,7.64,6.04,121.3,18.4,25.3,Potash,Drip,72659.0
Rajasthan,Zaid,Red,Jowar,868.6,30.5,71.7,6.6,12.31,118.4,69.1,25.5,Urea,Flood,1172.8
Rajasthan,Kharif,Laterite,Barley,636.4,9.5,47.5,7.17,7.38,57.1,13.3,59.2,Compost,Sprinkler,2459.1
West Bengal,Zaid,Loamy,Barley,414.6,20.6,90.0,8.32,15.45,42.4,62.4,54.4,Organic,Flood,3734.9
Haryana,Zaid,Red,Barley,528.5,12.4,70.0,7.53,5.8,55.6,72.1,75.0,Potash,Rain-fed,3269.0
Karnataka,Zaid,Black,Jowar,821.8,31.3,86.2,8.08,16.78,75.4,53.0,56.7,Compost,Drip,1687.7
Rajasthan,Zaid,Red,Groundnut,405.2,33.5,73.2,6.0,17.55,116.0,61.4,25.3,NPK,Drip,1279.9
Madhya Pradesh,Rabi,Alluvial,Mustard,299.7,10.3,91.6,7.52,2.67,82.5,29.5,67.8,Urea,Drip,1665.2
Maharashtra,Kharif,Alluvial,Barley,484.1,20.0,54.6,6.85,7.52,61.8,55.4,47.8,DAP,Sprinkler,2063.4
Tamil Nadu,Kharif,Loamy,Barley,446.0,19.8,88.0,7.23,1.77,137.9,37.2,31.7,Potash,Drip,3544.3
Tamil Nadu,Zaid,Red,Sugarcane,2216.9,34.1,70.6,8.25,13.21,41.5,59.5,28.0,DAP,Rain-fed,73119.1
Tamil Nadu,Zaid,Black,Cotton,671.3,25.8,64.1,8.41,0.81,90.4,69.6,14.7,Urea,Flood,616.8
Karnataka,Rabi,Sandy,Groundnut,829.2,32.9,88.6,8.03,10.66,112.1,46.7,14.1,Organic,Flood,1562.0
Tamil Nadu,Rabi,Red,Cotton,677.3,22.2,81.4,8.01,2.65,138.9,56.5,48.0,NPK,Drip,880.0
Madhya Pradesh,Kharif,Alluvial,Sugarcane,1586.2,24.6,57.8,8.35,3.51,44.3,64.8,49.4,DAP,Sprinkler,70458.6
Karnataka,Rabi,Laterite,Barley,239.4,16.7,84.6,7.99,12.61,124.7,16.5,58.5,Organic,Sprinkler,3615.5
Rajasthan,Kharif,Clay,Mustard,594.2,23.0,76.1,7.91,9.34,50.4,59.3,26.9,Urea,Flood,749.6
Madhya Pradesh,Rabi,Black,Maize,959.4,30.3,54.9,8.46,18.76,32.0,58.7,69.2,NPK,Sprinkler,3609.5
Rajasthan,Zaid,Black,Barley,376.7,13.2,92.2,8.34,7.66,102.0,32.2,14.6,Organic,Sprinkler,3711.4
Punjab,Zaid,Clay,Soybean,1173.1,28.1,92.8,6.31,15.84,92.5,20.5,75.8,Urea,Flood,1477.1
Rajasthan,Kharif,Clay,Wheat,282.6,21.3,61.0,6.93,4.24,114.0,77.9,42.8,Compost,Sprinkler,4527.8
Andhra Pradesh,Kharif,Sandy,Sugarcane,2348.8,33.6,90.2,8.12,3.52,87.3,10.0,28.8,Organic,Flood,82757.1
Andhra Pradesh,Zaid,Alluvial,Barley,574.6,19.9,78.0,5.73,4.39,145.5,50.2,22.3,Compost,Flood,2811.0
Karnataka,Kharif,Laterite,Jowar,724.9,31.0,66.3,7.98,14.81,31.1,62.0,72.0,Compost,Sprinkler,1102.5
Karnataka,Rabi,Black,Wheat,644.3,17.9,68.9,8.03,9.74,24.8,22.6,73.3,Urea,Flood,2579.2
Maharashtra,Kharif,Loamy,Wheat,551.8,12.2,85.4,6.88,1.36,114.7,17.1,67.1,Compost,Rain-fed,2466.2
Punjab,Kharif,Sandy,Sugarcane,1938.1,24.3,59.8,7.09,5.11,79.5,62.3,11.3,Compost,Rain-fed,75553.2
Punjab,Kharif,Black,Groundnut,677.4,28.8,95.0,8.39,2.97,137.0,45.5,77.1,NPK,Flood,1937.7
Maharashtra,Rabi,Sandy,Soybean,732.1,28.8,91.6,8.23,15.55,62.1,56.6,30.4,Potash,Rain-fed,1811.7
Tamil Nadu,Rabi,Sandy,Sugarcane,1521.8,34.9,60.6,7.83,19.18,73.0,65.8,52.7,Potash,Rain-fed,123484.2
Haryana,Kharif,Sandy,Soybean,813.7,26.7,64.6,7.65,8.71,68.0,14.7,64.6,NPK,Sprinkler,2461.7
Madhya Pradesh,Rabi,Sandy,Barley,324.1,18.8,70.8,6.49,19.44,63.1,31.9,10.4,Urea,Rain-fed,2741.6
Punjab,Rabi,Loamy,Jowar,382.0,26.1,46.8,5.8,11.7,32.9,33.5,18.6,DAP,Sprinkler,1396.9
Andhra Pradesh,Kharif,Alluvial,Maize,1117.7,21.9,93.6,6.3,12.39,101.5,65.2,28.8,Compost,Rain-fed,3004.9
Uttar Pradesh,Kharif,Black,Jowar,895.4,32.0,80.0,6.0,15.19,149.3,53.3,39.0,Urea,Drip,2721.0
Madhya Pradesh,Zaid,Clay,Rice,1732.3,23.6,53.5,6.42,0.67,40.9,60.7,39.0,Compost,Flood,4521.3
Karnataka,Rabi,Alluvial,Jowar,711.0,26.4,52.1,7.24,5.5,136.0,19.7,34.4,DAP,Sprinkler,1712.6
Haryana,Zaid,Sandy,Cotton,512.2,28.7,74.3,7.94,1.74,67.9,40.9,37.7,Potash,Sprinkler,736.3
Andhra Pradesh,Zaid,Sandy,Sugarcane,1191.3,30.8,75.7,6.52,11.51,68.7,47.6,36.9,DAP,Drip,145854.4
Punjab,Kharif,Laterite,Rice,1976.3,27.2,61.6,6.12,17.43,101.0,63.8,32.0,Urea,Rain-fed,4074.5
Maharashtra,Zaid,Loamy,Cotton,1073.6,29.4,60.9,6.18,3.23,65.2,66.2,77.6,Compost,Flood,753.2
Madhya Pradesh,Rabi,Laterite,Mustard,581.0,15.1,69.3,6.67,9.5,105.1,66.9,18.4,DAP,Drip,2517.2
Tamil Nadu,Rabi,Alluvial,Sugarcane,1117.3,35.7,69.8,7.72,7.83,34.9,26.5,55.2,DAP,Drip,85576.5
Tamil Nadu,Zaid,Laterite,Jowar,561.8,29.1,51.5,6.68,0.68,69.9,53.6,32.7,Urea,Drip,2074.6
Haryana,Rabi,Red,Wheat,579.1,15.7,66.5,7.66,11.21,55.5,13.4,13.9,Potash,Drip,3389.2
Uttar Pradesh,Zaid,Alluvial,Sugarcane,1859.9,27.9,54.5,6.78,5.83,126.4,46.3,13.2,NPK,Rain-fed,115848.6
Haryana,Kharif,Red,Rice,1906.0,32.6,53.7,7.1,12.89,67.3,71.6,78.7,NPK,Flood,3374.5
Rajasthan,Zaid,Black,Cotton,993.6,25.3,59.6,6.63,2.64,99.6,47.1,24.8,NPK,Rain-fed,723.3
Punjab,Rabi,Laterite,Sugarcane,2432.9,31.6,47.7,5.74,8.74,30.6,76.9,61.3,Compost,Drip,97997.9
Haryana,Kharif,Clay,Jowar,456.3,26.5,57.6,6.65,12.25,92.1,41.8,31.5,Potash,Rain-fed,1703.5
Haryana,Kharif,Laterite,Cotton,1012.5,32.2,75.4,6.33,7.25,76.4,52.0,63.1,NPK,Flood,686.3
Karnataka,Rabi,Laterite,Cotton,600.6,30.8,65.6,5.52,1.89,71.9,57.1,37.3,Urea,Sprinkler,549.2
Karnataka,Zaid,Laterite,Maize,1002.8,18.2,43.7,5.68,19.61,90.8,59.7,16.6,Urea,Rain-fed,3397.8
West Bengal,Zaid,Alluvial,Jowar,324.5,30.1,85.9,8.05,0.67,66.5,78.5,48.1,Potash,Rain-fed,1442.3
West Bengal,Kharif,Red,Cotton,1095.3,35.9,87.1,6.92,3.73,133.3,49.1,34.3,NPK,Rain-fed,564.9
Tamil Nadu,Kharif,Sandy,Maize,763.9,19.3,73.0,7.24,2.56,52.5,67.9,51.1,Potash,Drip,5148.4
Maharashtra,Zaid,Alluvial,Wheat,520.9,12.8,56.0,5.85,3.95,39.5,32.4,68.7,NPK,Rain-fed,2245.8
Punjab,Rabi,Black,Maize,831.4,23.8,51.4,6.71,5.91,83.3,37.8,56.5,Urea,Rain-fed,4759.2
Rajasthan,Zaid,Alluvial,Wheat,337.1,20.3,86.1,6.03,7.11,66.3,60.0,38.4,Potash,Sprinkler,4559.9
Maharashtra,Kharif,Black,Jowar,693.8,32.2,79.5,8.47,12.13,85.6,26.1,33.4,NPK,Rain-fed,1978.8
Karnataka,Zaid,Alluvial,Sugarcane,1918.9,36.5,82.1,6.69,16.72,117.6,37.8,60.5,Urea,Sprinkler,60711.4
Tamil Nadu,Kharif,Loamy,Barley,577.4,15.9,86.4,6.32,6.63,106.5,11.9,73.5,NPK,Rain-fed,4306.9
Maharashtra,Rabi,Alluvial,Cotton,899.1,35.5,86.8,5.51,5.88,30.6,52.5,45.5,Potash,Flood,410.6
West Bengal,Zaid,Red,Barley,575.2,20.3,51.9,7.35,18.36,98.6,28.1,57.5,Potash,Drip,2653.2
Uttar Pradesh,Zaid,Laterite,Barley,519.7,20.5,82.8,5.93,10.5,147.9,79.4,65.9,Potash,Flood,2424.7
Andhra Pradesh,Rabi,Red,Sugarcane,2407.3,37.8,69.6,5.87,7.69,24.9,25.8,42.1,DAP,Flood,61108.1
Madhya Pradesh,Kharif,Sandy,Groundnut,472.2,29.5,78.0,8.29,11.73,128.9,79.8,45.2,Compost,Rain-fed,2059.0
Punjab,Rabi,Red,Maize,730.7,28.8,87.2,6.97,2.57,57.6,68.6,57.4,NPK,Rain-fed,7010.4
Karnataka,Zaid,Alluvial,Rice,1409.6,28.3,50.2,5.66,13.29,93.5,15.6,39.5,Compost,Sprinkler,4073.0
Rajasthan,Rabi,Sandy,Maize,1126.6,24.8,42.9,8.48,18.01,136.4,59.0,39.8,Potash,Flood,2444.7
Uttar Pradesh,Kharif,Red,Groundnut,891.5,24.5,58.2,6.19,16.81,133.1,69.3,71.0,Urea,Drip,1333.1
Rajasthan,Kharif,Loamy,Sugarcane,1970.2,36.8,91.0,6.89,19.37,142.6,62.4,42.0,NPK,Drip,64590.9
Punjab,Zaid,Loamy,Cotton,610.9,28.1,55.9,8.45,15.11,58.3,60.0,27.8,Urea,Sprinkler,582.5
Maharashtra,Rabi,Laterite,Barley,663.4,9.4,76.3,6.63,8.97,143.3,63.2,30.4,Potash,Rain-fed,3260.7
Madhya Pradesh,Kharif,Loamy,Barley,606.1,9.3,47.1,7.7,6.97,41.1,79.0,66.2,NPK,Rain-fed,2443.2
Tamil Nadu,Kharif,Alluvial,Wheat,492.8,15.5,43.9,7.51,5.93,124.0,48.0,64.5,DAP,Sprinkler,5429.5
Punjab,Zaid,Red,Wheat,303.2,13.3,89.9,6.33,13.51,56.4,31.3,59.4,Urea,Rain-fed,2690.7
Punjab,Rabi,Alluvial,Soybean,928.1,26.5,43.3,8.37,16.17,22.8,53.7,22.6,Organic,Rain-fed,2071.4
Madhya Pradesh,Zaid,Red,Wheat,616.7,23.0,90.3,8.23,9.39,84.7,46.7,67.5,Urea,Drip,5259.0
Haryana,Zaid,Clay,Jowar,414.1,29.1,65.5,7.26,11.75,139.1,69.4,36.8,Organic,Flood,1076.9
Maharashtra,Kharif,Loamy,Soybean,658.6,24.4,90.3,6.41,0.77,26.1,19.0,50.0,NPK,Sprinkler,3182.8
Tamil Nadu,Kharif,Black,Maize,948.8,25.4,58.1,7.56,7.97,101.5,33.9,38.6,Organic,Flood,4779.2
Maharashtra,Kharif,Laterite,Cotton,1022.5,25.6,40.6,7.5,12.28,43.2,12.1,15.2,Compost,Drip,417.0
Tamil Nadu,Rabi,Alluvial,Barley,492.5,22.0,78.4,7.19,19.34,64.7,19.5,43.8,NPK,Sprinkler,3350.9
Haryana,Zaid,Sandy,Mustard,297.4,23.4,72.6,7.0,1.72,102.3,26.3,18.7,Compost,Rain-fed,1815.3
Uttar Pradesh,Kharif,Clay,Rice,1771.8,25.2,42.5,6.2,1.66,22.0,50.7,66.7,Urea,Drip,5488.9
Haryana,Rabi,Loamy,Mustard,448.4,23.3,58.0,7.82,19.0,88.2,78.8,55.9,NPK,Flood,932.6
Rajasthan,Rabi,Red,Barley,512.2,20.3,54.1,7.7,11.68,43.6,20.6,51.3,Compost,Flood,1799.7
Rajasthan,Kharif,Clay,Mustard,541.2,12.4,89.9,7.59,6.48,52.5,51.2,35.8,DAP,Rain-fed,1689.9
Tamil Nadu,Rabi,Alluvial,Rice,1680.4,30.8,63.2,7.89,11.91,135.8,68.6,77.5,Compost,Rain-fed,3496.1
Uttar Pradesh,Kharif,Black,Groundnut,831.8,22.7,43.1,6.21,11.93,20.1,54.8,41.7,DAP,Drip,2799.8
Madhya Pradesh,Rabi,Clay,Barley,273.6,10.5,65.2,8.05,2.55,45.5,24.9,28.0,Urea,Drip,2772.5
Uttar Pradesh,Rabi,Sandy,Soybean,804.7,24.6,55.5,7.96,15.96,22.1,62.8,69.7,Urea,Drip,2196.4
West Bengal,Kharif,Sandy,Barley,579.0,21.8,69.8,7.96,13.39,104.3,42.5,63.1,DAP,Drip,2078.6
Punjab,Zaid,Alluvial,Jowar,481.5,33.0,53.9,8.08,1.08,121.7,44.0,17.2,DAP,Drip,2652.2
Punjab,Kharif,Black,Wheat,260.7,17.7,94.1,6.99,9.27,102.9,52.6,34.0,DAP,Drip,4164.5
Tamil Nadu,Rabi,Alluvial,Cotton,859.4,32.4,81.8,6.85,15.66,52.5,26.7,40.3,NPK,Drip,457.4
Uttar Pradesh,Zaid,Clay,Groundnut,647.3,29.6,79.1,7.08,12.67,107.8,16.7,64.8,Organic,Flood,2108.6
Karnataka,Zaid,Clay,Sugarcane,1607.4,29.6,61.5,7.23,11.26,29.0,31.2,14.7,NPK,Rain-fed,93742.5
Rajasthan,Kharif,Black,Barley,343.6,20.0,78.4,7.04,7.08,77.0,51.5,72.1,DAP,Drip,5135.9
West Bengal,Rabi,Loamy,Jowar,320.5,25.8,63.9,8.14,0.92,105.0,30.2,32.1,DAP,Drip,1694.3
Karnataka,Zaid,Loamy,Cotton,775.2,23.6,48.5,8.3,16.01,113.4,56.8,22.4,Urea,Drip,553.0
Madhya Pradesh,Kharif,Laterite,Mustard,530.9,22.8,77.4,6.79,19.47,125.9,51.2,10.6,Potash,Rain-fed,1827.8
Tamil Nadu,Zaid,Laterite,Soybean,824.8,21.8,86.1,8.45,2.17,144.6,36.2,33.4,Compost,Sprinkler,2110.2
Andhra Pradesh,Kharif,Alluvial,Rice,1135.9,24.1,51.3,8.5,6.02,92.0,41.6,26.9,Potash,Sprinkler,3748.7
Tamil Nadu,Rabi,Laterite,Soybean,1155.3,27.0,51.9,6.21,3.1,94.2,14.1,11.8,Potash,Flood,1806.9
Haryana,Rabi,Alluvial,Cotton,667.9,25.9,73.7,6.56,3.07,44.7,44.6,37.8,Urea,Flood,448.1
Tamil Nadu,Zaid,Clay,Cotton,884.3,27.5,54.2,7.01,13.9,24.6,47.6,34.8,Organic,Drip,835.6
Rajasthan,Rabi,Laterite,Sugarcane,2242.8,30.8,72.6,8.18,3.49,89.3,78.2,59.7,DAP,Sprinkler,76044.0
Uttar Pradesh,Zaid,Laterite,Sugarcane,1355.9,35.0,79.7,7.15,0.96,144.1,71.2,10.1,Potash,Rain-fed,72354.5
Rajasthan,Zaid,Clay,Soybean,974.8,26.9,90.4,7.83,8.68,90.4,50.8,70.2,Compost,Sprinkler,1156.3
Punjab,Kharif,Clay,Rice,1423.2,26.7,63.9,6.97,19.76,114.0,39.2,32.8,Compost,Flood,5049.0
West Bengal,Zaid,Sandy,Groundnut,682.0,34.3,53.9,7.01,17.56,116.8,48.0,26.4,NPK,Sprinkler,1998.9
Maharashtra,Zaid,Black,Mustard,371.3,20.5,83.3,5.77,4.07,102.9,54.6,56.8,DAP,Flood,1903.6
Karnataka,Rabi,Loamy,Maize,902.4,18.1,94.6,6.3,4.47,73.6,38.7,54.3,DAP,Flood,2256.6
Karnataka,Zaid,Alluvial,Maize,938.2,18.2,90.6,6.56,18.01,48.9,56.5,17.2,DAP,Rain-fed,4669.6
Haryana,Zaid,Alluvial,Jowar,365.6,27.2,62.7,7.69,7.17,96.9,18.4,35.9,Organic,Drip,2883.9
West Bengal,Zaid,Loamy,Sugarcane,1447.3,29.8,45.1,5.83,12.18,122.4,57.0,35.1,Urea,Drip,85670.7
Tamil Nadu,Zaid,Red,Soybean,901.2,23.6,64.6,7.09,16.63,49.9,49.9,75.6,Potash,Drip,2423.9
Haryana,Rabi,Clay,Groundnut,645.4,30.8,75.3,7.44,4.31,83.3,61.0,69.7,Potash,Drip,1125.1
Maharashtra,Rabi,Laterite,Jowar,856.6,22.1,70.5,7.35,10.32,32.4,24.6,61.8,Compost,Flood,1310.9
Uttar Pradesh,Rabi,Loamy,Jowar,821.1,24.8,89.9,7.65,1.19,98.0,18.1,72.1,DAP,Sprinkler,1866.6
Maharashtra,Rabi,Red,Sugarcane,1368.4,24.3,49.7,6.42,5.76,146.1,12.7,44.8,Organic,Drip,120924.2
Andhra Pradesh,Rabi,Alluvial,Soybean,707.2,24.0,69.3,7.47,9.82,60.7,35.2,33.8,Compost,Drip,2148.1
Punjab,Kharif,Red,Cotton,886.0,32.7,54.1,6.64,15.0,70.4,78.2,32.7,DAP,Sprinkler,471.4
Madhya Pradesh,Rabi,Loamy,Groundnut,573.1,27.9,42.7,7.77,10.89,102.6,47.4,30.6,Urea,Flood,1193.9
West Bengal,Kharif,Alluvial,Soybean,879.3,27.5,71.4,7.94,8.95,74.9,46.0,71.9,Organic,Rain-fed,1815.9
Rajasthan,Zaid,Black,Sugarcane,1754.6,32.4,80.3,7.92,5.53,120.6,69.0,44.2,DAP,Rain-fed,95518.7
Haryana,Zaid,Sandy,Cotton,1096.5,30.5,40.0,8.18,19.07,89.6,17.7,29.8,Organic,Rain-fed,672.3
West Bengal,Kharif,Black,Cotton,902.5,30.3,63.3,8.2,12.23,133.0,19.4,17.6,Compost,Flood,498.1
Punjab,Rabi,Loamy,Groundnut,612.4,27.6,73.0,8.46,15.43,114.7,28.0,77.3,NPK,Drip,1038.5
Punjab,Zaid,Clay,Wheat,282.8,22.8,65.2,8.17,1.07,91.0,32.6,62.0,Potash,Rain-fed,4054.6
Haryana,Rabi,Alluvial,Maize,1085.1,22.4,89.5,7.47,17.0,84.9,75.5,34.1,DAP,Drip,6374.9
Punjab,Kharif,Loamy,Soybean,1182.3,22.5,58.8,7.0,1.48,101.5,15.8,27.1,Compost,Rain-fed,1772.9
Uttar Pradesh,Zaid,Laterite,Groundnut,589.3,30.6,81.5,5.51,15.29,36.7,61.6,41.2,Organic,Rain-fed,1585.2
Karnataka,Zaid,Loamy,Wheat,432.9,19.4,70.2,7.1,10.02,92.1,21.2,53.8,Organic,Rain-fed,4164.6
Maharashtra,Zaid,Black,Mustard,236.8,15.4,67.1,7.75,5.97,22.0,79.2,13.9,NPK,Sprinkler,796.2
Haryana,Rabi,Alluvial,Maize,1007.4,24.5,41.0,7.87,16.4,137.8,46.9,12.4,Urea,Rain-fed,2359.3
Andhra Pradesh,Rabi,Loamy,Rice,1608.1,32.7,60.7,6.69,15.83,50.8,72.0,64.8,Urea,Rain-fed,4006.2
Uttar Pradesh,Zaid,Sandy,Mustard,268.9,11.9,60.0,6.79,1.52,20.3,20.6,20.3,Potash,Sprinkler,1622.9
Rajasthan,Rabi,Black,Mustard,534.4,13.7,88.7,5.87,11.93,55.4,11.6,28.0,Urea,Rain-fed,1414.3
Karnataka,Kharif,Clay,Rice,1113.0,31.5,94.5,6.8,11.92,65.0,48.1,50.8,Compost,Sprinkler,4459.3
Uttar Pradesh,Rabi,Red,Groundnut,623.3,24.7,67.0,5.6,6.08,121.8,40.4,65.3,Potash,Rain-fed,1914.5
Maharashtra,Kharif,Black,Jowar,775.3,25.1,75.0,6.41,13.06,72.5,50.0,79.2,Potash,Sprinkler,2580.0
West Bengal,Rabi,Alluvial,Mustard,390.2,10.2,79.5,6.6,18.85,121.6,38.1,42.6,Potash,Flood,2185.0
Madhya Pradesh,Zaid,Sandy,Wheat,457.9,14.4,84.4,7.07,19.74,114.7,51.2,38.9,NPK,Drip,2859.2
Rajasthan,Kharif,Sandy,Sugarcane,1610.0,37.6,72.7,7.22,11.8,135.2,74.3,55.1,Organic,Sprinkler,122788.3
Tamil Nadu,Zaid,Alluvial,Maize,899.6,30.4,82.2,6.58,19.67,80.3,14.1,33.4,Urea,Flood,2769.4
West Bengal,Rabi,Black,Wheat,463.6,14.5,94.1,7.14,15.17,75.9,39.3,39.4,Compost,Rain-fed,4780.7
Rajasthan,Zaid,Laterite,Cotton,893.6,37.7,94.2,5.62,8.5,114.4,23.6,71.9,Compost,Rain-fed,547.9
Rajasthan,Rabi,Alluvial,Mustard,267.0,14.5,48.2,8.3,15.65,45.2,35.1,11.7,NPK,Rain-fed,1116.9
Madhya Pradesh,Rabi,Loamy,Rice,1943.5,32.1,58.1,6.74,11.06,141.1,79.1,11.1,Urea,Flood,4550.0
Maharashtra,Rabi,Clay,Soybean,1043.6,24.2,90.8,7.57,13.14,61.3,47.1,54.1,NPK,Rain-fed,1449.5
Andhra Pradesh,Kharif,Sandy,Maize,1173.2,20.6,62.9,5.77,4.33,43.1,14.5,60.0,Organic,Rain-fed,5556.5
Maharashtra,Rabi,Laterite,Soybean,1031.5,21.6,41.3,6.7,1.53,27.3,77.3,69.1,DAP,Flood,1827.7
Haryana,Kharif,Clay,Jowar,418.6,31.0,63.0,8.43,2.85,55.8,19.4,68.7,Urea,Flood,1976.4
Punjab,Rabi,Black,Barley,328.9,10.4,89.9,7.95,15.61,58.0,75.4,44.4,Compost,Drip,2330.0
Tamil Nadu,Kharif,Alluvial,Maize,859.9,30.1,42.5,5.91,4.45,95.9,32.6,19.9,Potash,Flood,5839.3
Maharashtra,Rabi,Red,Mustard,402.7,19.8,70.8,7.31,7.36,101.9,29.6,70.0,Compost,Drip,2013.2
Maharashtra,Zaid,Loamy,Groundnut,867.4,31.1,45.7,7.87,8.1,127.3,31.2,37.0,Potash,Drip,2642.1
West Bengal,Zaid,Black,Cotton,1099.7,25.2,87.6,6.75,17.62,147.7,55.3,53.9,Potash,Sprinkler,794.2
Madhya Pradesh,Zaid,Red,Maize,713.0,31.8,86.4,8.1,6.84,63.7,67.3,65.8,Urea,Rain-fed,1619.8
Uttar Pradesh,Rabi,Alluvial,Wheat,562.2,16.1,74.8,7.27,7.91,21.7,49.0,14.8,Compost,Rain-fed,3184.8
Karnataka,Zaid,Laterite,Sugarcane,1628.5,31.0,64.6,5.54,6.72,30.4,44.0,74.7,DAP,Drip,120538.5
Tamil Nadu,Rabi,Sandy,Rice,1275.4,30.7,72.8,8.12,6.51,146.7,11.8,20.7,DAP,Drip,4179.2
Maharashtra,Rabi,Alluvial,Sugarcane,1821.1,26.8,65.1,6.92,18.31,136.3,50.0,47.6,Organic,Flood,83055.5
Tamil Nadu,Zaid,Red,Barley,588.0,13.8,79.8,8.06,15.55,124.8,48.3,49.6,DAP,Sprinkler,2855.8
Maharashtra,Zaid,Alluvial,Sugarcane,2317.3,28.5,45.2,6.44,15.6,121.8,22.1,68.5,Potash,Sprinkler,88186.0
West Bengal,Rabi,Alluvial,Maize,1139.8,27.0,44.6,6.83,11.45,110.4,23.4,34.8,Organic,Flood,3601.5
Haryana,Rabi,Sandy,Cotton,866.8,37.8,48.7,6.49,1.52,64.2,48.6,62.7,Potash,Rain-fed,706.4
Tamil Nadu,Zaid,Loamy,Wheat,609.4,14.4,77.2,7.2,4.66,107.7,53.6,64.2,NPK,Sprinkler,5133.7
Uttar Pradesh,Rabi,Loamy,Maize,833.3,28.9,45.9,5.87,5.37,55.7,49.8,62.1,Organic,Flood,1706.9
Andhra Pradesh,Kharif,Clay,Maize,1187.6,21.5,67.6,7.36,3.44,146.6,43.8,77.4,Potash,Sprinkler,1741.8
Karnataka,Kharif,Laterite,Rice,1791.7,24.1,76.1,6.93,12.15,78.6,24.4,43.1,DAP,Sprinkler,2810.4
Uttar Pradesh,Kharif,Sandy,Mustard,349.5,10.3,73.6,7.74,15.09,95.0,71.2,71.5,Potash,Drip,1396.3
Rajasthan,Rabi,Clay,Sugarcane,1304.9,29.3,64.0,7.5,16.5,86.8,21.0,43.1,Compost,Flood,115214.2
Tamil Nadu,Kharif,Laterite,Rice,1930.1,28.4,88.6,6.85,14.07,131.4,79.6,27.0,Urea,Flood,3497.3
Karnataka,Rabi,Laterite,Groundnut,464.2,28.7,52.5,7.27,4.17,61.4,70.3,12.6,Urea,Rain-fed,2416.4
Andhra Pradesh,Kharif,Alluvial,Maize,528.3,26.4,89.9,6.36,15.79,58.4,23.5,57.5,Potash,Drip,3302.2
Rajasthan,Kharif,Black,Soybean,832.8,24.5,65.2,5.64,6.49,33.2,14.6,11.1,Compost,Flood,1693.3
Maharashtra,Rabi,Red,Soybean,627.2,24.2,43.2,8.25,2.92,52.0,32.5,11.7,Organic,Sprinkler,1985.2
Haryana,Kharif,Sandy,Sugarcane,2428.4,26.1,70.1,6.88,0.86,35.3,19.3,34.4,Organic,Flood,66939.4
Uttar Pradesh,Zaid,Laterite,Soybean,671.0,24.7,53.1,7.03,9.31,115.2,50.1,51.4,Urea,Flood,2447.2
Punjab,Kharif,Alluvial,Sugarcane,1527.4,26.2,45.4,7.77,11.28,118.7,56.8,23.4,Urea,Flood,118664.4
Madhya Pradesh,Kharif,Laterite,Jowar,763.0,34.6,73.1,6.24,12.1,105.2,50.1,46.4,Compost,Rain-fed,1350.2
Rajasthan,Rabi,Alluvial,Jowar,556.2,34.5,77.6,7.18,13.73,146.0,74.0,44.6,Compost,Sprinkler,1453.8
Tamil Nadu,Zaid,Sandy,Soybean,878.3,29.4,76.5,8.24,7.42,101.4,33.0,38.2,Urea,Flood,1414.2
Madhya Pradesh,Zaid,Sandy,Soybean,1131.4,23.1,90.1,5.85,18.21,74.8,28.9,47.1,Urea,Rain-fed,1455.9
Andhra Pradesh,Kharif,Clay,Soybean,1102.0,28.6,49.4,7.5,16.2,91.0,60.0,17.9,Compost,Drip,1505.9
Punjab,Zaid,Red,Wheat,522.7,23.7,64.0,8.42,3.47,44.8,72.1,68.1,NPK,Sprinkler,4961.4
Tamil Nadu,Zaid,Loamy,Mustard,589.3,17.7,67.0,6.74,14.66,92.3,12.2,31.5,NPK,Sprinkler,946.5
Uttar Pradesh,Kharif,Black,Sugarcane,1186.3,32.6,74.1,7.19,8.14,66.3,16.6,77.4,Organic,Flood,115497.6
Haryana,Zaid,Clay,Rice,1208.6,34.1,51.8,8.49,15.51,117.0,74.1,77.4,Organic,Flood,4459.2
West Bengal,Kharif,Alluvial,Rice,1109.3,25.7,47.3,7.57,13.13,23.2,67.8,32.8,Compost,Rain-fed,4426.0
Tamil Nadu,Kharif,Clay,Cotton,1111.2,29.9,87.8,7.88,10.85,129.3,16.6,72.1,Compost,Sprinkler,778.3
West Bengal,Zaid,Loamy,Barley,522.6,17.1,43.3,6.66,11.52,29.6,65.3,60.3,Organic,Flood,2265.5
West Bengal,Kharif,Clay,Barley,674.8,11.7,93.3,7.65,1.77,106.4,21.8,73.1,Urea,Flood,3358.0
Rajasthan,Rabi,Loamy,Jowar,342.4,33.7,71.9,7.39,12.3,81.8,49.3,30.2,NPK,Flood,1077.6
Madhya Pradesh,Zaid,Alluvial,Mustard,242.6,11.6,88.5,7.2,4.82,81.8,70.1,61.3,DAP,Drip,2295.3
Madhya Pradesh,Kharif,Sandy,Groundnut,415.3,33.2,65.0,7.76,14.65,129.5,57.3,48.4,Potash,Sprinkler,1197.3
Haryana,Rabi,Red,Cotton,1192.3,36.5,50.4,5.85,18.41,136.7,58.3,38.3,DAP,Rain-fed,474.7
Andhra Pradesh,Zaid,Loamy,Maize,707.6,29.9,41.3,5.54,1.78,84.0,79.8,30.1,Organic,Sprinkler,4520.2
Tamil Nadu,Kharif,Alluvial,Cotton,939.2,35.5,90.4,8.31,16.49,145.6,18.7,75.2,NPK,Rain-fed,807.3
Haryana,Rabi,Red,Rice,1174.7,29.9,59.8,6.56,9.72,106.0,33.9,49.3,NPK,Rain-fed,3983.5
Haryana,Rabi,Black,Jowar,550.6,30.5,41.9,6.77,17.98,68.6,64.0,59.9,NPK,Sprinkler,2620.8
West Bengal,Zaid,Red,Soybean,931.6,22.1,64.3,7.91,15.84,79.0,68.4,68.2,Compost,Drip,1039.9
Madhya Pradesh,Rabi,Loamy,Rice,1366.3,22.6,68.5,7.69,18.23,59.1,21.1,40.4,Compost,Rain-fed,2165.0
Rajasthan,Rabi,Loamy,Jowar,309.7,24.4,85.2,8.44,0.68,73.7,38.6,10.0,Compost,Sprinkler,2240.5
West Bengal,Rabi,Sandy,Wheat,312.2,11.2,63.2,7.63,6.44,45.0,40.0,35.1,Organic,Sprinkler,3361.7
Maharashtra,Kharif,Black,Sugarcane,1390.9,25.6,59.3,6.14,17.9,59.1,43.3,76.9,Potash,Sprinkler,95213.4
Tamil Nadu,Rabi,Loamy,Groundnut,854.2,22.3,42.4,5.81,11.64,58.8,27.4,59.7,Compost,Sprinkler,1560.3
Karnataka,Rabi,Laterite,Soybean,716.0,28.6,67.8,7.82,1.81,88.1,25.0,47.9,Urea,Sprinkler,1716.3
West Bengal,Rabi,Laterite,Cotton,747.3,37.2,52.2,7.57,10.52,130.4,31.9,70.2,Compost,Rain-fed,590.6
Andhra Pradesh,Zaid,Alluvial,Sugarcane,2043.9,28.6,47.6,7.23,16.25,86.0,68.8,76.7,Organic,Sprinkler,106032.8
Rajasthan,Kharif,Red,Sugarcane,1568.7,36.4,80.0,5.61,12.26,44.7,49.8,38.7,DAP,Sprinkler,94779.6
Rajasthan,Zaid,Clay,Rice,984.2,25.6,75.9,7.22,10.66,45.5,70.2,66.8,Compost,Rain-fed,2598.5
Haryana,Zaid,Black,Maize,1078.5,30.8,67.4,8.05,11.88,68.5,41.4,57.5,Urea,Rain-fed,1976.1
Punjab,Zaid,Alluvial,Soybean,886.2,22.9,81.8,7.59,4.73,41.5,74.5,46.5,Compost,Flood,2567.5
Rajasthan,Kharif,Loamy,Cotton,528.0,26.1,52.7,6.36,2.41,123.2,15.7,28.0,NPK,Rain-fed,693.4
Madhya Pradesh,Zaid,Red,Groundnut,683.6,32.9,57.3,7.86,7.53,89.3,28.9,32.6,Urea,Sprinkler,2533.7
Andhra Pradesh,Kharif,Red,Barley,355.9,10.0,87.6,6.94,14.06,81.6,67.6,64.0,Urea,Flood,2346.8
Tamil Nadu,Rabi,Red,Soybean,1038.3,22.2,54.2,8.18,3.38,95.8,67.6,20.5,Potash,Rain-fed,2027.4
Uttar Pradesh,Kharif,Alluvial,Wheat,710.9,11.3,42.8,6.05,5.72,82.5,73.9,13.3,Urea,Rain-fed,2188.3
Maharashtra,Rabi,Sandy,Cotton,1002.1,30.6,70.4,7.17,9.83,102.6,24.3,49.8,DAP,Rain-fed,359.2
Punjab,Rabi,Red,Cotton,1174.9,26.8,69.0,6.5,4.11,50.9,43.3,62.0,NPK,Rain-fed,652.7
West Bengal,Rabi,Alluvial,Soybean,1127.6,26.1,64.5,7.57,6.18,70.6,65.8,11.4,Potash,Drip,1818.4
Uttar Pradesh,Kharif,Laterite,Jowar,329.8,26.3,59.9,6.86,11.17,43.5,68.3,42.2,Organic,Drip,1519.6
Punjab,Rabi,Black,Wheat,507.8,15.0,43.8,7.83,14.07,61.8,52.8,65.2,Organic,Drip,4464.5
Andhra Pradesh,Kharif,Loamy,Cotton,660.0,27.3,84.5,7.65,4.3,132.1,66.7,62.8,Organic,Rain-fed,556.4
Punjab,Kharif,Sandy,Barley,299.2,21.7,68.4,6.59,10.31,43.8,62.8,41.2,Urea,Flood,4347.5
Maharashtra,Kharif,Alluvial,Groundnut,420.7,34.7,76.9,5.72,12.34,22.9,65.7,72.0,NPK,Sprinkler,1235.3
Madhya Pradesh,Rabi,Clay,Rice,1680.1,23.2,90.5,6.75,15.53,77.1,36.7,71.7,Compost,Sprinkler,2604.0
Rajasthan,Kharif,Loamy,Barley,229.7,20.6,55.3,8.39,7.87,97.8,13.0,36.9,NPK,Rain-fed,2615.4
Tamil Nadu,Rabi,Red,Sugarcane,2242.6,34.2,85.1,8.12,0.98,143.3,24.2,70.0,Organic,Sprinkler,94591.3
Rajasthan,Zaid,Black,Cotton,613.5,29.0,79.3,6.27,7.3,77.3,12.0,64.2,DAP,Flood,899.8
Madhya Pradesh,Kharif,Loamy,Barley,263.2,10.4,87.6,6.8,6.02,134.2,61.2,34.8,NPK,Sprinkler,2370.5
Haryana,Kharif,Alluvial,Cotton,559.1,33.2,82.3,6.5,11.25,144.3,59.6,36.2,Organic,Drip,587.9
West Bengal,Zaid,Clay,Rice,1070.6,24.9,74.2,5.52,3.56,110.6,52.6,53.7,Potash,Rain-fed,3678.3
Karnataka,Zaid,Sandy,Jowar,443.8,26.5,83.9,8.33,12.3,120.1,55.6,75.4,Potash,Sprinkler,1265.9
Uttar Pradesh,Kharif,Laterite,Soybean,982.4,28.1,52.1,7.37,7.8,84.4,17.7,44.9,Compost,Rain-fed,1929.1
Punjab,Zaid,Loamy,Wheat,484.7,11.9,56.1,6.02,16.85,109.9,50.1,64.0,NPK,Rain-fed,2739.8
Rajasthan,Zaid,Clay,Mustard,281.6,13.3,69.0,6.74,1.33,37.3,74.3,12.4,Urea,Flood,899.1
Haryana,Rabi,Loamy,Soybean,895.6,29.4,90.3,7.88,18.52,78.5,44.5,24.3,NPK,Drip,1808.1
Punjab,Kharif,Alluvial,Barley,438.7,20.0,52.1,6.0,3.81,63.5,56.4,51.5,DAP,Drip,1994.3
Maharashtra,Zaid,Red,Wheat,289.5,12.2,62.8,6.61,0.59,37.1,75.1,71.6,Urea,Sprinkler,3863.9
Punjab,Kharif,Sandy,Cotton,742.0,29.6,86.3,5.95,16.88,38.3,21.8,56.4,Compost,Drip,839.4
Uttar Pradesh,Zaid,Laterite,Cotton,594.7,37.5,72.7,7.56,5.01,53.0,44.5,13.5,Urea,Rain-fed,621.7
Andhra Pradesh,Rabi,Loamy,Soybean,621.9,25.8,73.3,6.35,11.45,67.6,70.6,55.5,DAP,Flood,2692.3
Maharashtra,Rabi,Red,Jowar,751.3,32.3,85.5,8.01,8.53,91.7,51.8,29.7,Compost,Flood,1966.4
Rajasthan,Zaid,Sandy,Mustard,590.2,15.9,86.3,6.79,17.71,145.5,57.2,38.9,Compost,Rain-fed,2050.2
Uttar Pradesh,Kharif,Loamy,Barley,682.5,8.6,52.6,6.5,18.01,128.6,21.8,43.7,NPK,Flood,2972.5
Maharashtra,Rabi,Black,Groundnut,766.6,25.9,86.0,6.0,13.27,68.9,76.2,37.2,Organic,Drip,2128.7
Maharashtra,Zaid,Sandy,Rice,1034.1,27.5,71.0,6.94,17.21,40.5,64.8,70.9,DAP,Flood,2369.0
Maharashtra,Zaid,Sandy,Soybean,797.5,26.4,60.6,8.3,16.59,117.0,78.3,32.2,DAP,Flood,1545.0
West Bengal,Rabi,Clay,Soybean,893.3,20.9,83.8,5.82,15.35,149.3,31.0,42.9,Compost,Drip,1469.2
Haryana,Zaid,Black,Jowar,373.3,28.5,50.2,5.55,8.45,130.1,49.8,16.6,DAP,Rain-fed,917.6
West Bengal,Rabi,Alluvial,Jowar,565.6,34.4,59.8,7.06,14.82,104.5,65.3,16.2,Potash,Rain-fed,826.5
Karnataka,Kharif,Clay,Wheat,590.0,17.0,80.8,7.61,13.95,140.4,72.3,33.1,Potash,Sprinkler,5030.8
Tamil Nadu,Kharif,Laterite,Rice,1052.7,29.1,44.8,7.96,11.68,114.7,62.3,75.1,Potash,Flood,2966.9
Uttar Pradesh,Rabi,Alluvial,Groundnut,865.1,33.1,45.5,7.43,15.6,114.2,12.0,77.5,DAP,Flood,1578.8
Haryana,Kharif,Laterite,Maize,1197.8,23.0,57.8,6.98,2.74,47.9,67.7,68.0,Urea,Rain-fed,4528.6
Karnataka,Zaid,Black,Rice,1067.6,33.7,47.7,5.69,1.59,38.4,21.8,58.9,Potash,Flood,2477.1
Uttar Pradesh,Kharif,Red,Wheat,425.8,20.8,93.1,7.11,12.34,120.9,17.9,39.5,Potash,Flood,4831.9
Punjab,Zaid,Alluvial,Sugarcane,1316.1,35.6,61.7,6.6,14.21,72.7,74.3,51.1,NPK,Flood,136184.5
Uttar Pradesh,Zaid,Black,Groundnut,781.1,33.7,61.2,6.37,12.75,121.4,23.0,53.3,NPK,Flood,1805.1
West Bengal,Zaid,Red,Jowar,474.6,24.6,93.9,7.93,6.2,49.8,46.3,59.8,NPK,Drip,973.6
Andhra Pradesh,Zaid,Sandy,Sugarcane,1175.5,24.4,56.1,8.45,4.29,148.2,12.1,58.8,Potash,Flood,74498.5
Punjab,Kharif,Clay,Wheat,397.1,14.5,70.9,5.84,4.42,111.6,75.2,45.7,Urea,Rain-fed,2332.1
West Bengal,Kharif,Black,Maize,1183.0,28.7,81.6,5.77,10.64,29.5,74.0,18.9,NPK,Drip,2341.9
West Bengal,Rabi,Alluvial,Mustard,569.2,17.7,70.8,6.97,18.16,51.0,47.7,79.0,Urea,Flood,1128.3
Andhra Pradesh,Kharif,Red,Maize,692.2,24.0,68.1,8.24,7.92,74.3,56.3,43.0,Urea,Flood,1845.7
Punjab,Kharif,Clay,Mustard,471.1,14.4,69.7,7.98,13.61,63.9,18.2,10.9,DAP,Flood,740.6
Tamil Nadu,Kharif,Black,Mustard,489.5,16.3,75.5,6.96,12.91,38.7,74.4,48.8,DAP,Rain-fed,1741.5
Karnataka,Kharif,Sandy,Cotton,1159.7,31.3,63.6,6.7,18.31,86.1,39.2,27.0,Potash,Drip,605.2
Karnataka,Rabi,Clay,Cotton,533.8,27.7,44.6,5.53,14.27,43.5,78.7,65.4,NPK,Flood,670.4
Haryana,Zaid,Alluvial,Groundnut,701.9,22.7,53.4,7.39,3.3,32.8,73.3,68.0,DAP,Flood,1966.5
Tamil Nadu,Rabi,Black,Rice,1071.7,28.2,57.5,6.55,9.13,91.3,66.5,69.4,Urea,Drip,3236.0
West Bengal,Zaid,Laterite,Soybean,653.2,25.7,92.9,5.72,17.91,131.8,20.8,73.5,Urea,Flood,2702.6
Uttar Pradesh,Zaid,Red,Rice,1764.0,23.2,52.6,6.54,1.48,93.2,77.3,72.5,NPK,Flood,3604.9
West Bengal,Kharif,Alluvial,Soybean,885.4,21.0,43.8,7.5,8.29,134.0,22.9,46.1,DAP,Flood,2790.1
West Bengal,Zaid,Clay,Maize,1164.5,27.5,67.3,5.67,14.17,39.7,24.9,26.1,Potash,Sprinkler,4876.6
Uttar Pradesh,Zaid,Sandy,Sugarcane,1891.5,34.8,54.6,5.73,14.56,140.7,27.1,55.7,DAP,Sprinkler,127517.2
Punjab,Rabi,Red,Sugarcane,1693.6,37.7,62.2,7.81,6.8,87.0,34.2,28.2,Compost,Drip,81275.3
Uttar Pradesh,Rabi,Black,Mustard,549.0,13.8,46.1,7.13,0.76,88.2,12.6,57.8,NPK,Drip,2388.4
West Bengal,Kharif,Loamy,Groundnut,739.2,25.7,84.0,5.55,6.03,54.3,61.9,52.3,Compost,Drip,1363.0
Madhya Pradesh,Zaid,Red,Soybean,740.5,23.7,70.0,5.58,4.35,81.4,67.4,42.7,NPK,Sprinkler,2053.3
West Bengal,Rabi,Loamy,Soybean,1022.5,20.0,78.2,5.79,17.55,21.4,40.1,16.3,Organic,Sprinkler,2427.1
Madhya Pradesh,Rabi,Loamy,Mustard,494.8,16.9,61.8,7.81,4.22,147.4,69.2,59.3,Potash,Rain-fed,1492.7
Maharashtra,Zaid,Laterite,Mustard,458.6,22.2,74.1,5.63,8.05,131.1,22.6,55.0,Urea,Flood,952.1
Haryana,Rabi,Alluvial,Jowar,572.2,26.7,74.5,7.03,10.8,27.7,37.2,68.9,Organic,Rain-fed,936.5
Punjab,Kharif,Laterite,Groundnut,601.6,24.9,75.8,6.07,0.9,96.3,54.5,70.5,Compost,Sprinkler,1000.4
Maharashtra,Rabi,Laterite,Sugarcane,1360.8,26.5,42.6,6.37,17.28,103.6,16.0,71.8,Urea,Rain-fed,99384.4
Madhya Pradesh,Zaid,Alluvial,Sugarcane,1584.3,25.5,83.5,5.69,7.46,107.8,59.8,52.4,Compost,Flood,77530.6
Punjab,Rabi,Clay,Jowar,602.7,28.2,64.2,6.54,13.25,134.4,31.0,71.1,NPK,Rain-fed,1678.0
Maharashtra,Rabi,Sandy,Groundnut,550.6,31.0,65.8,6.42,6.55,24.2,75.4,55.5,Organic,Rain-fed,1645.5
West Bengal,Kharif,Laterite,Jowar,829.3,25.5,76.4,5.92,2.79,43.2,43.3,48.6,Urea,Rain-fed,2360.4
Karnataka,Rabi,Black,Sugarcane,1874.6,37.5,93.9,6.0,15.15,128.3,16.8,40.6,Potash,Flood,103056.5
Andhra Pradesh,Zaid,Laterite,Groundnut,836.1,26.6,86.3,6.29,16.52,101.8,41.3,17.1,Urea,Sprinkler,2716.6
Haryana,Zaid,Black,Mustard,518.7,23.2,88.5,6.53,15.97,35.9,79.7,29.1,Potash,Drip,1521.4
Madhya Pradesh,Rabi,Laterite,Soybean,656.1,27.4,70.9,5.82,16.64,136.9,78.4,19.3,Organic,Rain-fed,990.7
Madhya Pradesh,Kharif,Red,Sugarcane,1442.4,27.6,70.5,7.56,12.46,76.7,57.7,52.7,Potash,Rain-fed,65253.4
Uttar Pradesh,Zaid,Loamy,Sugarcane,1855.0,25.6,65.5,8.48,4.97,124.6,71.1,31.4,DAP,Sprinkler,68911.1
Karnataka,Zaid,Red,Mustard,577.6,19.6,41.1,6.67,6.55,120.9,40.1,54.1,Urea,Flood,769.7
Maharashtra,Kharif,Laterite,Sugarcane,2201.8,28.3,57.8,8.4,9.98,101.8,43.9,34.9,Compost,Drip,66594.7
Karnataka,Zaid,Laterite,Cotton,633.4,22.5,43.7,8.2,12.81,76.0,39.2,34.1,Potash,Sprinkler,429.4
Maharashtra,Zaid,Red,Wheat,736.9,11.8,66.0,6.72,4.02,123.5,62.0,37.5,Potash,Rain-fed,4462.6
Maharashtra,Kharif,Sandy,Mustard,309.9,14.3,45.7,7.99,19.44,44.0,46.5,45.6,Urea,Drip,2035.8
Punjab,Rabi,Alluvial,Barley,571.6,21.1,66.1,6.76,13.6,138.2,38.9,54.2,DAP,Rain-fed,4529.7
Punjab,Rabi,Red,Jowar,812.0,28.8,64.3,8.12,1.03,95.9,54.5,24.1,DAP,Sprinkler,1414.0
Karnataka,Kharif,Black,Rice,1776.9,27.8,76.5,7.39,14.46,71.0,33.2,72.2,NPK,Drip,2927.4
Punjab,Rabi,Black,Wheat,664.0,13.9,52.2,6.26,10.57,92.1,14.7,34.6,Compost,Drip,3711.7
West Bengal,Zaid,Red,Jowar,501.0,24.5,77.9,6.71,19.86,107.0,55.7,25.6,Urea,Flood,1787.9
Karnataka,Zaid,Sandy,Rice,1715.2,25.3,66.4,7.33,4.23,111.8,17.1,36.6,DAP,Sprinkler,4343.5
Maharashtra,Rabi,Black,Jowar,373.3,29.6,66.0,6.98,17.69,38.7,31.6,35.5,Potash,Sprinkler,2454.2
Haryana,Zaid,Red,Rice,1233.4,32.8,58.1,5.85,19.68,129.8,72.7,40.9,DAP,Rain-fed,5276.3
West Bengal,Kharif,Sandy,Wheat,251.1,13.5,61.8,5.97,8.03,78.8,18.1,12.7,DAP,Sprinkler,3364.2
Punjab,Rabi,Black,Soybean,848.9,22.4,40.1,6.81,17.87,144.4,22.5,60.3,Potash,Flood,2254.2
Maharashtra,Rabi,Loamy,Mustard,222.3,13.4,41.4,6.5,14.7,37.4,34.7,22.7,Urea,Sprinkler,1883.4
Madhya Pradesh,Zaid,Black,Mustard,245.6,22.7,59.6,6.97,5.11,50.5,52.1,35.0,Potash,Rain-fed,1178.8
West Bengal,Zaid,Red,Sugarcane,2291.3,37.4,87.8,7.84,10.66,53.0,31.0,37.8,Organic,Rain-fed,80721.2
Rajasthan,Kharif,Loamy,Rice,1069.9,28.2,53.2,7.4,10.32,41.9,60.6,66.9,Urea,Rain-fed,3150.5
Haryana,Kharif,Red,Cotton,752.5,37.9,56.8,7.56,5.45,26.5,45.9,73.7,Compost,Flood,593.0
Uttar Pradesh,Zaid,Red,Jowar,645.7,29.9,52.0,5.54,3.61,50.8,54.4,20.6,DAP,Flood,1021.7
Andhra Pradesh,Kharif,Sandy,Maize,1021.6,28.8,46.0,8.35,14.18,70.6,16.3,42.0,Potash,Flood,4823.0
Andhra Pradesh,Kharif,Loamy,Groundnut,723.8,31.1,56.5,5.51,10.58,54.9,40.7,22.1,NPK,Sprinkler,1506.0
Karnataka,Kharif,Sandy,Mustard,380.2,12.0,63.3,6.01,1.08,89.5,67.1,35.4,Compost,Rain-fed,1428.2
Maharashtra,Zaid,Loamy,Wheat,697.8,17.6,55.4,7.07,2.61,121.9,56.9,47.2,Urea,Rain-fed,3905.8
Madhya Pradesh,Rabi,Black,Barley,435.5,21.8,63.3,6.32,15.91,63.6,56.8,49.8,NPK,Sprinkler,2085.4
Uttar Pradesh,Kharif,Red,Mustard,418.0,15.8,63.3,7.25,4.54,112.8,34.8,71.2,Organic,Drip,2166.9
Madhya Pradesh,Rabi,Alluvial,Wheat,435.0,18.1,50.4,8.48,13.45,58.6,55.5,68.3,Compost,Sprinkler,4703.9
West Bengal,Zaid,Alluvial,Maize,604.1,20.6,47.9,7.28,15.09,53.1,16.4,20.4,Potash,Rain-fed,2501.5
Maharashtra,Kharif,Alluvial,Sugarcane,1160.8,33.7,63.3,6.84,2.74,20.5,20.1,47.4,NPK,Flood,75646.6
Punjab,Zaid,Loamy,Groundnut,558.5,22.3,71.7,5.56,4.51,130.4,50.8,47.9,Urea,Drip,992.0
Madhya Pradesh,Rabi,Loamy,Sugarcane,2063.5,33.6,62.6,7.89,3.48,67.6,20.8,21.3,Potash,Drip,133603.4
Punjab,Rabi,Clay,Wheat,384.3,15.2,81.9,7.86,19.77,135.6,32.2,32.9,NPK,Sprinkler,2694.9
West Bengal,Rabi,Black,Maize,1044.7,24.5,86.6,7.13,10.93,121.1,21.9,61.8,Compost,Sprinkler,3522.0
West Bengal,Zaid,Loamy,Jowar,420.4,29.6,90.2,7.36,19.81,108.3,77.5,30.9,NPK,Flood,1016.8
Haryana,Zaid,Clay,Cotton,646.7,22.8,56.4,6.96,10.2,142.6,48.0,11.4,Urea,Drip,935.1
Andhra Pradesh,Zaid,Sandy,Maize,1073.3,31.0,58.8,5.93,2.29,125.3,60.3,78.3,Urea,Rain-fed,2933.6
Andhra Pradesh,Zaid,Sandy,Barley,534.3,11.5,57.2,6.56,4.19,33.9,73.2,52.1,Organic,Rain-fed,3277.9
Andhra Pradesh,Rabi,Clay,Barley,658.8,13.1,65.5,5.83,13.23,132.3,59.0,72.4,NPK,Flood,1975.5
Uttar Pradesh,Kharif,Sandy,Cotton,842.3,34.9,40.5,8.16,5.74,101.1,65.4,27.5,DAP,Sprinkler,837.4
Karnataka,Kharif,Alluvial,Wheat,602.1,22.9,70.6,5.64,4.15,82.6,27.4,43.3,Urea,Drip,3925.7
Haryana,Kharif,Loamy,Groundnut,562.8,35.8,89.1,7.71,2.99,30.1,72.6,69.6,Potash,Flood,2394.4
Punjab,Kharif,Sandy,Rice,1811.6,25.0,59.3,5.73,9.22,106.2,40.7,10.3,DAP,Rain-fed,3558.1
Rajasthan,Kharif,Red,Soybean,1124.4,22.5,77.2,8.09,1.02,117.1,71.9,19.3,Urea,Drip,1490.0
Punjab,Kharif,Laterite,Soybean,1129.5,27.6,45.6,7.37,19.66,74.3,79.0,67.7,DAP,Rain-fed,1597.1
West Bengal,Zaid,Sandy,Barley,447.9,17.7,43.2,7.42,19.25,87.6,79.9,13.1,NPK,Rain-fed,2104.3
West Bengal,Zaid,Alluvial,Sugarcane,1101.4,26.4,43.5,7.08,2.53,61.9,26.4,35.3,DAP,Drip,104749.5
Andhra Pradesh,Rabi,Loamy,Jowar,614.3,25.5,66.3,7.95,1.13,144.4,41.2,31.2,DAP,Drip,3111.7
Punjab,Rabi,Laterite,Soybean,1108.9,20.7,49.9,7.23,6.76,40.6,51.7,10.0,DAP,Rain-fed,1431.3
Haryana,Rabi,Sandy,Barley,232.4,12.0,42.9,6.24,5.89,51.8,19.3,28.1,DAP,Flood,2822.3
Karnataka,Rabi,Clay,Soybean,953.6,22.8,72.9,6.87,9.33,64.5,38.0,70.8,DAP,Flood,2000.6
Maharashtra,Rabi,Laterite,Barley,619.6,21.9,84.3,7.45,12.46,104.4,54.9,24.5,Organic,Drip,4017.5
Karnataka,Zaid,Red,Sugarcane,1328.7,35.3,64.5,5.51,3.52,57.9,64.7,34.7,NPK,Rain-fed,52545.5
Karnataka,Zaid,Laterite,Groundnut,445.9,31.0,63.5,7.41,8.86,23.3,23.4,68.3,DAP,Rain-fed,2526.1
Tamil Nadu,Rabi,Loamy,Soybean,1199.3,25.0,42.6,8.04,10.66,62.3,13.4,71.0,Potash,Rain-fed,1082.6
Rajasthan,Zaid,Clay,Wheat,261.7,17.4,55.4,7.94,10.45,113.9,48.9,47.3,NPK,Flood,2041.2
Punjab,Kharif,Red,Soybean,1040.8,28.0,48.9,8.46,3.53,124.3,37.5,18.1,NPK,Sprinkler,1128.3
Punjab,Kharif,Black,Maize,1135.0,30.3,76.4,6.33,7.03,147.4,54.4,77.6,Compost,Drip,3302.0
Punjab,Rabi,Black,Soybean,1055.4,20.9,88.8,6.84,1.99,29.4,51.3,44.5,DAP,Rain-fed,2203.8
Uttar Pradesh,Rabi,Loamy,Cotton,1066.9,23.2,85.7,7.99,6.73,40.0,54.5,68.4,Potash,Sprinkler,439.2
Uttar Pradesh,Zaid,Black,Cotton,916.4,31.3,71.9,6.7,11.06,80.3,20.0,12.7,NPK,Rain-fed,1035.9
Punjab,Rabi,Alluvial,Sugarcane,1879.7,30.2,52.0,5.7,3.38,60.6,19.3,74.6,DAP,Flood,61629.9
Rajasthan,Zaid,Laterite,Cotton,852.6,30.4,57.2,7.01,11.86,47.6,14.1,78.6,Urea,Drip,504.5
Maharashtra,Rabi,Red,Cotton,996.9,32.0,68.5,6.73,19.79,60.5,64.8,40.6,DAP,Drip,1155.5
Andhra Pradesh,Kharif,Laterite,Jowar,606.7,32.0,50.0,6.36,14.62,117.9,71.3,61.0,Urea,Sprinkler,1843.2
Rajasthan,Zaid,Red,Mustard,557.7,17.5,75.4,7.87,9.09,31.5,45.5,52.2,DAP,Drip,2164.1
Uttar Pradesh,Rabi,Red,Jowar,569.1,28.5,60.2,5.72,6.17,117.8,57.0,75.8,Compost,Sprinkler,1476.2
Maharashtra,Rabi,Clay,Maize,620.1,29.1,67.0,6.9,8.7,112.6,29.7,55.5,Potash,Drip,2630.0
Uttar Pradesh,Kharif,Loamy,Barley,557.8,16.7,71.4,6.2,14.89,74.2,68.2,78.6,Organic,Rain-fed,3457.1
Karnataka,Zaid,Alluvial,Groundnut,478.9,29.9,80.5,8.01,9.9,108.9,10.9,54.3,Organic,Rain-fed,1389.7
Maharashtra,Kharif,Laterite,Mustard,599.8,19.1,92.8,8.33,13.06,120.8,66.4,44.9,Potash,Flood,1315.0
Rajasthan,Zaid,Red,Jowar,649.9,22.8,52.9,6.03,2.73,92.9,28.9,32.2,DAP,Sprinkler,2736.8
Uttar Pradesh,Zaid,Loamy,Cotton,895.8,25.3,40.4,5.95,8.98,107.1,40.3,17.9,NPK,Drip,670.3
Uttar Pradesh,Zaid,Clay,Sugarcane,1003.3,31.1,53.1,6.09,10.43,113.8,75.6,37.6,NPK,Sprinkler,86738.7
Maharashtra,Zaid,Laterite,Soybean,1085.3,25.3,78.4,8.2,1.01,77.5,50.1,51.2,Organic,Sprinkler,1952.5
West Bengal,Rabi,Red,Mustard,524.8,23.0,42.4,7.52,5.18,105.2,43.8,26.5,DAP,Flood,1928.1
Andhra Pradesh,Rabi,Laterite,Wheat,550.5,19.8,48.8,7.91,7.93,59.0,65.7,17.4,Urea,Flood,4304.6
Punjab,Rabi,Loamy,Maize,1197.8,25.7,53.8,7.67,18.94,114.3,57.9,80.0,Urea,Sprinkler,5617.3
Uttar Pradesh,Zaid,Alluvial,Soybean,675.5,27.1,69.4,8.39,16.82,136.3,74.1,15.4,NPK,Rain-fed,2382.6
Rajasthan,Zaid,Red,Soybean,972.3,25.5,57.1,6.1,10.32,143.1,78.0,47.2,Compost,Sprinkler,2084.2
Uttar Pradesh,Kharif,Clay,Soybean,1174.4,22.1,64.0,6.06,17.79,100.4,13.3,53.6,Compost,Drip,2469.3
Maharashtra,Kharif,Loamy,Barley,284.4,13.4,92.0,7.96,1.03,42.2,50.0,66.5,Compost,Sprinkler,2794.5
Rajasthan,Kharif,Alluvial,Mustard,230.0,14.0,40.8,5.57,13.79,46.8,46.0,38.5,Organic,Drip,935.3
Rajasthan,Zaid,Alluvial,Wheat,591.8,12.4,71.7,8.29,6.5,138.7,46.7,63.6,Compost,Sprinkler,4256.5
Maharashtra,Rabi,Alluvial,Rice,1214.7,32.3,43.4,5.99,15.74,138.0,72.8,73.5,Organic,Drip,2584.5
Punjab,Rabi,Sandy,Rice,1236.0,22.4,88.0,6.37,12.33,101.5,38.4,76.1,Urea,Sprinkler,4355.1
Karnataka,Kharif,Sandy,Cotton,956.1,35.7,71.7,8.4,3.06,80.6,77.8,76.0,DAP,Sprinkler,872.9
Andhra Pradesh,Rabi,Red,Wheat,702.6,10.1,90.9,7.47,16.68,57.2,13.4,45.2,Organic,Sprinkler,3994.3
West Bengal,Zaid,Alluvial,Mustard,267.2,14.1,93.2,5.51,3.83,25.0,76.0,36.6,Urea,Flood,1346.2
Punjab,Rabi,Sandy,Rice,1983.1,30.6,76.5,8.31,1.24,85.3,65.0,53.8,Organic,Sprinkler,3924.0
Punjab,Zaid,Loamy,Barley,230.3,10.5,43.0,6.29,13.61,89.8,59.9,63.0,Urea,Drip,3661.9
Uttar Pradesh,Kharif,Laterite,Rice,1651.0,22.6,42.4,7.79,5.99,145.6,79.6,54.4,NPK,Drip,4007.9
West Bengal,Zaid,Red,Groundnut,504.2,28.0,52.2,7.11,12.04,133.9,67.2,46.2,DAP,Drip,1199.4
Tamil Nadu,Zaid,Clay,Barley,624.5,13.3,83.9,7.44,12.61,40.6,21.9,23.3,Potash,Sprinkler,2606.4
West Bengal,Rabi,Black,Barley,495.3,17.2,93.7,7.46,13.89,127.2,68.3,21.1,Urea,Drip,4251.2
Madhya Pradesh,Rabi,Loamy,Groundnut,893.4,30.6,78.1,5.84,12.75,80.5,60.5,74.8,DAP,Drip,2082.4
Haryana,Kharif,Black,Sugarcane,1597.8,26.0,45.7,8.32,3.95,80.6,53.8,56.5,DAP,Drip,75046.2
Madhya Pradesh,Zaid,Loamy,Groundnut,658.2,34.1,45.3,6.85,6.24,32.6,41.6,51.4,NPK,Sprinkler,2890.0
Tamil Nadu,Zaid,Red,Sugarcane,2168.4,33.2,80.9,7.85,6.63,55.9,63.5,68.8,DAP,Sprinkler,98109.8
Maharashtra,Kharif,Sandy,Jowar,490.6,23.1,58.0,7.84,8.82,74.9,27.0,23.2,Urea,Drip,1117.8
Punjab,Kharif,Loamy,Sugarcane,1958.0,27.6,77.3,7.19,5.32,121.4,26.8,19.0,Compost,Flood,76190.8
Tamil Nadu,Kharif,Laterite,Cotton,1046.9,27.3,80.2,6.54,9.97,120.6,67.7,60.3,Urea,Flood,478.9
West Bengal,Kharif,Alluvial,Maize,1021.4,24.4,80.2,6.19,16.13,73.1,34.4,40.5,NPK,Rain-fed,4630.2
Tamil Nadu,Rabi,Red,Soybean,890.5,29.5,80.5,6.8,17.69,64.0,77.7,68.1,Urea,Drip,1390.7
Maharashtra,Zaid,Sandy,Sugarcane,1695.7,31.9,58.9,7.02,2.73,115.9,63.3,22.5,Organic,Flood,91858.1
Andhra Pradesh,Rabi,Sandy,Groundnut,735.0,27.4,62.7,8.42,8.47,140.6,37.3,39.8,Compost,Rain-fed,2549.0
Andhra Pradesh,Zaid,Alluvial,Maize,1153.0,24.2,61.5,6.45,17.74,144.0,32.5,12.6,Organic,Sprinkler,2409.0
Karnataka,Zaid,Alluvial,Groundnut,431.3,23.7,44.4,7.12,14.11,143.0,27.1,33.9,Organic,Rain-fed,2196.0
Punjab,Zaid,Laterite,Barley,232.5,13.3,55.4,5.98,1.5,37.1,35.0,78.4,Compost,Sprinkler,2576.9
Maharashtra,Zaid,Red,Maize,731.4,24.9,63.5,7.06,14.64,130.9,22.9,56.3,Organic,Drip,2414.6
Rajasthan,Rabi,Clay,Barley,462.3,8.4,75.2,6.16,4.26,27.7,74.2,75.8,NPK,Drip,3244.7
Maharashtra,Zaid,Sandy,Soybean,1022.4,20.2,55.1,8.21,16.8,43.6,60.4,69.4,NPK,Flood,2123.6
Maharashtra,Zaid,Alluvial,Groundnut,423.0,29.4,42.5,8.39,7.57,106.7,14.0,28.6,Potash,Rain-fed,1923.1
Madhya Pradesh,Zaid,Loamy,Cotton,602.0,29.6,48.2,5.56,19.03,38.4,77.2,26.9,DAP,Flood,658.3
Maharashtra,Zaid,Black,Barley,544.5,9.6,60.2,7.88,16.83,96.9,25.0,20.6,Potash,Flood,3127.8
Uttar Pradesh,Kharif,Black,Mustard,271.1,17.9,59.9,6.51,15.51,66.2,11.0,75.6,NPK,Flood,1811.4
Haryana,Zaid,Clay,Barley,698.6,13.9,53.5,5.93,5.24,106.5,41.6,67.4,Organic,Flood,2239.5
Punjab,Zaid,Sandy,Wheat,377.9,15.9,47.4,7.74,11.76,133.4,61.3,20.4,Organic,Drip,3527.8
Maharashtra,Rabi,Red,Soybean,1179.7,26.7,84.2,5.6,3.13,34.9,57.9,60.7,Urea,Sprinkler,2027.0
Maharashtra,Rabi,Laterite,Mustard,403.1,17.1,53.5,8.36,17.36,65.5,59.6,23.4,DAP,Flood,1691.8
West Bengal,Zaid,Clay,Cotton,1041.2,24.3,63.6,7.6,5.03,26.9,12.4,11.9,Organic,Sprinkler,467.5
Punjab,Kharif,Red,Rice,1675.3,26.6,40.6,8.11,16.47,75.9,47.3,60.2,Urea,Sprinkler,2271.2
Rajasthan,Kharif,Loamy,Cotton,1096.2,30.0,76.4,7.66,9.79,82.6,76.6,68.6,Potash,Sprinkler,619.2
Maharashtra,Zaid,Loamy,Groundnut,602.4,23.6,73.3,7.21,14.14,102.0,15.7,56.6,NPK,Rain-fed,1328.7
Haryana,Rabi,Clay,Sugarcane,1369.7,26.1,45.2,6.66,5.97,104.1,23.5,45.1,Organic,Rain-fed,129114.1
Madhya Pradesh,Kharif,Loamy,Barley,691.9,19.5,92.6,8.17,11.35,147.7,66.5,76.6,Urea,Drip,2927.8
Tamil Nadu,Rabi,Sandy,Wheat,369.9,18.9,56.3,7.02,1.73,136.8,74.6,18.8,Organic,Sprinkler,5785.4
Uttar Pradesh,Kharif,Red,Rice,1105.4,28.6,40.8,5.89,15.38,116.6,22.0,58.9,Organic,Rain-fed,2906.7
Punjab,Kharif,Red,Mustard,234.7,14.7,41.0,7.99,6.97,102.8,57.1,72.5,NPK,Sprinkler,1198.9
West Bengal,Zaid,Sandy,Wheat,365.6,21.3,87.2,6.53,6.09,42.8,24.3,64.8,Organic,Drip,4360.2
Andhra Pradesh,Rabi,Alluvial,Barley,664.4,16.0,53.6,6.69,19.2,53.8,49.8,66.8,Organic,Sprinkler,1819.8
Tamil Nadu,Kharif,Clay,Sugarcane,1667.4,34.2,80.7,7.96,10.03,93.0,31.6,28.3,DAP,Flood,118988.5
Karnataka,Zaid,Alluvial,Cotton,965.8,26.1,42.7,6.35,18.79,106.2,48.3,23.0,Organic,Flood,351.3
Madhya Pradesh,Zaid,Black,Cotton,567.2,27.9,67.8,6.45,6.14,26.1,59.2,47.7,Potash,Flood,833.3
Andhra Pradesh,Rabi,Clay,Sugarcane,1908.7,31.5,57.7,6.43,14.05,66.0,53.4,31.9,DAP,Drip,158100.6
Haryana,Rabi,Clay,Jowar,745.7,25.2,69.6,6.93,16.28,41.8,21.0,67.2,NPK,Rain-fed,1291.1
Punjab,Zaid,Black,Soybean,622.7,23.4,48.2,7.47,8.29,72.8,36.8,73.3,Organic,Drip,2069.4
Uttar Pradesh,Kharif,Sandy,Maize,752.2,29.4,49.5,5.9,19.01,21.0,25.9,29.5,Compost,Flood,4490.3
Tamil Nadu,Kharif,Clay,Rice,1411.5,25.8,90.6,7.72,9.09,113.4,28.7,22.3,DAP,Flood,4841.9
Haryana,Kharif,Alluvial,Jowar,432.8,30.0,87.1,8.33,12.47,117.6,64.7,25.1,Urea,Flood,1591.4
Punjab,Rabi,Red,Jowar,864.9,23.5,87.8,5.65,6.72,127.6,21.7,75.9,Potash,Flood,894.3
Karnataka,Kharif,Alluvial,Soybean,604.0,28.8,67.0,7.85,2.4,87.0,64.5,33.4,NPK,Flood,2776.6
Andhra Pradesh,Kharif,Sandy,Rice,1526.6,31.4,77.0,7.54,11.93,126.2,28.1,53.8,Organic,Flood,3343.8
Tamil Nadu,Rabi,Sandy,Groundnut,688.7,29.3,88.6,8.12,4.32,49.0,72.8,10.2,DAP,Flood,1388.3
Haryana,Zaid,Clay,Barley,511.0,13.3,59.9,6.02,18.57,54.0,27.2,51.0,Organic,Sprinkler,4296.9
Punjab,Zaid,Alluvial,Soybean,936.8,21.7,90.7,7.29,17.69,49.7,32.2,64.1,Compost,Drip,1948.3
Maharashtra,Zaid,Red,Rice,1875.6,33.9,48.7,7.33,18.87,142.0,30.4,20.6,Potash,Flood,2770.8
Madhya Pradesh,Rabi,Loamy,Mustard,518.6,15.3,54.7,6.64,0.76,130.7,12.0,53.0,DAP,Sprinkler,1980.4
Punjab,Kharif,Alluvial,Rice,1996.2,22.8,89.3,7.52,3.94,109.1,42.8,46.6,Organic,Rain-fed,2409.7
West Bengal,Zaid,Clay,Cotton,1005.4,36.6,89.4,6.0,14.76,138.2,10.6,40.4,NPK,Flood,361.1
Rajasthan,Rabi,Alluvial,Rice,1353.4,30.1,42.4,6.43,15.51,105.1,57.7,25.9,Urea,Flood,3157.2
Uttar Pradesh,Zaid,Sandy,Jowar,893.0,26.0,93.2,8.13,17.56,22.3,40.8,45.8,Potash,Sprinkler,2198.5
Andhra Pradesh,Kharif,Black,Jowar,749.9,31.7,71.8,6.32,18.26,54.5,57.5,77.4,DAP,Flood,1813.1
Uttar Pradesh,Rabi,Loamy,Mustard,370.2,21.9,55.3,6.15,8.71,30.6,43.9,19.8,Organic,Rain-fed,1547.9
Madhya Pradesh,Zaid,Sandy,Jowar,850.7,29.6,40.3,5.92,2.08,117.6,64.4,64.2,Urea,Sprinkler,2320.0
Uttar Pradesh,Kharif,Black,Groundnut,411.0,34.3,83.3,6.02,0.98,72.5,22.2,69.9,Potash,Drip,1066.7
Haryana,Kharif,Red,Maize,538.8,25.5,43.1,7.98,7.55,97.7,15.7,14.1,Organic,Rain-fed,4321.0
Maharashtra,Kharif,Red,Sugarcane,1260.1,32.8,54.9,5.79,17.67,66.3,72.0,55.7,Potash,Drip,102694.0
Madhya Pradesh,Kharif,Black,Jowar,341.1,30.8,50.1,7.95,13.91,87.1,79.6,42.3,NPK,Drip,1983.1
Madhya Pradesh,Rabi,Black,Soybean,837.3,24.6,92.3,7.89,4.01,20.5,50.7,46.8,Potash,Drip,1221.5
Madhya Pradesh,Rabi,Loamy,Barley,669.6,17.1,49.6,6.64,12.62,112.5,21.6,52.0,Compost,Flood,3133.5
Haryana,Rabi,Alluvial,Sugarcane,2447.7,37.5,52.6,7.65,15.46,43.7,22.3,46.5,Potash,Rain-fed,99716.0
West Bengal,Zaid,Laterite,Maize,815.8,23.8,43.1,7.01,2.24,105.1,62.8,26.0,Organic,Flood,4042.0
Rajasthan,Zaid,Black,Groundnut,540.0,34.8,88.9,8.08,11.31,110.6,52.6,24.7,Compost,Flood,2287.0
Karnataka,Kharif,Black,Jowar,769.6,28.8,41.9,6.78,17.3,33.7,18.9,38.3,DAP,Sprinkler,1733.5
Andhra Pradesh,Rabi,Clay,Wheat,749.5,22.1,94.5,7.21,5.84,129.7,15.9,75.5,Potash,Rain-fed,3761.4
Rajasthan,Kharif,Alluvial,Maize,740.3,22.5,63.4,6.74,14.88,143.1,60.0,59.5,Urea,Sprinkler,3580.5
Uttar Pradesh,Zaid,Black,Cotton,1071.5,35.8,94.3,8.45,11.2,122.6,68.0,79.9,Potash,Flood,751.7
Karnataka,Zaid,Loamy,Mustard,561.4,13.3,57.4,5.67,6.73,140.3,17.1,67.2,NPK,Drip,2156.7
Maharashtra,Zaid,Alluvial,Cotton,1063.0,23.2,59.6,7.69,12.03,27.6,26.4,49.7,NPK,Sprinkler,937.0
Maharashtra,Kharif,Loamy,Maize,975.7,26.0,49.5,6.55,13.89,30.4,20.0,73.6,Potash,Rain-fed,1944.9
Tamil Nadu,Rabi,Clay,Groundnut,763.9,23.3,68.6,7.62,19.3,77.8,38.5,10.7,Compost,Drip,2242.8
Andhra Pradesh,Rabi,Black,Groundnut,749.2,26.9,76.3,7.81,12.89,50.7,77.6,25.9,NPK,Sprinkler,1249.3
Haryana,Zaid,Sandy,Groundnut,639.7,23.5,73.9,5.93,8.96,147.0,72.1,25.7,Compost,Sprinkler,1237.2
Karnataka,Rabi,Red,Sugarcane,1634.9,33.8,48.6,6.92,16.56,46.0,38.9,62.8,Compost,Sprinkler,63892.5
Tamil Nadu,Zaid,Black,Barley,221.8,16.9,42.7,6.01,17.17,136.6,56.6,41.3,Organic,Sprinkler,1761.5
Haryana,Zaid,Red,Soybean,824.7,29.2,48.0,7.06,0.81,68.0,54.2,16.3,NPK,Rain-fed,1514.1
Madhya Pradesh,Zaid,Sandy,Barley,491.6,18.9,62.9,5.88,1.32,135.9,20.1,65.4,Compost,Sprinkler,2441.4
Andhra Pradesh,Kharif,Clay,Jowar,571.5,29.0,43.8,6.44,13.1,89.5,29.8,17.0,Compost,Sprinkler,2134.4
Tamil Nadu,Zaid,Sandy,Barley,551.8,11.7,89.6,7.48,2.01,82.0,34.7,18.1,Potash,Rain-fed,3060.6
Rajasthan,Rabi,Clay,Sugarcane,2463.9,33.9,59.5,6.93,15.77,115.7,20.1,69.1,NPK,Flood,125951.1
Tamil Nadu,Kharif,Red,Sugarcane,2499.9,36.5,63.3,6.84,14.95,60.8,23.3,11.6,Organic,Drip,108172.7
Karnataka,Kharif,Loamy,Mustard,263.7,11.0,88.5,6.4,10.57,129.9,51.2,40.3,DAP,Flood,2325.7
Madhya Pradesh,Kharif,Loamy,Soybean,828.7,22.3,85.6,8.43,15.12,40.9,22.6,56.3,Compost,Rain-fed,1520.6
Uttar Pradesh,Kharif,Clay,Mustard,463.1,12.4,49.4,7.97,19.1,143.7,40.1,73.4,Urea,Sprinkler,1698.0
Punjab,Rabi,Black,Groundnut,430.2,30.8,91.6,6.18,7.77,47.1,54.7,42.0,DAP,Rain-fed,2187.2
Uttar Pradesh,Zaid,Laterite,Sugarcane,2185.9,36.7,72.2,6.02,12.73,44.4,54.3,38.2,DAP,Sprinkler,86132.9
Rajasthan,Zaid,Alluvial,Barley,492.9,8.0,58.3,6.83,2.89,71.5,71.8,12.5,DAP,Rain-fed,4479.7
Andhra Pradesh,Kharif,Sandy,Jowar,837.7,30.8,51.5,8.12,18.62,67.8,66.4,56.1,Urea,Rain-fed,1630.1
Uttar Pradesh,Rabi,Clay,Sugarcane,1514.4,32.6,48.2,7.71,15.25,20.7,34.6,10.4,DAP,Flood,88061.8
Punjab,Zaid,Red,Groundnut,848.1,34.8,53.1,5.53,14.92,65.1,35.7,15.7,Organic,Drip,2587.7
Punjab,Rabi,Black,Mustard,535.8,20.7,42.8,5.95,17.05,108.0,61.2,61.2,Compost,Drip,935.7
Punjab,Zaid,Alluvial,Mustard,301.3,23.7,90.1,5.97,17.64,41.8,56.5,71.2,Compost,Sprinkler,1684.1
Rajasthan,Kharif,Clay,Barley,208.4,10.5,65.8,6.41,4.22,121.3,34.6,48.3,Urea,Sprinkler,3416.1
Karnataka,Kharif,Laterite,Cotton,1105.4,28.8,73.6,7.59,6.02,97.4,59.5,71.0,Potash,Sprinkler,780.7
West Bengal,Zaid,Clay,Groundnut,400.0,23.9,45.3,5.84,5.32,56.6,71.6,41.0,Organic,Sprinkler,1590.9
Punjab,Rabi,Red,Jowar,484.0,34.8,63.6,5.64,14.33,27.1,39.4,51.1,Organic,Rain-fed,2076.8
Rajasthan,Zaid,Laterite,Cotton,758.6,32.0,45.9,6.37,9.68,101.1,76.4,14.8,Urea,Drip,861.6
Maharashtra,Rabi,Loamy,Cotton,573.9,26.5,67.6,7.12,9.44,26.5,53.5,65.9,Potash,Sprinkler,762.1
West Bengal,Zaid,Clay,Barley,377.9,9.4,91.9,8.37,2.22,136.9,23.1,58.5,Compost,Rain-fed,3220.3
West Bengal,Rabi,Alluvial,Mustard,202.5,19.3,66.3,6.85,1.69,51.8,30.8,54.9,DAP,Flood,1923.9
Uttar Pradesh,Zaid,Laterite,Barley,461.2,10.0,93.7,7.61,1.56,78.0,61.3,21.6,Organic,Sprinkler,3271.0
Haryana,Kharif,Loamy,Wheat,637.3,17.8,89.8,7.46,16.2,96.3,22.0,71.4,Potash,Drip,3532.0
Maharashtra,Zaid,Laterite,Soybean,1145.3,27.7,86.3,6.74,6.71,110.4,49.8,28.5,Potash,Sprinkler,1530.2
Punjab,Rabi,Alluvial,Jowar,359.1,27.4,86.3,7.2,13.59,70.5,36.8,52.0,Urea,Sprinkler,1528.9
Andhra Pradesh,Kharif,Loamy,Mustard,499.6,15.9,43.3,8.26,18.6,66.6,59.1,35.5,Potash,Drip,935.9
Haryana,Kharif,Alluvial,Groundnut,431.7,35.9,85.8,5.8,8.67,124.3,55.3,23.2,DAP,Drip,2432.8
West Bengal,Zaid,Clay,Groundnut,566.2,33.5,93.9,7.37,2.9,96.8,21.1,26.1,NPK,Flood,1154.0
Punjab,Kharif,Black,Wheat,256.6,16.6,44.5,6.8,0.51,74.5,65.7,48.6,Compost,Flood,2214.1
Karnataka,Kharif,Laterite,Rice,1624.9,31.2,78.0,5.7,1.22,120.6,47.4,38.6,Potash,Flood,4418.5
West Bengal,Kharif,Loamy,Jowar,563.8,25.4,83.1,6.74,1.21,138.8,37.8,59.5,Potash,Drip,1601.6
Uttar Pradesh,Kharif,Black,Sugarcane,2148.7,29.0,55.6,7.91,18.93,147.6,32.4,64.5,NPK,Flood,84910.1
Karnataka,Zaid,Laterite,Maize,612.2,23.3,81.0,6.82,7.11,32.2,39.7,69.0,NPK,Rain-fed,4192.5
Rajasthan,Rabi,Sandy,Cotton,1093.3,24.7,68.6,6.44,19.86,100.8,33.2,29.4,Potash,Rain-fed,375.0
Rajasthan,Rabi,Clay,Mustard,593.5,15.4,46.5,7.98,19.32,74.6,11.0,68.2,Urea,Rain-fed,824.7
Uttar Pradesh,Kharif,Clay,Barley,435.0,9.3,79.9,7.75,8.44,52.7,58.0,31.2,DAP,Flood,4024.9
Tamil Nadu,Zaid,Red,Rice,931.6,24.9,88.6,5.55,13.09,102.8,14.1,14.9,Potash,Sprinkler,3487.4
Haryana,Kharif,Clay,Wheat,611.0,17.4,40.9,6.93,16.16,43.7,49.1,37.4,Urea,Rain-fed,3838.5
Karnataka,Rabi,Red,Barley,685.3,8.7,81.9,7.92,17.73,68.1,60.0,60.1,Urea,Flood,2255.5
Karnataka,Rabi,Loamy,Mustard,297.2,12.2,61.6,8.45,18.91,26.0,23.4,40.4,Organic,Flood,1832.5
West Bengal,Zaid,Black,Soybean,1177.1,27.5,78.1,7.83,16.37,67.3,67.1,12.7,Potash,Flood,1647.8
Uttar Pradesh,Rabi,Clay,Jowar,700.1,34.8,57.9,7.71,13.88,74.6,56.0,12.3,NPK,Drip,1217.7
Punjab,Kharif,Laterite,Rice,1131.3,32.1,66.5,6.77,2.38,87.3,47.3,42.7,Organic,Flood,1916.6
Rajasthan,Zaid,Loamy,Groundnut,544.1,35.9,53.5,6.07,4.81,130.4,63.5,40.5,Urea,Flood,1176.7
Uttar Pradesh,Rabi,Red,Jowar,811.4,31.7,85.8,5.53,6.56,108.1,31.5,32.6,NPK,Sprinkler,1672.1
Karnataka,Rabi,Red,Soybean,603.8,22.4,69.1,7.44,16.02,68.7,55.0,72.9,Urea,Sprinkler,2308.7
Maharashtra,Kharif,Red,Rice,1561.3,25.8,61.2,5.51,3.74,97.5,38.6,40.1,DAP,Rain-fed,3371.1
Haryana,Rabi,Clay,Wheat,499.9,12.3,66.3,8.39,4.25,81.1,41.0,16.5,Urea,Flood,4606.8
Madhya Pradesh,Rabi,Loamy,Maize,640.5,20.3,89.8,7.38,17.62,109.1,72.3,16.4,Organic,Rain-fed,1914.5
Madhya Pradesh,Kharif,Alluvial,Soybean,826.0,23.7,52.0,7.26,15.05,133.6,60.9,47.3,DAP,Rain-fed,1045.9
Tamil Nadu,Kharif,Black,Soybean,819.4,20.7,82.8,6.57,13.58,128.2,14.8,30.7,Urea,Flood,2563.5
Karnataka,Zaid,Clay,Rice,1490.1,23.9,51.0,6.58,2.35,61.5,34.7,13.4,Organic,Rain-fed,1832.5
Haryana,Zaid,Black,Maize,535.9,29.0,57.1,6.15,11.0,80.7,32.1,50.7,DAP,Drip,5373.9
Madhya Pradesh,Zaid,Clay,Mustard,524.3,22.8,45.5,7.83,11.56,74.7,46.0,58.8,Urea,Sprinkler,1755.3
Haryana,Kharif,Black,Rice,1229.8,34.1,76.2,7.67,1.96,129.3,59.9,70.3,NPK,Drip,2994.4
Maharashtra,Zaid,Loamy,Wheat,376.1,15.3,46.1,8.46,11.47,145.7,19.8,48.1,Urea,Flood,4398.1
Haryana,Kharif,Red,Barley,568.2,20.6,59.8,6.76,2.67,111.5,50.8,73.2,Compost,Rain-fed,2275.1
Maharashtra,Kharif,Red,Jowar,492.9,24.7,62.3,5.51,17.2,78.1,77.7,75.8,Potash,Flood,938.0
West Bengal,Rabi,Loamy,Jowar,891.1,27.2,55.7,7.66,4.46,122.2,21.9,35.0,Urea,Rain-fed,1343.2
West Bengal,Rabi,Alluvial,Rice,1586.3,25.8,87.5,5.74,12.88,63.2,17.0,57.4,NPK,Rain-fed,2846.9
Punjab,Kharif,Laterite,Soybean,1030.6,29.5,92.6,5.79,10.82,83.7,18.5,77.1,NPK,Drip,1816.9
Maharashtra,Zaid,Loamy,Barley,678.2,20.4,79.4,6.91,5.05,145.8,70.2,74.1,NPK,Rain-fed,3642.4
West Bengal,Zaid,Laterite,Barley,580.5,21.3,84.3,7.61,17.46,95.7,36.3,15.1,NPK,Flood,1560.7
Karnataka,Kharif,Red,Cotton,718.5,33.5,76.8,5.88,10.14,25.1,24.9,42.5,Urea,Sprinkler,817.4
Haryana,Zaid,Clay,Jowar,637.8,33.2,68.7,6.73,1.04,107.8,57.6,60.7,Compost,Drip,2871.5
Rajasthan,Rabi,Loamy,Cotton,1182.5,26.9,75.1,8.27,9.73,25.0,73.0,28.4,Organic,Rain-fed,985.8
Andhra Pradesh,Rabi,Red,Sugarcane,2091.4,28.3,64.2,6.56,11.03,145.1,33.0,57.6,Potash,Rain-fed,101360.1
Uttar Pradesh,Rabi,Sandy,Cotton,966.5,28.9,88.8,8.08,3.8,67.3,58.0,44.5,Compost,Sprinkler,622.0
Maharashtra,Rabi,Laterite,Maize,666.7,25.6,80.4,6.99,3.23,35.8,14.7,69.5,Potash,Drip,4408.3
Punjab,Kharif,Laterite,Jowar,625.0,26.0,70.2,8.04,18.46,98.2,32.3,35.0,DAP,Rain-fed,2370.4
Madhya Pradesh,Kharif,Black,Barley,567.3,9.0,82.8,7.79,10.41,35.7,10.6,10.1,DAP,Drip,4861.6
Madhya Pradesh,Zaid,Black,Barley,439.1,13.8,43.9,7.13,14.17,116.2,48.4,63.7,DAP,Flood,4959.5
Rajasthan,Rabi,Black,Cotton,551.3,30.6,57.7,7.38,8.54,128.8,32.1,55.1,Potash,Rain-fed,859.2
Punjab,Kharif,Black,Soybean,1008.9,30.0,65.8,6.17,14.0,135.3,34.8,38.0,Compost,Rain-fed,1439.5
Haryana,Zaid,Alluvial,Soybean,881.2,26.8,74.1,6.62,6.6,21.6,60.1,39.2,Compost,Drip,2344.9
West Bengal,Kharif,Sandy,Barley,279.2,13.9,80.3,7.03,19.59,47.4,59.3,32.0,Compost,Drip,2229.7
Madhya Pradesh,Zaid,Laterite,Maize,577.4,27.7,56.2,7.75,16.91,28.8,51.9,53.4,Organic,Flood,4459.6
West Bengal,Zaid,Loamy,Jowar,502.0,24.5,48.1,7.01,1.19,84.3,66.1,76.3,Potash,Drip,2373.1
Andhra Pradesh,Kharif,Sandy,Rice,1245.0,27.0,64.6,6.38,1.85,98.7,32.7,34.3,NPK,Drip,3905.0
Uttar Pradesh,Kharif,Red,Jowar,839.6,22.3,78.3,8.18,15.07,37.9,25.4,14.0,Potash,Drip,2497.0
Rajasthan,Rabi,Laterite,Barley,591.8,12.1,57.0,5.86,10.91,73.9,46.1,41.6,Compost,Flood,2593.5
Maharashtra,Kharif,Red,Rice,1212.4,32.3,76.4,6.65,11.21,80.5,33.3,67.7,Potash,Rain-fed,5090.6
West Bengal,Kharif,Loamy,Rice,1878.3,29.1,69.3,6.39,10.42,38.6,30.7,76.4,Organic,Rain-fed,3701.9
Punjab,Zaid,Alluvial,Cotton,964.8,31.7,89.6,8.38,8.94,84.9,25.9,23.2,DAP,Sprinkler,519.8
Rajasthan,Rabi,Clay,Wheat,335.3,22.3,87.2,8.42,4.6,116.3,23.2,50.6,Urea,Drip,4670.4
Tamil Nadu,Rabi,Loamy,Rice,1396.3,26.2,41.1,7.3,19.46,51.6,60.1,30.8,Potash,Drip,5309.5
West Bengal,Zaid,Alluvial,Mustard,476.1,21.3,74.0,6.37,1.2,68.9,22.5,37.1,Organic,Flood,1171.8
Punjab,Kharif,Laterite,Cotton,984.5,36.8,66.2,5.92,4.27,54.9,31.3,33.4,DAP,Flood,958.4
Punjab,Kharif,Alluvial,Mustard,219.8,16.6,40.7,8.26,6.18,116.3,18.0,31.9,Potash,Drip,1417.7
Haryana,Rabi,Alluvial,Cotton,553.8,22.7,94.2,5.76,5.75,73.9,50.9,13.4,Potash,Flood,787.9
Tamil Nadu,Zaid,Laterite,Mustard,236.7,19.3,84.9,6.3,3.28,147.6,10.8,45.3,Compost,Rain-fed,1699.2
Haryana,Kharif,Loamy,Soybean,670.0,27.7,44.2,5.65,6.47,112.3,10.3,29.9,Organic,Drip,995.0
Madhya Pradesh,Rabi,Loamy,Rice,1654.0,31.9,91.3,7.74,11.4,112.7,61.9,26.1,Organic,Sprinkler,4205.2
Madhya Pradesh,Kharif,Loamy,Cotton,801.0,35.7,89.0,6.9,6.67,51.7,72.0,30.7,Compost,Rain-fed,484.5
Maharashtra,Kharif,Clay,Sugarcane,1464.1,32.9,94.5,6.03,4.18,124.3,78.4,15.0,Organic,Sprinkler,65895.4
Andhra Pradesh,Rabi,Red,Wheat,516.3,17.8,44.9,8.29,5.47,140.0,44.3,38.8,NPK,Flood,3015.7
Andhra Pradesh,Zaid,Black,Sugarcane,1933.2,31.9,41.1,6.77,7.5,54.4,79.9,24.0,NPK,Rain-fed,72437.8
West Bengal,Zaid,Alluvial,Mustard,467.0,10.2,62.4,7.04,9.4,24.5,36.7,77.8,Organic,Drip,1394.9
Madhya Pradesh,Zaid,Loamy,Sugarcane,2303.2,35.1,55.5,7.95,5.88,125.6,41.5,37.4,Potash,Flood,74269.0
Karnataka,Rabi,Red,Mustard,393.4,10.5,77.4,5.75,13.7,28.4,28.0,26.6,NPK,Drip,2094.3
Tamil Nadu,Zaid,Clay,Jowar,695.8,29.6,56.4,7.03,5.47,70.5,61.2,25.0,Organic,Rain-fed,2306.5
Uttar Pradesh,Rabi,Red,Cotton,631.7,33.0,89.3,7.73,2.99,52.9,23.2,63.1,Urea,Rain-fed,1015.2
Karnataka,Kharif,Laterite,Barley,687.5,18.3,78.3,7.53,10.35,115.7,26.1,44.3,Organic,Rain-fed,4089.1
Haryana,Rabi,Sandy,Jowar,755.8,26.2,76.3,6.7,1.89,21.0,61.4,76.2,Potash,Sprinkler,1488.9
Haryana,Rabi,Loamy,Mustard,299.8,14.4,79.9,8.2,9.56,36.5,33.0,18.3,Potash,Rain-fed,1509.0
Rajasthan,Kharif,Black,Soybean,649.3,21.3,94.4,8.14,1.41,33.4,41.3,30.8,Urea,Rain-fed,1078.0
Karnataka,Zaid,Loamy,Mustard,476.6,13.3,81.1,7.57,14.3,108.2,46.8,24.4,Urea,Drip,1070.8
West Bengal,Kharif,Black,Cotton,687.8,22.8,61.9,6.29,11.13,118.7,66.0,59.4,NPK,Flood,359.8
Karnataka,Rabi,Sandy,Jowar,339.6,27.0,80.3,7.24,9.54,30.6,59.3,18.7,NPK,Sprinkler,1774.3
Karnataka,Kharif,Black,Jowar,818.4,26.7,75.4,5.55,7.89,107.2,42.0,22.1,Urea,Drip,1835.6
Tamil Nadu,Zaid,Clay,Maize,787.6,30.2,86.5,7.97,6.83,64.9,53.5,23.5,Compost,Rain-fed,2557.8
Andhra Pradesh,Rabi,Sandy,Cotton,837.6,30.2,41.6,5.59,7.49,139.5,24.0,14.6,Compost,Flood,554.6
Punjab,Rabi,Loamy,Sugarcane,1430.7,28.0,43.1,6.9,1.26,67.2,67.6,61.5,DAP,Flood,128581.8
West Bengal,Kharif,Sandy,Groundnut,583.3,23.0,82.1,5.88,11.34,116.1,75.5,10.0,Urea,Flood,1321.8
Rajasthan,Zaid,Laterite,Cotton,523.3,35.1,62.3,8.19,5.66,33.4,67.2,74.5,Compost,Drip,732.0
West Bengal,Kharif,Loamy,Maize,559.4,18.7,67.8,5.82,10.76,55.3,53.3,65.4,DAP,Flood,3758.4
Uttar Pradesh,Zaid,Loamy,Rice,1661.9,33.8,50.3,7.0,2.57,60.5,31.8,76.2,Organic,Sprinkler,3401.9
West Bengal,Kharif,Clay,Cotton,586.7,34.8,53.7,7.8,19.68,122.1,75.4,38.1,Urea,Flood,483.1
Tamil Nadu,Kharif,Red,Sugarcane,2490.5,36.6,66.2,6.0,15.28,115.4,38.0,28.8,NPK,Rain-fed,83001.2
Rajasthan,Zaid,Alluvial,Sugarcane,1307.6,28.1,46.7,7.02,17.37,33.8,44.4,61.3,Compost,Rain-fed,101771.3
Rajasthan,Zaid,Alluvial,Groundnut,420.2,26.2,48.3,6.61,6.38,82.9,68.7,27.0,Compost,Sprinkler,1955.1
Haryana,Kharif,Black,Maize,1118.8,27.0,83.1,8.49,15.38,110.9,39.6,32.0,Urea,Flood,3970.2
Haryana,Kharif,Red,Wheat,748.7,18.4,85.4,8.22,16.86,140.4,77.3,67.1,Urea,Sprinkler,4026.2
Punjab,Rabi,Clay,Mustard,279.7,18.7,64.6,6.5,4.47,64.3,77.6,54.7,Organic,Drip,1781.0
West Bengal,Kharif,Clay,Barley,410.5,9.3,82.9,8.4,7.78,73.0,46.6,61.9,Compost,Sprinkler,3366.8
Punjab,Zaid,Loamy,Soybean,1018.2,25.7,48.3,6.52,19.73,107.1,71.9,58.4,Organic,Drip,2341.1
Maharashtra,Zaid,Alluvial,Groundnut,427.3,28.6,62.7,5.87,7.63,117.6,11.4,37.0,DAP,Rain-fed,1726.1
Andhra Pradesh,Rabi,Clay,Soybean,733.5,26.3,49.4,5.93,2.48,36.0,12.9,33.3,Compost,Flood,2270.4
Karnataka,Zaid,Sandy,Barley,378.9,14.1,58.2,6.19,4.08,84.8,14.3,49.1,NPK,Drip,3344.6
Tamil Nadu,Kharif,Alluvial,Sugarcane,2286.3,32.3,83.2,6.38,7.02,71.9,16.1,32.5,Potash,Flood,77299.2
Uttar Pradesh,Zaid,Alluvial,Soybean,660.8,25.2,50.8,8.21,19.45,84.8,65.4,36.9,DAP,Drip,2021.0
Rajasthan,Zaid,Alluvial,Soybean,873.8,22.6,75.3,5.69,18.95,145.1,39.5,39.7,NPK,Drip,1109.9
Rajasthan,Zaid,Alluvial,Cotton,963.0,37.5,64.5,7.0,16.76,123.6,70.8,43.3,Compost,Sprinkler,842.9
West Bengal,Kharif,Clay,Soybean,695.7,24.7,69.3,6.48,7.18,68.2,64.7,48.6,DAP,Rain-fed,1749.6
Haryana,Kharif,Laterite,Soybean,1099.3,26.0,94.8,6.8,7.5,24.3,47.4,24.7,Compost,Flood,1679.6
Andhra Pradesh,Zaid,Clay,Cotton,936.7,28.2,60.2,6.04,16.02,145.3,66.1,39.4,NPK,Drip,955.9
Maharashtra,Kharif,Loamy,Groundnut,432.6,30.6,51.5,7.97,13.06,137.1,57.3,42.8,DAP,Sprinkler,1542.3
Uttar Pradesh,Rabi,Laterite,Maize,1039.6,18.5,49.6,7.31,2.85,117.1,71.2,50.8,NPK,Sprinkler,3570.5
West Bengal,Kharif,Sandy,Mustard,574.9,16.0,88.6,6.49,13.55,142.4,21.2,40.0,Potash,Rain-fed,822.0
Maharashtra,Kharif,Alluvial,Mustard,539.9,15.3,55.5,8.32,6.34,25.7,27.7,28.2,Compost,Drip,1926.4
Tamil Nadu,Kharif,Clay,Soybean,718.4,21.0,93.6,6.24,9.88,28.1,47.2,57.1,DAP,Sprinkler,2622.1
Rajasthan,Rabi,Black,Soybean,1159.2,24.6,47.3,7.64,10.84,147.2,60.2,23.7,Compost,Flood,2542.4
Haryana,Rabi,Red,Rice,1277.8,30.6,51.8,6.15,1.68,58.1,22.1,60.0,Potash,Flood,2849.0
Maharashtra,Zaid,Black,Groundnut,564.6,31.1,41.7,6.72,3.87,65.9,28.3,35.2,NPK,Drip,1594.9
West Bengal,Rabi,Loamy,Groundnut,684.0,34.1,41.2,6.41,9.32,144.2,70.3,12.1,Urea,Rain-fed,1338.1
Andhra Pradesh,Kharif,Clay,Jowar,338.2,22.7,86.4,7.22,7.09,47.6,33.6,45.3,Organic,Sprinkler,1694.7
Rajasthan,Rabi,Alluvial,Sugarcane,2222.9,27.5,85.0,6.74,16.17,131.5,51.2,59.0,Compost,Drip,79222.8
Haryana,Kharif,Red,Groundnut,632.9,23.4,75.5,6.71,8.56,76.5,51.1,23.1,Potash,Sprinkler,1308.4
Punjab,Rabi,Laterite,Soybean,739.7,29.2,59.1,6.33,4.06,35.4,55.0,33.2,Compost,Sprinkler,1249.5
Madhya Pradesh,Rabi,Alluvial,Sugarcane,2254.1,28.6,85.2,5.95,18.28,42.1,47.5,70.9,Potash,Flood,76440.4
Karnataka,Kharif,Loamy,Sugarcane,1828.6,35.3,43.1,6.19,0.64,74.4,10.2,12.9,NPK,Sprinkler,65189.9
Maharashtra,Zaid,Sandy,Sugarcane,1963.3,28.5,78.7,7.77,13.75,80.5,55.6,26.1,Organic,Rain-fed,104161.9
Andhra Pradesh,Zaid,Red,Maize,692.5,20.8,54.1,6.72,13.61,68.2,76.4,35.7,DAP,Sprinkler,5472.1
Haryana,Rabi,Red,Sugarcane,1480.0,25.5,89.8,7.31,7.27,37.9,69.4,26.1,NPK,Drip,78087.7
Rajasthan,Kharif,Clay,Groundnut,611.7,25.6,80.5,5.77,10.86,147.9,59.7,54.1,Potash,Sprinkler,1197.7
Rajasthan,Kharif,Loamy,Wheat,561.8,18.9,66.8,7.21,11.65,34.4,46.5,72.5,Organic,Rain-fed,6726.1
Tamil Nadu,Rabi,Clay,Mustard,519.2,16.5,66.4,6.64,13.01,63.9,44.0,41.9,NPK,Rain-fed,1141.1
Rajasthan,Rabi,Sandy,Wheat,408.8,11.2,54.6,5.73,9.93,23.4,14.3,54.8,Urea,Sprinkler,5194.4
Haryana,Rabi,Alluvial,Jowar,350.2,25.7,69.1,6.84,11.97,55.7,54.7,40.1,NPK,Drip,1962.2
Haryana,Kharif,Laterite,Rice,1871.2,30.3,83.3,6.15,11.96,104.4,23.1,58.7,Urea,Rain-fed,4024.9
Maharashtra,Zaid,Clay,Sugarcane,1197.5,32.3,77.8,8.08,17.4,132.2,56.7,54.2,Compost,Sprinkler,119240.5
Andhra Pradesh,Rabi,Alluvial,Barley,590.8,10.8,89.9,7.02,5.08,93.3,64.1,45.8,NPK,Sprinkler,4149.5
West Bengal,Zaid,Laterite,Sugarcane,2177.0,26.4,93.5,7.44,16.89,92.1,56.4,61.0,Urea,Rain-fed,80063.3
West Bengal,Kharif,Laterite,Groundnut,466.6,27.9,87.8,6.47,8.63,92.1,46.6,28.3,Urea,Rain-fed,2046.3
Madhya Pradesh,Zaid,Laterite,Rice,1174.5,33.4,89.4,6.3,2.92,70.0,37.8,28.6,DAP,Rain-fed,3474.9
Tamil Nadu,Kharif,Sandy,Groundnut,817.2,27.4,76.7,8.22,1.85,39.4,66.7,53.0,DAP,Drip,2925.6
Karnataka,Zaid,Black,Barley,652.9,8.9,48.0,6.02,9.86,136.8,49.7,21.0,DAP,Rain-fed,2182.6
West Bengal,Rabi,Clay,Maize,907.9,18.7,64.4,7.56,4.07,81.7,33.4,57.0,Potash,Drip,6892.6
Haryana,Zaid,Sandy,Cotton,749.5,26.8,90.8,5.64,7.61,147.8,29.3,63.5,Potash,Drip,861.6
Haryana,Rabi,Red,Mustard,545.5,13.9,79.7,7.9,10.8,138.5,62.5,57.1,Compost,Rain-fed,800.4
Punjab,Rabi,Sandy,Maize,585.1,27.2,43.9,6.33,7.06,71.2,46.5,23.7,Compost,Sprinkler,2397.9
Madhya Pradesh,Zaid,Sandy,Jowar,474.7,33.5,71.9,8.21,3.05,135.3,33.9,51.2,Organic,Rain-fed,1968.9
Rajasthan,Zaid,Sandy,Cotton,502.1,25.1,79.6,6.75,2.03,35.9,15.1,31.2,Urea,Flood,826.9
Madhya Pradesh,Rabi,Clay,Soybean,990.2,20.3,93.1,7.73,13.88,53.5,72.0,78.0,NPK,Flood,2873.3
West Bengal,Zaid,Red,Barley,506.6,13.0,72.4,7.83,19.74,100.2,18.1,52.8,Urea,Flood,2766.4
Andhra Pradesh,Kharif,Black,Wheat,722.6,22.3,74.9,5.91,13.56,50.1,18.7,13.3,Compost,Rain-fed,5942.4
Karnataka,Kharif,Black,Groundnut,701.9,35.7,46.1,6.29,3.06,32.8,78.6,17.7,Compost,Drip,2397.7
Punjab,Rabi,Red,Rice,1224.3,24.9,76.6,6.48,7.87,123.3,52.3,49.1,Urea,Drip,2914.4
Haryana,Rabi,Red,Cotton,692.1,33.7,69.4,7.52,3.61,145.8,66.8,38.0,DAP,Flood,658.9
Andhra Pradesh,Kharif,Laterite,Mustard,482.6,10.9,43.0,6.85,2.45,42.8,61.4,73.0,Urea,Sprinkler,1014.2
West Bengal,Rabi,Loamy,Mustard,440.2,16.3,70.0,6.66,5.98,123.5,33.0,53.6,Urea,Rain-fed,945.6
Madhya Pradesh,Zaid,Black,Wheat,524.1,23.1,72.4,8.2,11.09,135.6,56.9,25.4,DAP,Rain-fed,5119.2
Punjab,Kharif,Loamy,Rice,1060.6,27.8,40.8,5.77,8.96,115.5,55.6,64.3,Potash,Flood,5197.4
Uttar Pradesh,Rabi,Sandy,Soybean,929.6,29.7,90.5,6.72,11.43,144.6,36.3,45.8,NPK,Flood,2825.0
Uttar Pradesh,Zaid,Red,Maize,541.2,21.8,40.7,6.52,15.52,67.2,76.6,48.7,NPK,Flood,2929.5
Madhya Pradesh,Kharif,Laterite,Mustard,410.0,20.2,90.4,7.44,7.44,56.2,77.2,59.1,Organic,Flood,1097.1
Andhra Pradesh,Rabi,Clay,Sugarcane,1716.6,30.5,59.5,6.38,15.52,48.3,22.7,29.6,NPK,Sprinkler,56508.0
Maharashtra,Rabi,Alluvial,Soybean,719.6,29.8,58.0,5.9,11.01,108.4,12.3,45.7,Organic,Sprinkler,1271.6
Karnataka,Kharif,Black,Soybean,755.9,30.0,76.6,5.91,19.95,136.7,45.3,30.0,Potash,Flood,1603.7
Tamil Nadu,Kharif,Loamy,Soybean,836.7,23.0,73.5,5.63,8.06,74.6,40.9,14.8,Compost,Flood,1916.4
Karnataka,Rabi,Alluvial,Rice,1220.8,27.1,47.8,6.92,3.88,129.8,45.0,60.7,NPK,Flood,3191.3
Rajasthan,Kharif,Red,Soybean,1066.7,23.1,73.9,5.81,1.78,71.0,34.8,10.2,Compost,Flood,1041.9
Punjab,Zaid,Red,Rice,1408.5,27.3,84.7,6.75,13.07,131.0,70.0,44.6,NPK,Rain-fed,4620.8
Rajasthan,Kharif,Sandy,Rice,1057.6,26.1,46.8,8.48,9.23,125.6,58.3,44.8,Urea,Sprinkler,4765.6
Maharashtra,Rabi,Clay,Jowar,473.2,22.6,61.5,7.7,13.05,64.7,75.7,49.2,Urea,Rain-fed,936.6
Maharashtra,Rabi,Black,Jowar,706.9,34.3,60.5,5.93,19.98,68.8,35.2,42.2,DAP,Drip,2405.5
Madhya Pradesh,Rabi,Alluvial,Wheat,728.0,14.6,72.0,8.26,19.3,139.1,35.6,28.2,NPK,Rain-fed,2801.1
Tamil Nadu,Rabi,Alluvial,Maize,517.8,30.1,86.7,7.22,15.29,27.9,21.8,30.0,DAP,Drip,3385.9
Punjab,Zaid,Laterite,Rice,1255.4,33.1,73.9,6.77,1.19,137.6,73.6,45.0,Compost,Sprinkler,3407.5
Madhya Pradesh,Zaid,Alluvial,Jowar,864.3,23.7,75.2,6.14,2.92,104.7,14.2,64.1,Urea,Rain-fed,2095.3
West Bengal,Rabi,Clay,Maize,991.5,23.9,77.1,8.23,17.22,136.4,17.6,48.0,DAP,Sprinkler,6863.7
Madhya Pradesh,Rabi,Alluvial,Wheat,512.9,24.0,72.2,8.37,13.91,113.7,64.7,54.7,Potash,Drip,4947.3
Andhra Pradesh,Rabi,Red,Jowar,324.8,29.1,89.4,7.52,12.13,132.2,13.8,73.0,Potash,Drip,2001.0
Tamil Nadu,Rabi,Sandy,Barley,344.4,13.0,56.4,5.75,11.47,133.2,64.5,68.2,Urea,Rain-fed,3140.1
Karnataka,Kharif,Sandy,Mustard,297.6,13.8,48.1,7.19,14.69,136.2,20.9,79.7,Potash,Rain-fed,963.0
Rajasthan,Zaid,Loamy,Cotton,854.0,33.3,48.5,8.1,19.86,146.9,25.4,68.0,Potash,Sprinkler,445.8
Haryana,Zaid,Clay,Mustard,389.9,22.1,48.6,6.54,19.33,135.8,60.4,50.2,DAP,Rain-fed,1308.8
Andhra Pradesh,Kharif,Sandy,Groundnut,885.9,28.3,69.1,5.79,17.11,54.6,65.1,45.8,Compost,Flood,983.8
Madhya Pradesh,Kharif,Black,Jowar,713.3,33.9,65.8,5.83,15.33,139.3,68.5,29.5,Organic,Sprinkler,1324.0
Tamil Nadu,Zaid,Laterite,Sugarcane,1564.3,32.8,61.7,6.1,19.41,54.7,65.0,10.4,Urea,Rain-fed,73282.0
Uttar Pradesh,Rabi,Loamy,Jowar,766.0,23.2,53.1,6.68,12.8,98.2,34.4,28.1,Potash,Drip,2831.7
Maharashtra,Rabi,Clay,Barley,471.4,8.8,93.4,8.01,6.59,96.9,14.0,15.1,DAP,Flood,2474.4
Rajasthan,Rabi,Sandy,Sugarcane,2490.7,28.7,65.7,7.12,6.96,69.1,42.5,44.8,Potash,Flood,117118.9
Punjab,Kharif,Loamy,Sugarcane,2103.0,37.6,86.7,8.13,18.38,47.2,42.7,16.2,Urea,Flood,84538.6
Haryana,Zaid,Alluvial,Maize,527.1,26.6,52.8,5.63,19.05,58.9,55.0,40.0,Organic,Sprinkler,3304.5
Punjab,Kharif,Clay,Maize,823.7,23.3,50.7,7.87,4.08,148.3,59.1,37.1,DAP,Sprinkler,5456.9
Karnataka,Rabi,Alluvial,Jowar,786.8,22.1,93.2,7.09,11.51,89.8,62.5,49.3,DAP,Drip,2699.3
Karnataka,Kharif,Laterite,Wheat,275.5,11.5,90.1,7.73,1.25,149.2,24.0,53.2,Potash,Rain-fed,2923.2
Uttar Pradesh,Kharif,Sandy,Sugarcane,1050.5,33.6,93.4,8.01,4.55,119.8,64.4,18.6,Organic,Drip,63020.5
Tamil Nadu,Rabi,Red,Soybean,942.3,20.7,49.1,8.12,18.69,145.8,11.6,76.4,Compost,Sprinkler,1175.5
Uttar Pradesh,Kharif,Clay,Cotton,596.4,35.7,51.1,5.54,16.01,63.5,15.6,35.2,Potash,Rain-fed,409.9
Maharashtra,Rabi,Alluvial,Jowar,510.8,29.2,42.3,7.59,8.14,97.0,59.8,24.3,Organic,Sprinkler,1767.5
Rajasthan,Zaid,Sandy,Cotton,644.9,27.1,55.3,8.15,17.6,97.9,70.9,46.0,Compost,Sprinkler,519.5
Punjab,Rabi,Black,Maize,912.1,18.5,89.3,5.74,16.54,127.7,73.9,20.7,Urea,Sprinkler,2325.0
West Bengal,Rabi,Laterite,Rice,933.0,25.2,45.2,5.65,8.7,65.9,18.0,66.7,Compost,Flood,2341.7
Haryana,Zaid,Clay,Soybean,1163.7,23.2,61.6,6.78,7.59,129.1,20.4,21.8,Compost,Sprinkler,1758.3
Rajasthan,Kharif,Loamy,Barley,644.9,11.4,81.9,7.32,13.07,32.6,48.0,52.9,Potash,Drip,4594.0
Madhya Pradesh,Kharif,Alluvial,Groundnut,467.7,24.9,92.8,7.79,11.28,67.6,35.5,52.9,NPK,Flood,1391.6
West Bengal,Kharif,Loamy,Maize,960.1,18.1,55.3,8.1,10.4,96.1,31.8,27.6,Compost,Sprinkler,2797.7
Uttar Pradesh,Rabi,Alluvial,Rice,1169.8,33.1,61.7,6.63,6.63,70.2,78.1,46.8,NPK,Flood,4981.0
Haryana,Rabi,Alluvial,Soybean,610.7,26.5,43.8,6.1,14.56,114.4,51.8,46.0,NPK,Sprinkler,2751.5
Haryana,Rabi,Laterite,Soybean,1177.3,22.6,67.1,5.8,13.75,67.0,55.4,37.9,Organic,Sprinkler,1315.8
Tamil Nadu,Kharif,Black,Soybean,669.6,20.2,92.6,8.45,11.91,117.3,37.7,13.4,Compost,Flood,2117.2
Uttar Pradesh,Kharif,Black,Jowar,647.3,24.7,66.6,5.99,13.15,80.0,68.7,41.1,DAP,Flood,1930.4
Maharashtra,Kharif,Clay,Mustard,250.3,14.9,71.3,5.78,13.84,78.9,58.0,66.0,Potash,Rain-fed,1021.0
Madhya Pradesh,Rabi,Loamy,Maize,1180.5,20.4,55.9,6.51,6.82,27.1,61.1,46.9,Potash,Rain-fed,2642.8
Karnataka,Kharif,Alluvial,Jowar,358.5,28.0,66.5,6.5,7.93,148.8,10.2,39.8,NPK,Rain-fed,1013.9
Punjab,Rabi,Red,Cotton,846.5,34.8,93.8,6.74,12.84,65.9,45.3,19.3,Organic,Sprinkler,792.8
Maharashtra,Rabi,Loamy,Maize,1151.7,24.0,58.5,6.29,11.42,91.3,24.8,74.9,Organic,Drip,5411.0
Maharashtra,Rabi,Alluvial,Barley,390.2,15.8,93.2,5.84,3.58,123.3,16.6,29.4,Organic,Rain-fed,1910.6
Madhya Pradesh,Kharif,Sandy,Barley,582.9,21.3,85.8,6.67,8.24,59.8,32.7,20.9,NPK,Flood,2544.4
Tamil Nadu,Rabi,Black,Wheat,492.8,14.3,51.1,7.76,15.44,135.8,16.7,41.8,DAP,Drip,5468.3
Karnataka,Rabi,Black,Maize,559.6,23.2,65.1,6.61,19.43,115.8,38.7,71.7,DAP,Rain-fed,2048.2
Rajasthan,Kharif,Alluvial,Barley,687.4,20.3,85.4,7.17,6.75,118.4,71.4,33.3,Organic,Sprinkler,2285.3
Punjab,Rabi,Laterite,Groundnut,825.2,25.9,65.2,8.45,19.77,129.1,77.7,74.9,Compost,Flood,2010.3
Karnataka,Rabi,Sandy,Mustard,566.1,15.0,72.9,6.77,1.25,61.8,49.6,63.5,Organic,Sprinkler,1836.5
Maharashtra,Zaid,Clay,Rice,951.5,29.9,81.7,7.55,11.51,51.0,62.8,64.8,Compost,Sprinkler,4568.3
Maharashtra,Rabi,Sandy,Rice,1811.1,30.9,42.0,8.0,3.47,98.4,22.4,62.7,NPK,Drip,3787.4
Madhya Pradesh,Kharif,Loamy,Jowar,521.2,31.5,51.5,7.74,1.27,102.0,78.6,79.3,Organic,Sprinkler,1588.0
West Bengal,Kharif,Black,Mustard,279.3,20.4,45.5,8.47,6.43,58.0,69.7,58.3,DAP,Sprinkler,1345.7
Maharashtra,Zaid,Black,Mustard,433.3,21.6,45.5,7.85,8.67,104.5,48.3,22.5,Urea,Rain-fed,1574.3
Madhya Pradesh,Kharif,Laterite,Mustard,454.2,15.9,68.1,6.2,15.52,126.5,75.6,79.4,Organic,Drip,2038.1
Haryana,Kharif,Clay,Wheat,458.3,11.2,91.5,7.88,16.41,108.9,22.8,30.7,Potash,Sprinkler,3658.0
Andhra Pradesh,Rabi,Alluvial,Maize,1170.1,22.0,62.6,6.49,0.75,63.1,27.6,72.5,DAP,Sprinkler,3172.8
Uttar Pradesh,Zaid,Laterite,Cotton,878.8,23.7,83.5,6.57,8.6,143.1,48.5,25.2,Urea,Drip,799.9
West Bengal,Zaid,Laterite,Groundnut,685.7,35.8,47.4,7.77,4.79,112.2,59.9,32.3,Compost,Flood,2393.2
Uttar Pradesh,Zaid,Alluvial,Maize,998.0,22.0,78.1,6.67,6.29,33.2,55.1,61.3,Compost,Drip,5926.0
Madhya Pradesh,Rabi,Alluvial,Cotton,708.0,26.2,68.1,8.27,3.35,24.6,13.7,13.8,NPK,Sprinkler,659.2
Haryana,Zaid,Sandy,Sugarcane,1267.1,36.0,52.3,5.55,3.54,105.6,55.3,20.7,NPK,Flood,138287.0
Madhya Pradesh,Zaid,Alluvial,Wheat,491.2,16.3,62.0,6.35,19.47,36.8,31.0,32.9,Urea,Rain-fed,2508.6
Uttar Pradesh,Zaid,Sandy,Cotton,1015.8,29.5,76.0,7.61,11.37,22.6,64.0,73.8,Urea,Flood,395.3
Haryana,Kharif,Black,Mustard,374.5,14.4,78.1,6.94,17.05,48.0,79.9,26.6,Potash,Drip,1733.9
Madhya Pradesh,Zaid,Red,Cotton,1096.0,37.4,74.0,6.57,17.12,90.9,31.1,79.0,NPK,Rain-fed,970.2
Punjab,Rabi,Sandy,Barley,323.9,21.4,44.9,6.5,6.79,111.5,31.5,54.3,Potash,Drip,1779.9
Rajasthan,Kharif,Black,Maize,627.2,30.2,74.1,8.32,15.37,55.1,38.2,17.4,NPK,Flood,4472.3
Uttar Pradesh,Zaid,Clay,Soybean,749.6,24.7,60.8,5.6,10.87,132.3,32.7,48.5,DAP,Sprinkler,2704.7
Punjab,Kharif,Sandy,Soybean,1108.6,29.3,94.4,7.77,17.04,137.5,11.0,70.4,Potash,Sprinkler,1173.6
Haryana,Kharif,Loamy,Wheat,381.9,10.4,43.1,5.57,4.59,68.2,36.9,78.0,Compost,Drip,3526.4
Madhya Pradesh,Kharif,Alluvial,Maize,552.1,26.4,44.1,6.79,11.04,116.0,72.9,45.0,Potash,Sprinkler,2127.2
Andhra Pradesh,Kharif,Black,Wheat,409.5,21.6,45.5,8.26,17.47,32.7,15.6,14.7,Organic,Flood,5300.2
Uttar Pradesh,Rabi,Clay,Rice,1095.8,34.1,76.3,6.72,11.64,54.1,75.8,19.6,Potash,Flood,5379.4
Tamil Nadu,Zaid,Loamy,Soybean,615.1,24.5,53.4,8.24,12.43,138.9,46.9,40.8,Urea,Rain-fed,2091.5
Haryana,Rabi,Red,Cotton,1002.7,29.2,71.4,5.85,8.96,141.9,32.9,64.8,Urea,Sprinkler,553.6
Tamil Nadu,Kharif,Laterite,Maize,845.6,27.8,54.3,5.82,5.29,72.5,20.4,17.5,NPK,Rain-fed,4181.5
Punjab,Zaid,Black,Maize,1011.2,22.5,78.2,6.04,16.16,89.7,55.1,17.0,Urea,Flood,4543.0
Maharashtra,Rabi,Red,Barley,434.1,20.4,72.0,6.12,2.24,143.5,67.6,63.6,DAP,Flood,2653.2
Karnataka,Zaid,Alluvial,Maize,589.1,26.7,69.4,7.99,19.72,108.9,17.1,39.3,Potash,Sprinkler,4632.8
Punjab,Rabi,Clay,Soybean,654.1,21.4,52.2,7.35,8.88,70.3,29.2,48.5,Urea,Sprinkler,1086.1
Maharashtra,Zaid,Black,Mustard,462.3,11.7,67.8,6.37,14.16,122.2,26.1,55.9,Compost,Flood,1770.1
Uttar Pradesh,Kharif,Alluvial,Rice,1750.8,23.2,69.4,6.9,9.27,99.7,20.1,54.0,Potash,Flood,1923.2
Andhra Pradesh,Kharif,Clay,Barley,210.7,10.9,75.1,5.69,17.64,116.4,22.1,70.3,Potash,Flood,2617.3
Maharashtra,Zaid,Laterite,Cotton,733.6,37.5,48.0,7.87,2.59,33.6,41.7,29.6,NPK,Flood,888.6
Haryana,Zaid,Laterite,Jowar,888.5,22.2,93.7,6.26,5.86,89.9,35.7,61.8,Urea,Rain-fed,910.5
Uttar Pradesh,Zaid,Black,Sugarcane,2402.5,31.3,88.0,7.66,4.28,86.6,33.6,76.9,Compost,Flood,108531.9
Uttar Pradesh,Rabi,Laterite,Soybean,968.4,23.8,89.9,7.55,7.91,87.5,52.6,74.1,NPK,Flood,1840.3
Maharashtra,Kharif,Clay,Jowar,445.1,32.8,44.5,6.94,6.39,98.4,47.7,29.6,NPK,Rain-fed,1011.5
Punjab,Rabi,Red,Jowar,323.2,22.8,94.6,5.77,9.73,127.0,58.3,66.5,Compost,Drip,2042.3
Uttar Pradesh,Zaid,Red,Barley,475.4,16.5,41.9,6.35,19.09,113.0,72.5,63.4,DAP,Drip,2719.4
Punjab,Rabi,Black,Barley,633.8,21.7,52.1,7.78,2.39,20.0,72.3,14.7,DAP,Drip,4774.8
Maharashtra,Zaid,Laterite,Groundnut,715.9,25.2,69.8,7.5,13.76,121.0,78.4,11.4,NPK,Rain-fed,1449.3
Madhya Pradesh,Kharif,Alluvial,Barley,518.5,9.4,43.6,7.93,15.8,107.0,77.9,57.3,Potash,Drip,3942.8
Maharashtra,Rabi,Alluvial,Sugarcane,1706.7,34.8,70.1,8.29,14.07,141.5,20.7,63.1,Potash,Flood,58895.0
Uttar Pradesh,Kharif,Black,Cotton,1090.4,31.8,67.2,5.95,16.14,125.0,40.2,10.2,Organic,Drip,409.5
Andhra Pradesh,Kharif,Loamy,Barley,644.7,11.6,52.7,6.52,13.82,127.9,33.8,60.0,Potash,Flood,4279.5
Karnataka,Zaid,Laterite,Wheat,416.5,21.2,72.4,6.97,10.02,80.8,47.5,79.2,Urea,Flood,2736.5
Punjab,Rabi,Black,Mustard,312.7,18.3,88.0,7.65,2.0,24.6,22.7,51.5,Urea,Flood,1417.2
Maharashtra,Kharif,Loamy,Sugarcane,2082.3,30.2,85.9,8.11,19.41,45.3,42.7,66.6,DAP,Drip,74710.9
Tamil Nadu,Kharif,Laterite,Barley,426.8,17.7,72.7,5.73,1.58,133.0,35.0,40.4,NPK,Rain-fed,2478.8
Rajasthan,Zaid,Black,Barley,604.3,21.4,80.0,8.24,1.49,28.6,33.1,11.6,Organic,Sprinkler,3788.4
Haryana,Rabi,Red,Maize,947.9,19.3,82.1,8.24,12.06,140.3,35.0,54.1,Urea,Sprinkler,6017.0
West Bengal,Kharif,Clay,Sugarcane,1612.2,34.6,67.4,6.35,0.82,147.4,66.4,43.5,Urea,Sprinkler,74415.9
Karnataka,Rabi,Black,Maize,1014.6,30.9,88.6,7.03,11.37,136.5,68.7,64.8,NPK,Sprinkler,5153.3
Uttar Pradesh,Kharif,Laterite,Mustard,569.0,12.7,70.4,6.95,17.09,43.0,22.2,65.7,Organic,Drip,2044.3
Andhra Pradesh,Zaid,Red,Mustard,388.0,23.8,55.4,6.5,19.19,117.5,29.2,59.1,DAP,Sprinkler,1074.7
Uttar Pradesh,Zaid,Clay,Jowar,665.3,31.0,86.2,6.54,7.46,98.9,35.3,62.5,Urea,Drip,2876.8
Punjab,Rabi,Clay,Sugarcane,2140.4,28.0,67.3,8.39,0.93,122.5,65.3,57.0,Urea,Rain-fed,73007.5
Punjab,Rabi,Alluvial,Soybean,781.1,26.5,82.6,6.47,14.03,33.8,36.1,39.1,Organic,Rain-fed,911.2
Tamil Nadu,Kharif,Black,Rice,1962.3,24.0,74.7,7.87,5.3,22.5,55.4,15.4,Urea,Drip,5084.9
Tamil Nadu,Kharif,Black,Jowar,773.5,23.3,55.2,6.41,12.8,43.7,63.0,65.3,Urea,Sprinkler,2703.0
Karnataka,Kharif,Red,Soybean,660.2,28.6,56.7,8.36,2.13,53.1,38.6,41.4,Organic,Drip,2774.4
Punjab,Kharif,Sandy,Jowar,718.8,34.4,93.1,8.15,17.7,110.5,27.5,70.6,Organic,Rain-fed,2441.7
Andhra Pradesh,Kharif,Sandy,Wheat,511.0,20.8,59.3,8.25,9.33,110.5,70.3,40.5,NPK,Flood,5399.8
Maharashtra,Kharif,Red,Soybean,1078.4,22.7,46.3,7.34,17.93,22.8,71.9,58.8,Organic,Rain-fed,2505.1
Maharashtra,Zaid,Clay,Maize,1119.4,27.4,77.9,7.29,14.66,109.5,77.0,76.5,Organic,Sprinkler,3534.7
West Bengal,Kharif,Loamy,Groundnut,501.4,34.1,77.1,6.13,4.02,110.7,29.3,33.6,Urea,Rain-fed,2590.0
Maharashtra,Zaid,Red,Jowar,386.3,23.2,49.8,6.16,17.21,119.4,65.7,34.0,Potash,Rain-fed,1438.0
Maharashtra,Rabi,Sandy,Jowar,875.0,31.5,50.7,6.11,12.49,132.9,14.9,59.6,DAP,Rain-fed,1320.2
Andhra Pradesh,Kharif,Alluvial,Barley,664.3,17.1,74.3,6.94,14.26,144.4,68.5,52.6,DAP,Drip,3375.6
Madhya Pradesh,Kharif,Laterite,Sugarcane,2205.9,28.1,93.0,7.66,8.45,39.0,37.6,25.8,Compost,Flood,82245.6
Uttar Pradesh,Kharif,Clay,Sugarcane,1828.2,29.8,45.6,8.2,6.24,22.6,25.6,52.2,Organic,Flood,67468.8
West Bengal,Kharif,Black,Jowar,331.5,29.3,71.0,8.48,9.72,38.0,14.0,37.3,Compost,Drip,1207.0
Haryana,Zaid,Clay,Mustard,285.2,14.2,53.8,7.47,18.18,97.5,50.7,18.9,DAP,Sprinkler,882.4
Madhya Pradesh,Kharif,Sandy,Barley,652.1,13.6,65.2,6.01,17.11,28.2,42.0,54.1,Urea,Sprinkler,4020.9
Madhya Pradesh,Zaid,Clay,Jowar,534.4,32.2,86.1,8.19,6.3,33.1,48.9,31.4,NPK,Drip,1451.7
Maharashtra,Zaid,Loamy,Maize,971.5,20.7,47.6,8.29,8.84,24.8,20.7,30.8,Compost,Rain-fed,4224.6
Uttar Pradesh,Rabi,Clay,Soybean,932.9,24.9,81.7,7.3,10.2,100.5,57.7,34.9,Potash,Sprinkler,1793.1
Punjab,Kharif,Clay,Wheat,500.9,13.0,54.8,8.26,13.35,33.7,13.0,61.0,Organic,Drip,4120.2
Karnataka,Kharif,Alluvial,Jowar,775.8,31.1,40.7,7.91,17.87,64.7,49.3,70.4,DAP,Sprinkler,1840.2
Maharashtra,Rabi,Black,Groundnut,424.4,27.5,59.1,7.08,2.02,57.2,52.6,37.3,Compost,Sprinkler,2499.4
Madhya Pradesh,Zaid,Clay,Rice,917.9,25.0,66.4,6.29,13.79,54.9,17.5,70.7,Urea,Drip,5704.2
Maharashtra,Rabi,Red,Jowar,639.4,27.3,89.9,6.28,7.28,115.6,38.6,69.4,Compost,Drip,2789.0
Madhya Pradesh,Kharif,Clay,Sugarcane,2109.5,27.1,64.8,8.12,0.58,99.9,57.0,29.3,Urea,Rain-fed,115603.5
Andhra Pradesh,Rabi,Black,Mustard,364.5,23.7,84.2,6.41,14.43,136.1,24.0,31.1,Organic,Flood,1994.6
Madhya Pradesh,Zaid,Red,Barley,318.3,14.1,65.3,6.37,17.48,102.6,22.8,53.1,Organic,Sprinkler,3892.8
Madhya Pradesh,Zaid,Black,Mustard,252.3,14.2,58.6,8.03,15.94,116.7,23.5,74.4,Potash,Flood,1460.1
Karnataka,Zaid,Laterite,Barley,682.3,21.9,85.9,6.46,8.99,24.9,15.1,11.5,NPK,Sprinkler,3331.2
Tamil Nadu,Rabi,Black,Rice,1089.5,31.5,42.9,6.46,14.4,39.8,34.6,77.1,NPK,Rain-fed,3332.7
Maharashtra,Rabi,Red,Mustard,365.1,23.5,47.7,7.5,19.16,46.1,68.9,45.4,NPK,Rain-fed,2065.6
Haryana,Rabi,Red,Wheat,465.3,18.6,62.3,5.72,11.53,55.8,10.6,61.6,Compost,Rain-fed,1892.9
Maharashtra,Zaid,Laterite,Cotton,953.1,28.4,50.0,7.32,2.1,121.2,74.1,13.0,Potash,Rain-fed,335.3
Uttar Pradesh,Rabi,Red,Rice,1050.6,31.9,48.3,7.81,18.76,143.2,27.2,12.6,Compost,Drip,3161.2
Tamil Nadu,Kharif,Black,Groundnut,586.0,33.2,61.8,8.41,8.59,109.3,76.0,72.5,Potash,Flood,2419.6
Rajasthan,Zaid,Clay,Maize,604.2,30.3,71.0,6.81,4.34,112.4,31.1,28.0,DAP,Flood,1805.9
Karnataka,Kharif,Laterite,Wheat,530.9,22.8,91.1,7.05,8.36,145.2,23.3,47.2,Organic,Sprinkler,5013.3
West Bengal,Kharif,Red,Groundnut,710.5,33.7,84.7,6.31,16.95,91.0,13.5,76.9,Organic,Rain-fed,2476.2
West Bengal,Kharif,Loamy,Maize,840.8,19.9,48.4,8.21,10.15,129.2,19.1,60.0,Organic,Rain-fed,3793.3
Karnataka,Kharif,Red,Maize,1109.3,28.3,64.7,7.59,8.25,93.2,62.7,11.0,Urea,Drip,4518.4
Punjab,Rabi,Sandy,Wheat,500.1,13.7,70.9,5.83,2.52,64.1,27.9,13.3,NPK,Rain-fed,2939.5
Uttar Pradesh,Rabi,Red,Maize,788.6,21.9,68.0,6.4,16.39,123.1,54.9,74.1,DAP,Sprinkler,6147.8
Tamil Nadu,Zaid,Clay,Cotton,608.3,23.4,93.3,6.06,14.32,145.5,56.3,50.2,Compost,Flood,409.1
Haryana,Kharif,Black,Wheat,334.0,14.1,69.6,6.44,7.47,52.3,77.7,28.6,Urea,Flood,4308.2
Andhra Pradesh,Rabi,Loamy,Maize,570.5,27.4,45.1,5.85,8.31,87.1,11.7,18.2,DAP,Rain-fed,1605.2
Maharashtra,Kharif,Laterite,Mustard,223.8,23.6,57.4,5.62,5.2,33.9,74.6,73.0,NPK,Flood,951.9
Rajasthan,Zaid,Loamy,Soybean,639.7,20.5,74.5,8.34,9.35,84.4,39.1,41.3,Organic,Flood,1807.6
West Bengal,Rabi,Sandy,Jowar,625.3,32.6,40.2,8.26,10.86,64.8,20.5,23.5,Potash,Sprinkler,1736.6
Haryana,Rabi,Sandy,Jowar,639.0,27.4,50.0,7.04,11.06,65.2,16.5,51.8,NPK,Sprinkler,2670.5
Karnataka,Kharif,Alluvial,Wheat,272.9,21.4,78.5,6.56,15.43,124.1,45.0,23.6,Urea,Drip,4471.7
West Bengal,Rabi,Black,Cotton,732.3,22.1,57.7,7.24,12.06,134.7,60.3,67.3,DAP,Rain-fed,339.9
Tamil Nadu,Rabi,Alluvial,Sugarcane,2091.7,25.9,64.6,8.32,16.39,77.2,79.6,38.7,DAP,Drip,90958.5
West Bengal,Zaid,Sandy,Jowar,704.9,29.3,57.7,5.77,8.06,33.3,21.5,16.0,NPK,Drip,906.4
Uttar Pradesh,Kharif,Clay,Soybean,778.6,23.8,48.1,5.97,4.44,135.4,24.7,73.1,DAP,Sprinkler,2334.9
Tamil Nadu,Rabi,Clay,Rice,992.0,25.1,40.8,6.5,18.83,50.8,31.5,28.8,Potash,Sprinkler,2616.1
Rajasthan,Zaid,Sandy,Jowar,705.2,30.4,59.7,7.97,7.57,99.9,40.0,45.2,Urea,Sprinkler,1162.6
Karnataka,Zaid,Clay,Barley,696.2,10.1,57.1,6.55,18.94,121.6,60.8,52.8,DAP,Rain-fed,1934.1
Punjab,Zaid,Red,Wheat,672.5,20.6,57.5,5.91,11.82,108.7,63.9,69.6,NPK,Flood,2130.6
Karnataka,Rabi,Black,Cotton,506.1,29.2,91.0,7.56,3.25,36.3,65.6,76.5,NPK,Rain-fed,468.1
Madhya Pradesh,Zaid,Loamy,Jowar,562.2,26.6,69.2,7.08,19.37,94.2,36.7,39.5,NPK,Drip,1061.0
West Bengal,Kharif,Black,Groundnut,744.2,22.5,64.7,5.64,5.23,113.0,54.3,66.8,NPK,Sprinkler,1188.7
Karnataka,Zaid,Clay,Sugarcane,1044.9,27.5,79.2,6.82,19.71,147.6,38.9,13.1,Urea,Flood,133445.2
Uttar Pradesh,Zaid,Laterite,Wheat,606.5,10.4,75.1,8.12,16.52,145.6,53.6,45.2,DAP,Drip,5552.4
Punjab,Zaid,Loamy,Groundnut,576.2,32.7,47.3,7.63,13.64,119.5,71.6,68.1,DAP,Drip,1187.8
Madhya Pradesh,Kharif,Clay,Sugarcane,1149.5,35.8,67.2,8.26,14.33,89.3,40.3,41.6,DAP,Flood,96820.1
Tamil Nadu,Zaid,Laterite,Cotton,1012.3,32.5,45.5,6.74,7.88,128.5,69.7,17.6,Compost,Drip,574.6
Tamil Nadu,Kharif,Loamy,Cotton,979.3,28.7,41.2,8.28,7.4,44.0,32.5,62.3,Potash,Rain-fed,946.0
Madhya Pradesh,Kharif,Laterite,Jowar,732.3,22.9,42.2,6.01,1.53,144.6,50.8,48.9,Potash,Flood,2455.6
Tamil Nadu,Kharif,Loamy,Jowar,525.7,33.4,51.8,8.18,9.28,55.9,77.4,52.8,Compost,Rain-fed,818.4
Haryana,Zaid,Sandy,Cotton,881.2,31.0,91.3,6.94,19.53,103.8,15.8,52.8,Potash,Drip,927.9
Haryana,Zaid,Alluvial,Barley,438.3,9.8,71.9,6.71,18.74,61.7,71.3,53.8,Organic,Sprinkler,3480.5
Madhya Pradesh,Zaid,Alluvial,Jowar,821.2,22.9,85.7,7.87,11.29,36.4,69.8,19.9,NPK,Flood,2492.0
Punjab,Rabi,Loamy,Mustard,251.1,10.1,84.6,6.04,5.86,72.0,27.9,28.4,Organic,Flood,1203.7
West Bengal,Rabi,Black,Cotton,701.5,37.3,43.5,6.78,17.0,142.8,31.6,11.0,DAP,Sprinkler,541.1
Karnataka,Zaid,Clay,Jowar,857.5,33.7,70.8,7.33,5.78,32.3,32.0,48.7,Urea,Rain-fed,1824.7
Maharashtra,Zaid,Laterite,Wheat,254.2,11.2,65.9,6.93,7.93,87.7,78.2,69.3,Potash,Drip,5570.5
West Bengal,Kharif,Laterite,Groundnut,466.6,27.0,72.2,7.84,4.87,139.0,34.9,52.3,Organic,Sprinkler,1570.5
Uttar Pradesh,Rabi,Laterite,Mustard,468.1,14.4,78.8,5.53,7.66,32.5,57.9,17.2,NPK,Drip,1036.7
Punjab,Kharif,Loamy,Wheat,556.9,16.5,56.6,6.35,5.93,48.7,17.6,10.5,Compost,Flood,3030.6
Madhya Pradesh,Rabi,Black,Wheat,326.1,12.1,74.0,6.99,1.33,24.0,20.5,15.4,Potash,Drip,3188.7
Rajasthan,Kharif,Alluvial,Wheat,298.0,21.3,78.1,8.44,16.31,68.8,12.7,56.0,Compost,Flood,3273.1
Maharashtra,Rabi,Laterite,Groundnut,780.1,34.3,68.5,6.66,16.8,129.8,47.4,56.6,Potash,Sprinkler,2498.9
Karnataka,Zaid,Sandy,Maize,1132.6,29.4,62.2,6.44,4.75,70.8,55.8,45.2,Compost,Drip,2555.1
Karnataka,Kharif,Black,Jowar,560.5,34.2,81.5,8.32,2.46,143.5,46.6,30.7,DAP,Drip,1252.7
Madhya Pradesh,Rabi,Black,Barley,541.2,15.2,81.9,6.39,6.89,97.1,35.5,41.3,Organic,Drip,4479.3
Madhya Pradesh,Zaid,Clay,Soybean,974.7,26.8,61.2,6.44,14.07,52.1,38.7,20.1,Organic,Flood,1446.5
Haryana,Zaid,Black,Barley,224.3,11.6,85.0,6.21,4.66,97.4,48.3,20.8,Compost,Sprinkler,2196.8
Maharashtra,Zaid,Black,Maize,662.9,27.0,71.3,7.61,19.03,91.8,52.5,76.0,DAP,Rain-fed,5100.1
Madhya Pradesh,Zaid,Sandy,Rice,910.5,23.0,42.2,7.8,3.83,37.9,49.2,44.7,Organic,Sprinkler,2577.4
Tamil Nadu,Zaid,Loamy,Mustard,212.5,21.6,68.4,7.77,8.84,109.5,20.8,47.2,DAP,Sprinkler,1732.9
Tamil Nadu,Rabi,Black,Barley,516.3,17.1,57.9,8.0,11.98,30.5,50.6,26.9,NPK,Rain-fed,4280.4
Punjab,Rabi,Loamy,Soybean,1096.2,29.4,67.4,6.82,15.42,79.3,66.3,23.5,Organic,Drip,1746.5
Uttar Pradesh,Kharif,Red,Barley,306.6,15.4,65.4,7.78,15.19,126.8,61.1,71.2,DAP,Flood,2229.6
Tamil Nadu,Kharif,Sandy,Maize,1098.1,20.4,55.9,8.32,4.29,132.7,19.6,14.3,Urea,Drip,2432.1
Karnataka,Zaid,Loamy,Jowar,368.6,32.3,49.8,7.91,1.58,121.4,45.8,58.3,Urea,Sprinkler,874.1
West Bengal,Zaid,Clay,Soybean,851.5,25.9,86.3,6.4,1.82,134.1,29.7,41.6,Compost,Drip,1769.6
Punjab,Kharif,Alluvial,Soybean,1158.2,24.2,63.0,6.03,1.54,90.1,27.9,77.1,Compost,Flood,1803.7
Punjab,Rabi,Red,Rice,1384.8,34.5,58.2,5.82,9.46,68.2,18.1,57.3,Urea,Rain-fed,4454.5
Haryana,Rabi,Laterite,Jowar,493.2,29.0,64.0,7.5,3.54,46.9,70.4,55.4,NPK,Drip,1983.0
Haryana,Kharif,Alluvial,Maize,1015.1,31.1,51.1,6.54,10.44,22.7,32.9,67.7,Potash,Sprinkler,1738.8
Madhya Pradesh,Zaid,Red,Cotton,972.4,26.7,68.8,6.52,4.03,58.1,58.2,78.2,Urea,Flood,889.5
Madhya Pradesh,Rabi,Black,Mustard,381.1,17.6,70.7,5.91,13.66,42.2,11.7,18.5,DAP,Sprinkler,1045.3
Maharashtra,Rabi,Red,Groundnut,400.1,25.9,65.3,7.26,19.07,141.4,78.5,75.9,Potash,Sprinkler,2055.9
Haryana,Rabi,Black,Sugarcane,1903.6,34.5,69.6,6.12,9.41,62.2,42.0,11.2,Potash,Sprinkler,116590.4
Punjab,Kharif,Laterite,Mustard,439.5,14.3,60.1,7.19,10.92,86.7,36.7,14.6,Organic,Drip,1220.1
West Bengal,Kharif,Laterite,Mustard,269.5,13.1,78.5,8.15,18.32,83.1,43.3,68.0,NPK,Sprinkler,1182.2
Maharashtra,Rabi,Alluvial,Barley,562.5,9.8,59.6,7.1,9.97,38.5,58.8,48.4,Compost,Sprinkler,3574.9
Maharashtra,Zaid,Sandy,Mustard,388.6,10.4,42.6,8.33,3.82,103.4,42.3,47.6,Potash,Sprinkler,961.2
Rajasthan,Rabi,Alluvial,Soybean,632.1,22.8,47.3,6.36,2.13,81.7,75.0,61.8,DAP,Rain-fed,2508.2
Andhra Pradesh,Zaid,Loamy,Wheat,732.2,23.1,67.7,5.64,18.2,94.6,40.0,45.7,Urea,Drip,3984.4
Punjab,Zaid,Clay,Barley,697.1,20.6,90.8,6.24,9.02,93.1,58.5,30.9,Potash,Drip,4035.1
Maharashtra,Rabi,Sandy,Maize,735.9,20.7,73.6,6.38,19.06,41.0,68.4,34.2,Organic,Sprinkler,2850.9
Punjab,Zaid,Alluvial,Soybean,834.1,26.1,74.5,6.71,3.47,142.2,70.7,35.3,NPK,Rain-fed,2945.8
Uttar Pradesh,Zaid,Red,Groundnut,890.6,25.9,91.7,6.34,10.88,95.4,66.1,78.1,Potash,Flood,2302.4
Andhra Pradesh,Zaid,Sandy,Wheat,387.8,16.7,58.0,8.13,1.49,91.7,22.4,27.0,DAP,Flood,2805.7
Haryana,Rabi,Clay,Groundnut,698.4,32.5,55.1,7.18,19.94,94.5,63.1,33.0,DAP,Sprinkler,1426.4
Rajasthan,Rabi,Red,Cotton,1099.9,23.9,76.6,6.03,8.45,67.5,36.7,69.1,Urea,Flood,532.9
West Bengal,Kharif,Black,Wheat,527.8,21.0,80.9,7.55,16.13,47.3,52.4,40.5,DAP,Flood,5185.6
Maharashtra,Zaid,Black,Rice,1401.0,30.5,78.9,5.77,3.46,75.2,79.9,37.4,Potash,Flood,1940.0
Rajasthan,Zaid,Clay,Sugarcane,2047.6,28.0,81.8,6.75,14.88,45.8,32.2,49.9,Organic,Flood,79512.2
Maharashtra,Rabi,Laterite,Mustard,259.3,13.0,63.4,6.28,4.88,45.6,49.7,59.5,Organic,Flood,1606.0
Punjab,Rabi,Clay,Rice,1261.6,23.4,71.1,6.57,14.17,94.7,14.0,18.9,NPK,Drip,2498.9
Karnataka,Zaid,Sandy,Wheat,651.7,21.3,51.1,6.2,19.81,25.8,42.1,41.0,Compost,Rain-fed,4110.1
Andhra Pradesh,Zaid,Alluvial,Rice,1615.9,34.4,72.8,6.65,4.56,54.0,68.5,61.0,Potash,Drip,4318.8
West Bengal,Kharif,Red,Mustard,257.4,17.1,49.8,6.22,17.04,51.6,20.7,64.9,DAP,Sprinkler,2156.1
Rajasthan,Rabi,Alluvial,Maize,883.7,26.2,71.9,5.65,18.77,37.0,63.5,57.6,DAP,Flood,3331.2
Punjab,Kharif,Loamy,Cotton,994.4,24.5,77.6,6.87,4.24,116.2,49.2,41.4,NPK,Flood,711.8
Punjab,Zaid,Alluvial,Sugarcane,1304.6,36.1,77.3,5.76,11.35,117.2,28.5,27.3,NPK,Rain-fed,109325.3
Rajasthan,Zaid,Clay,Groundnut,504.8,24.9,68.3,6.37,2.06,22.0,43.5,70.9,DAP,Rain-fed,1323.6
Haryana,Zaid,Clay,Groundnut,770.3,32.7,65.4,8.02,3.21,60.3,78.9,10.3,Potash,Rain-fed,955.9
Uttar Pradesh,Zaid,Loamy,Soybean,914.5,23.3,47.4,7.5,14.68,145.6,76.1,24.4,Organic,Drip,995.2
Tamil Nadu,Zaid,Black,Groundnut,637.8,26.7,57.3,7.88,2.29,80.0,37.0,53.4,Potash,Rain-fed,1932.6
Rajasthan,Rabi,Sandy,Soybean,928.7,21.0,75.8,7.35,3.46,111.2,10.3,12.2,Potash,Drip,2274.4
Haryana,Zaid,Red,Mustard,451.0,23.7,49.4,5.64,14.95,106.3,48.9,54.3,DAP,Drip,1662.9
Karnataka,Zaid,Red,Jowar,494.9,27.8,86.1,8.31,16.2,93.3,67.4,13.1,Organic,Rain-fed,2074.5
Tamil Nadu,Kharif,Laterite,Groundnut,738.3,26.1,77.9,7.33,10.7,100.2,60.7,10.8,Potash,Rain-fed,1602.3
Tamil Nadu,Rabi,Alluvial,Cotton,745.6,25.0,62.1,6.05,2.01,108.9,21.4,39.5,DAP,Flood,804.5
Andhra Pradesh,Rabi,Alluvial,Soybean,761.9,26.1,81.5,7.31,19.54,106.6,74.4,59.8,Organic,Sprinkler,992.6
Rajasthan,Zaid,Black,Jowar,795.8,32.6,40.8,6.07,7.63,37.0,67.4,75.1,Potash,Flood,2534.5
Rajasthan,Kharif,Clay,Soybean,1045.9,24.4,93.8,6.82,16.95,22.9,17.4,34.4,Organic,Sprinkler,2460.7
Uttar Pradesh,Rabi,Laterite,Mustard,529.6,22.4,85.1,7.25,19.79,138.9,30.1,23.8,Organic,Sprinkler,1052.6
Andhra Pradesh,Rabi,Loamy,Rice,1526.4,27.2,88.8,6.42,17.48,95.2,30.0,66.6,Potash,Drip,5330.6
Haryana,Rabi,Laterite,Jowar,342.8,28.4,70.0,6.58,12.02,55.9,47.8,36.5,Organic,Rain-fed,2625.2
West Bengal,Zaid,Clay,Rice,1359.3,34.4,49.3,8.42,12.54,81.5,53.6,68.9,Organic,Rain-fed,5297.4
Rajasthan,Zaid,Alluvial,Jowar,445.6,26.8,75.7,8.36,18.02,26.9,77.3,24.0,Organic,Rain-fed,1748.9
Madhya Pradesh,Kharif,Loamy,Jowar,547.8,24.4,86.2,6.39,17.21,39.9,41.2,37.6,Organic,Drip,2668.4
Rajasthan,Zaid,Loamy,Maize,1122.2,30.4,92.6,7.08,10.89,120.1,76.9,40.7,NPK,Flood,5630.7
Punjab,Rabi,Laterite,Groundnut,550.3,34.4,47.9,7.64,0.57,127.6,57.8,16.6,Urea,Drip,2468.2
Rajasthan,Zaid,Loamy,Sugarcane,2223.1,35.4,83.6,6.6,17.04,32.1,51.4,65.9,Organic,Flood,65594.1
Andhra Pradesh,Rabi,Alluvial,Jowar,554.9,29.9,54.0,8.09,3.55,32.6,15.2,11.0,Organic,Sprinkler,1039.6
Madhya Pradesh,Zaid,Red,Maize,644.5,29.1,74.7,7.17,9.09,137.2,53.9,14.3,DAP,Sprinkler,4643.3
Madhya Pradesh,Zaid,Red,Mustard,418.8,14.0,93.6,8.08,5.8,142.4,69.6,35.4,Potash,Drip,1657.9
Punjab,Kharif,Sandy,Wheat,349.5,21.8,47.2,7.33,7.47,81.7,28.7,54.4,DAP,Sprinkler,2912.4
Punjab,Zaid,Clay,Jowar,713.6,31.8,60.5,8.32,6.23,149.0,38.6,22.6,Potash,Sprinkler,2347.7
Madhya Pradesh,Kharif,Alluvial,Soybean,639.0,26.5,84.6,7.86,0.52,39.7,45.8,74.0,Potash,Rain-fed,1824.9
Andhra Pradesh,Rabi,Red,Groundnut,887.4,33.5,63.6,7.55,6.25,44.1,26.9,34.0,Organic,Sprinkler,1785.5
Maharashtra,Rabi,Laterite,Barley,323.7,8.4,43.5,7.19,2.97,44.6,75.5,31.5,NPK,Sprinkler,2058.0
Punjab,Rabi,Black,Rice,1031.8,34.5,70.7,6.7,10.19,73.9,57.9,60.0,DAP,Rain-fed,4958.5
Rajasthan,Kharif,Alluvial,Rice,1900.0,30.5,75.2,8.5,1.71,145.3,40.8,52.9,DAP,Drip,5000.4
Rajasthan,Zaid,Laterite,Barley,685.2,10.5,80.1,8.05,2.98,71.7,56.6,37.7,Urea,Sprinkler,2005.9
Andhra Pradesh,Zaid,Alluvial,Mustard,249.2,15.6,71.1,5.9,3.04,108.8,37.2,33.7,NPK,Sprinkler,1150.1
Andhra Pradesh,Kharif,Loamy,Rice,1117.6,28.7,47.6,7.44,7.97,47.3,73.8,32.2,Compost,Sprinkler,2529.5
Uttar Pradesh,Zaid,Clay,Groundnut,709.5,22.6,54.2,7.27,16.45,29.6,61.5,65.5,NPK,Rain-fed,2550.0
Maharashtra,Kharif,Alluvial,Groundnut,483.8,30.4,88.6,5.84,3.4,36.1,15.3,23.7,Organic,Sprinkler,2116.0
West Bengal,Zaid,Clay,Mustard,305.5,14.1,66.0,6.57,11.03,91.4,21.4,32.9,Potash,Sprinkler,1683.2
Uttar Pradesh,Rabi,Laterite,Rice,1668.6,31.2,41.4,8.06,2.71,47.7,51.4,64.0,DAP,Rain-fed,1950.8
Uttar Pradesh,Zaid,Laterite,Maize,1187.6,19.3,50.0,6.44,8.1,44.9,15.7,33.7,Urea,Sprinkler,4878.9
Haryana,Kharif,Sandy,Rice,954.8,22.7,70.3,8.26,2.82,116.5,25.9,43.3,Organic,Sprinkler,4637.4
Rajasthan,Kharif,Laterite,Barley,432.5,18.6,65.3,8.44,12.99,143.1,37.2,37.3,NPK,Sprinkler,3331.8
Maharashtra,Rabi,Black,Barley,453.1,18.5,62.4,5.78,19.34,42.3,78.2,60.1,NPK,Sprinkler,1881.8
Punjab,Kharif,Sandy,Maize,923.4,29.2,73.0,7.98,3.93,77.7,69.6,39.9,NPK,Flood,4860.8
Karnataka,Kharif,Red,Jowar,318.3,32.0,62.2,7.62,1.06,123.1,31.4,23.2,Urea,Rain-fed,1509.4
Haryana,Zaid,Clay,Jowar,511.6,34.0,59.2,5.78,9.52,81.9,43.6,27.7,NPK,Sprinkler,1224.5
Maharashtra,Kharif,Sandy,Groundnut,530.0,25.7,81.8,6.46,5.79,86.8,70.0,24.8,NPK,Flood,2428.4
Madhya Pradesh,Kharif,Clay,Soybean,1148.5,26.5,66.7,7.28,7.76,112.9,50.6,44.1,Potash,Sprinkler,1055.9
Punjab,Rabi,Sandy,Maize,706.7,21.3,48.1,8.0,5.45,83.8,52.3,14.7,NPK,Rain-fed,1948.4
West Bengal,Kharif,Sandy,Wheat,332.6,22.7,66.4,7.56,9.75,116.0,14.0,44.0,NPK,Rain-fed,5415.9
Madhya Pradesh,Rabi,Loamy,Jowar,690.7,34.4,77.5,8.41,13.53,140.4,53.9,50.3,Potash,Flood,1626.2
West Bengal,Rabi,Alluvial,Groundnut,896.8,24.9,86.0,5.58,6.0,97.4,32.2,77.2,Urea,Drip,1941.3
Madhya Pradesh,Zaid,Black,Mustard,462.2,14.7,93.1,8.16,16.7,116.8,13.2,16.3,Organic,Drip,1583.9
Rajasthan,Kharif,Red,Maize,879.8,18.9,52.1,5.79,9.99,81.2,16.2,46.2,Urea,Rain-fed,2241.0
Tamil Nadu,Zaid,Loamy,Barley,637.2,19.0,85.2,8.3,13.17,84.9,70.1,35.4,NPK,Rain-fed,1947.6
Uttar Pradesh,Rabi,Loamy,Rice,974.7,33.6,72.9,7.65,15.23,136.8,75.9,23.7,Organic,Sprinkler,5239.4
West Bengal,Rabi,Red,Soybean,671.3,28.4,81.3,7.25,9.88,91.8,63.6,70.1,Organic,Flood,2223.1
Haryana,Rabi,Loamy,Barley,367.9,10.2,42.8,8.41,14.84,77.2,14.1,26.1,Urea,Rain-fed,4150.7
Haryana,Rabi,Red,Groundnut,422.9,34.0,66.9,8.01,4.84,44.5,61.6,58.1,DAP,Sprinkler,2039.2
Karnataka,Zaid,Clay,Groundnut,526.9,27.7,66.2,7.95,16.47,112.7,12.6,71.1,Urea,Rain-fed,891.5
Rajasthan,Rabi,Red,Maize,944.2,20.7,82.6,7.72,8.38,64.2,27.2,79.8,Potash,Rain-fed,5777.6
Andhra Pradesh,Rabi,Clay,Sugarcane,1948.9,37.8,77.8,5.81,16.96,148.7,62.7,44.8,Compost,Drip,67264.1
Uttar Pradesh,Zaid,Red,Jowar,412.4,28.0,87.6,6.41,4.83,112.0,46.8,17.5,Compost,Sprinkler,1002.1
Uttar Pradesh,Zaid,Clay,Wheat,284.1,13.0,86.6,7.85,15.9,148.6,16.0,67.5,Organic,Rain-fed,2205.0
Uttar Pradesh,Kharif,Red,Maize,1119.6,21.9,59.3,7.44,14.5,115.9,42.4,36.6,DAP,Flood,3955.4
Karnataka,Kharif,Loamy,Sugarcane,2021.0,35.4,62.4,5.6,3.89,71.5,69.0,17.6,Compost,Sprinkler,52798.3
Tamil Nadu,Zaid,Alluvial,Groundnut,647.3,29.4,68.4,7.8,13.84,33.5,70.9,46.8,Potash,Flood,2242.4
Tamil Nadu,Rabi,Black,Mustard,516.9,19.6,58.0,7.56,17.61,104.8,73.1,17.2,Organic,Sprinkler,873.6
Karnataka,Rabi,Alluvial,Jowar,367.7,23.4,85.9,5.89,19.93,144.7,20.1,26.3,Potash,Sprinkler,1490.5
Punjab,Rabi,Clay,Mustard,233.2,16.0,69.0,8.31,4.21,41.4,70.4,67.4,Compost,Flood,1569.7
West Bengal,Zaid,Sandy,Maize,1166.0,21.2,63.0,6.65,19.02,128.5,63.7,20.3,DAP,Sprinkler,7381.1
Punjab,Zaid,Clay,Rice,1022.5,23.5,51.9,7.62,19.21,114.0,23.4,20.8,Potash,Flood,5227.4
Punjab,Zaid,Laterite,Mustard,514.1,20.3,48.5,6.17,1.82,62.1,39.8,10.6,Organic,Sprinkler,1674.4
Uttar Pradesh,Rabi,Black,Mustard,370.4,22.5,82.6,8.26,18.02,89.9,64.4,46.1,NPK,Drip,1248.6
Uttar Pradesh,Rabi,Clay,Rice,1249.7,26.2,72.5,7.49,16.23,118.3,21.9,18.5,Urea,Sprinkler,2643.2
Karnataka,Zaid,Clay,Mustard,559.9,13.3,53.7,6.42,19.48,69.6,18.9,34.3,Potash,Flood,1166.4
Rajasthan,Zaid,Alluvial,Barley,609.8,16.6,67.9,7.12,5.12,138.2,37.4,27.8,DAP,Sprinkler,2692.4
Tamil Nadu,Rabi,Black,Cotton,606.3,36.2,75.8,5.86,19.64,112.3,62.6,63.2,Urea,Rain-fed,847.6
Rajasthan,Zaid,Clay,Barley,619.6,14.6,88.5,8.47,11.86,54.3,42.1,11.5,DAP,Sprinkler,4147.1
Haryana,Kharif,Loamy,Jowar,503.8,25.8,71.2,7.37,9.12,76.3,71.5,42.1,Potash,Drip,1532.8
West Bengal,Kharif,Sandy,Mustard,462.6,13.7,60.1,6.46,9.19,65.2,64.2,45.7,DAP,Drip,2267.6
Haryana,Zaid,Sandy,Mustard,540.9,17.8,42.4,8.0,11.54,92.6,47.1,53.4,NPK,Flood,1783.7
Karnataka,Rabi,Red,Mustard,258.8,19.6,75.7,6.82,7.55,102.7,23.5,19.7,DAP,Drip,1121.8
Maharashtra,Rabi,Sandy,Sugarcane,1745.6,25.9,79.0,7.61,12.25,69.6,76.5,66.0,Organic,Rain-fed,115902.4
Maharashtra,Zaid,Loamy,Jowar,887.0,24.1,51.1,7.05,7.33,129.8,45.6,17.7,Urea,Rain-fed,1063.0
Tamil Nadu,Kharif,Black,Mustard,255.7,13.5,42.5,7.08,11.54,85.4,59.7,43.9,Compost,Drip,2165.0
Tamil Nadu,Kharif,Red,Wheat,285.9,23.3,66.8,5.83,18.13,60.1,41.6,31.8,DAP,Drip,4573.0
Punjab,Rabi,Clay,Groundnut,708.0,22.2,61.6,6.24,16.87,109.5,23.2,33.3,DAP,Drip,1803.4
Maharashtra,Rabi,Black,Barley,572.7,19.0,40.1,7.57,5.1,123.7,12.7,73.0,Organic,Flood,3140.9
Rajasthan,Kharif,Clay,Maize,929.1,29.4,49.2,5.95,13.9,59.0,45.2,79.5,NPK,Drip,3142.4
Rajasthan,Zaid,Laterite,Rice,1917.1,31.1,84.6,6.41,7.75,141.4,70.8,18.6,Compost,Drip,2857.3
Maharashtra,Rabi,Loamy,Wheat,363.8,17.1,41.3,6.8,6.06,149.1,27.6,34.9,Potash,Sprinkler,3714.1
Punjab,Zaid,Black,Barley,476.5,15.7,69.9,7.16,15.96,148.5,79.3,16.9,Potash,Flood,2260.0
Andhra Pradesh,Kharif,Sandy,Soybean,1028.4,25.3,87.2,6.88,11.58,74.6,61.8,41.3,Organic,Rain-fed,2250.1
Punjab,Zaid,Red,Rice,1742.3,31.7,86.9,7.89,2.5,131.0,73.0,30.6,DAP,Drip,3322.8
Haryana,Zaid,Sandy,Jowar,572.3,24.4,85.0,7.87,9.27,34.6,47.2,35.2,Urea,Rain-fed,2169.2
Andhra Pradesh,Zaid,Clay,Sugarcane,1963.8,35.4,40.9,6.12,5.44,32.8,69.4,21.2,Urea,Flood,109974.2
Madhya Pradesh,Rabi,Clay,Soybean,888.0,28.6,76.5,6.13,15.74,146.6,13.9,18.7,Potash,Drip,2366.9
Uttar Pradesh,Kharif,Laterite,Rice,1859.0,34.1,52.3,6.71,13.76,85.7,67.0,57.8,NPK,Rain-fed,5064.0
Madhya Pradesh,Zaid,Red,Jowar,427.7,25.5,65.4,8.44,10.98,85.3,41.2,30.4,Organic,Sprinkler,1363.1
Andhra Pradesh,Kharif,Red,Rice,1047.0,31.9,81.4,7.8,4.68,93.9,33.2,37.5,DAP,Sprinkler,2698.2
Punjab,Rabi,Clay,Sugarcane,1158.2,26.8,43.0,5.7,16.1,44.6,70.6,78.8,DAP,Rain-fed,120637.1
Madhya Pradesh,Rabi,Sandy,Sugarcane,2261.6,34.0,83.0,6.66,1.69,105.5,11.6,59.4,Urea,Drip,77174.1
West Bengal,Zaid,Red,Soybean,916.3,23.1,65.5,7.86,4.5,22.3,17.3,29.2,DAP,Rain-fed,1572.0
Madhya Pradesh,Kharif,Red,Jowar,390.6,31.4,47.5,6.92,6.26,35.5,29.0,59.6,Urea,Flood,2365.9
West Bengal,Kharif,Clay,Jowar,748.0,26.6,89.0,6.33,13.97,100.1,31.3,59.1,Organic,Sprinkler,1156.6
Haryana,Rabi,Sandy,Jowar,608.3,29.5,92.4,8.29,15.6,61.3,20.9,15.7,Organic,Flood,1712.0
Rajasthan,Zaid,Clay,Groundnut,831.4,33.3,71.0,5.63,17.75,84.0,63.8,51.5,Organic,Flood,1511.1
Rajasthan,Rabi,Clay,Jowar,755.2,27.6,51.6,7.18,10.97,109.8,52.5,57.5,Compost,Flood,1606.0
Haryana,Kharif,Loamy,Cotton,822.4,30.5,56.2,6.11,9.17,105.2,21.2,44.9,NPK,Drip,1101.8
Andhra Pradesh,Rabi,Alluvial,Jowar,582.3,34.2,48.8,6.77,3.18,57.1,47.1,73.8,Organic,Sprinkler,1563.2
Maharashtra,Rabi,Red,Mustard,344.1,10.1,89.2,6.82,19.25,64.3,79.9,53.8,Potash,Rain-fed,1248.4
Tamil Nadu,Kharif,Red,Mustard,371.7,10.7,54.0,7.72,4.27,111.2,48.4,11.1,NPK,Drip,1256.3
Andhra Pradesh,Kharif,Loamy,Wheat,506.6,12.6,65.2,7.77,14.1,122.6,60.0,36.9,NPK,Sprinkler,5343.4
Uttar Pradesh,Kharif,Red,Groundnut,579.2,31.8,79.8,6.47,10.1,145.4,33.3,62.1,Organic,Flood,2319.9
Rajasthan,Rabi,Sandy,Rice,1587.5,32.9,72.5,7.91,2.98,120.7,62.7,43.8,Potash,Sprinkler,3122.3
Punjab,Rabi,Laterite,Mustard,482.5,17.9,57.3,6.47,4.59,69.1,11.0,37.6,Potash,Drip,945.2
Tamil Nadu,Rabi,Alluvial,Cotton,754.5,31.2,57.4,7.29,2.14,43.3,69.5,38.1,Organic,Flood,445.2
Uttar Pradesh,Rabi,Laterite,Wheat,727.2,23.7,80.1,8.05,19.43,62.6,57.6,20.3,DAP,Flood,5009.8
Haryana,Zaid,Sandy,Soybean,1089.7,26.1,71.9,7.37,7.39,68.3,15.7,69.1,NPK,Flood,2335.6
Punjab,Rabi,Black,Rice,1113.0,30.6,74.3,8.09,11.89,119.0,17.1,57.9,Potash,Sprinkler,2105.8
Rajasthan,Rabi,Red,Jowar,395.3,31.4,64.5,8.08,8.95,79.0,70.2,51.1,Organic,Flood,1941.7
Karnataka,Rabi,Loamy,Sugarcane,2406.3,35.7,58.6,6.07,13.46,117.0,64.2,15.5,Potash,Drip,117340.4
Uttar Pradesh,Rabi,Red,Mustard,305.1,23.1,69.8,5.78,16.76,128.0,54.7,59.8,Potash,Rain-fed,1810.7
Uttar Pradesh,Rabi,Red,Mustard,233.2,11.8,49.7,5.93,9.19,124.7,69.6,63.8,Potash,Flood,786.2
Karnataka,Rabi,Laterite,Cotton,516.3,35.4,60.6,7.25,4.54,122.4,51.3,20.6,DAP,Sprinkler,909.4
Madhya Pradesh,Zaid,Red,Cotton,515.8,34.2,50.9,7.52,11.93,100.3,24.7,68.4,NPK,Rain-fed,307.4
Uttar Pradesh,Zaid,Loamy,Jowar,526.0,34.2,88.4,7.68,2.61,80.9,44.7,72.4,Compost,Rain-fed,2415.5
Andhra Pradesh,Rabi,Alluvial,Rice,1116.3,34.7,85.5,6.76,6.78,37.3,48.6,17.4,Potash,Drip,4148.2
Karnataka,Rabi,Laterite,Groundnut,880.5,26.0,71.5,6.03,13.22,90.4,69.0,25.0,NPK,Flood,1303.5
Tamil Nadu,Rabi,Loamy,Sugarcane,2351.8,33.9,56.5,7.88,18.65,121.5,11.9,51.5,Potash,Rain-fed,91053.4
Uttar Pradesh,Kharif,Red,Cotton,729.7,33.2,68.0,6.18,7.08,120.4,71.4,30.9,Urea,Drip,645.2
Rajasthan,Zaid,Clay,Barley,579.5,17.9,60.0,8.43,11.18,95.1,30.2,17.4,Organic,Drip,3295.6
Haryana,Rabi,Laterite,Wheat,369.7,20.0,78.5,5.87,9.27,112.8,48.1,33.8,NPK,Sprinkler,3386.3
Punjab,Rabi,Laterite,Jowar,339.9,30.7,92.5,8.3,5.77,23.3,45.2,70.3,NPK,Drip,1368.8
Andhra Pradesh,Rabi,Laterite,Rice,1673.2,32.9,77.0,8.16,6.7,96.0,29.0,26.8,Compost,Flood,3509.7
Rajasthan,Rabi,Red,Jowar,538.9,23.4,79.7,5.67,7.47,53.3,47.3,27.1,Urea,Rain-fed,1395.3
Madhya Pradesh,Kharif,Sandy,Soybean,751.8,24.1,89.9,6.78,15.52,26.7,51.9,32.1,Urea,Rain-fed,2865.6
Rajasthan,Zaid,Red,Soybean,658.1,22.2,45.6,6.38,2.27,74.1,67.5,66.9,Potash,Drip,2715.9
Madhya Pradesh,Kharif,Clay,Rice,979.7,24.1,66.1,5.6,3.52,74.6,14.4,18.5,DAP,Drip,3425.7
Madhya Pradesh,Zaid,Clay,Barley,571.7,10.9,72.1,7.98,12.88,57.1,30.5,63.9,Compost,Flood,1825.5
Andhra Pradesh,Kharif,Red,Soybean,1009.7,26.0,61.5,8.15,8.25,115.9,74.4,27.8,Organic,Sprinkler,1742.6
Madhya Pradesh,Kharif,Loamy,Mustard,386.2,14.0,70.3,7.16,9.98,39.9,16.0,21.8,Compost,Flood,1659.5
Maharashtra,Kharif,Black,Jowar,321.3,28.9,41.9,5.85,19.03,133.7,40.2,51.5,Compost,Flood,2106.2
Madhya Pradesh,Rabi,Clay,Maize,746.6,28.1,88.3,6.0,1.65,90.9,65.3,21.2,DAP,Rain-fed,6769.1
Karnataka,Kharif,Laterite,Soybean,1128.4,26.8,85.1,6.9,8.93,34.4,11.1,30.9,Organic,Drip,1189.2
Tamil Nadu,Zaid,Black,Soybean,890.7,22.5,79.9,7.0,0.63,117.5,23.2,77.3,Organic,Rain-fed,2389.3
West Bengal,Kharif,Alluvial,Groundnut,676.1,35.5,44.5,5.75,12.75,64.7,47.3,62.8,Potash,Rain-fed,2111.6
Andhra Pradesh,Zaid,Alluvial,Wheat,599.8,16.1,86.2,5.75,14.36,126.7,14.6,72.6,Organic,Drip,6138.8
Madhya Pradesh,Kharif,Loamy,Wheat,313.5,11.6,76.5,5.61,11.35,38.2,64.1,66.7,NPK,Sprinkler,5229.7
Madhya Pradesh,Rabi,Loamy,Mustard,344.4,19.7,83.4,6.78,11.07,75.5,40.3,52.8,Compost,Sprinkler,1202.3
Uttar Pradesh,Rabi,Clay,Wheat,636.0,15.2,49.0,5.66,6.63,41.2,56.9,49.1,Compost,Rain-fed,5509.4
Karnataka,Zaid,Loamy,Sugarcane,1432.9,31.9,47.1,6.53,6.32,139.4,36.8,70.3,DAP,Drip,155040.4
Madhya Pradesh,Kharif,Black,Maize,629.0,31.5,64.8,5.64,9.38,122.1,44.5,32.6,NPK,Drip,4054.9
Andhra Pradesh,Zaid,Red,Sugarcane,1826.8,35.5,85.0,7.78,1.64,78.3,16.1,21.6,DAP,Drip,144515.3
Tamil Nadu,Rabi,Loamy,Maize,707.4,26.6,77.3,7.42,11.05,136.2,59.8,57.5,DAP,Rain-fed,2259.6
West Bengal,Rabi,Alluvial,Barley,448.0,8.7,62.5,6.53,18.59,110.8,74.8,34.4,Potash,Drip,3212.7
West Bengal,Rabi,Sandy,Rice,1168.8,32.6,73.4,8.2,10.78,48.0,48.2,47.3,Urea,Rain-fed,2681.5
Madhya Pradesh,Rabi,Loamy,Jowar,746.5,27.2,86.8,6.5,4.48,121.6,52.2,77.2,Potash,Drip,2964.0
Rajasthan,Zaid,Loamy,Jowar,691.2,22.7,44.6,7.24,10.08,121.3,69.3,65.5,Compost,Sprinkler,1393.3
Andhra Pradesh,Kharif,Black,Barley,235.9,12.8,54.3,6.83,12.83,24.4,46.3,75.5,Organic,Drip,2497.6
Karnataka,Rabi,Sandy,Groundnut,664.1,31.8,71.8,5.58,16.98,115.1,17.4,43.1,NPK,Sprinkler,2574.6
Karnataka,Kharif,Alluvial,Jowar,624.0,33.0,84.5,6.3,7.6,36.0,70.9,16.5,Compost,Drip,1345.5
Maharashtra,Rabi,Sandy,Rice,1741.6,22.1,88.1,5.95,2.8,58.8,24.0,42.3,Urea,Flood,5029.2
Uttar Pradesh,Rabi,Black,Sugarcane,1488.9,26.1,52.4,7.7,12.18,145.8,39.7,67.0,Compost,Drip,60532.9
Haryana,Zaid,Black,Maize,1098.1,20.8,93.9,6.21,13.74,57.1,56.6,21.1,Potash,Sprinkler,3598.2
Haryana,Rabi,Clay,Soybean,848.7,26.2,45.6,5.53,1.39,80.5,53.0,67.1,Potash,Drip,2774.0
West Bengal,Kharif,Laterite,Soybean,1058.1,20.9,76.7,7.91,4.1,51.0,19.5,32.7,NPK,Drip,2886.1
Punjab,Rabi,Alluvial,Rice,1842.7,26.3,90.8,8.05,9.47,112.5,65.7,40.3,Urea,Drip,4002.7
Haryana,Zaid,Sandy,Cotton,1135.3,35.3,64.6,6.55,3.46,88.2,27.3,36.6,NPK,Drip,982.4
Uttar Pradesh,Zaid,Loamy,Cotton,959.6,37.9,74.8,6.05,0.62,120.4,75.4,29.7,Compost,Flood,707.3
Haryana,Zaid,Laterite,Rice,1603.7,29.0,84.4,5.67,19.06,146.2,23.6,47.5,Urea,Rain-fed,3395.1
West Bengal,Rabi,Sandy,Mustard,233.1,21.1,57.9,6.64,9.64,47.3,40.5,15.6,DAP,Flood,2259.4
Madhya Pradesh,Kharif,Sandy,Mustard,325.9,18.9,46.5,6.74,6.34,65.1,68.9,24.9,NPK,Rain-fed,2144.6
Rajasthan,Zaid,Laterite,Barley,351.1,9.9,79.3,8.43,6.09,139.4,24.4,10.5,NPK,Rain-fed,2258.6
West Bengal,Kharif,Black,Soybean,864.8,24.9,62.6,7.47,11.2,62.0,55.6,77.0,Compost,Rain-fed,1226.5
West Bengal,Kharif,Sandy,Wheat,652.9,11.7,90.1,8.01,15.65,72.8,24.1,71.0,Urea,Sprinkler,4534.2
Tamil Nadu,Kharif,Alluvial,Jowar,407.5,25.5,68.2,6.77,7.79,52.3,53.9,77.0,Organic,Rain-fed,1614.7
Haryana,Rabi,Black,Barley,260.4,9.1,73.6,7.03,19.05,89.7,53.2,53.4,Compost,Sprinkler,1629.3
Haryana,Zaid,Alluvial,Rice,1017.2,33.9,54.5,6.4,5.64,88.5,75.7,29.2,Urea,Sprinkler,2977.2
Andhra Pradesh,Kharif,Red,Soybean,779.0,22.5,66.6,7.57,8.6,51.4,34.6,24.4,Potash,Rain-fed,996.7
Punjab,Zaid,Alluvial,Sugarcane,1597.1,24.6,48.5,6.53,18.72,78.0,59.7,20.6,Compost,Sprinkler,112058.6
Madhya Pradesh,Zaid,Red,Maize,1020.7,18.8,83.1,5.78,12.5,131.9,76.5,13.9,Compost,Flood,4939.9
Karnataka,Kharif,Loamy,Wheat,613.9,14.1,62.1,7.12,2.8,46.9,71.6,46.3,Compost,Rain-fed,4509.5
Punjab,Kharif,Clay,Maize,883.2,23.6,67.1,8.15,15.86,101.5,72.7,43.6,Compost,Drip,4628.4
Uttar Pradesh,Rabi,Clay,Jowar,666.6,30.0,45.6,6.74,1.9,92.2,29.6,29.2,DAP,Rain-fed,2076.0
Maharashtra,Rabi,Black,Jowar,816.7,34.9,94.6,7.79,6.11,62.9,23.4,64.1,Urea,Drip,1313.2
Madhya Pradesh,Kharif,Alluvial,Rice,1092.0,23.8,84.8,8.07,17.67,118.9,68.5,31.8,Compost,Drip,4009.3
Andhra Pradesh,Rabi,Black,Wheat,549.2,10.3,77.7,6.32,15.01,86.3,36.3,31.1,DAP,Sprinkler,4072.8
Uttar Pradesh,Rabi,Black,Rice,1241.2,30.7,60.1,6.39,17.14,97.1,51.7,47.4,Organic,Rain-fed,5837.3
Tamil Nadu,Kharif,Clay,Barley,472.6,14.0,83.4,7.43,14.78,117.1,29.8,57.3,NPK,Sprinkler,3977.6
Madhya Pradesh,Kharif,Red,Sugarcane,2286.1,35.7,70.3,7.18,17.76,96.9,58.6,44.0,Organic,Sprinkler,108824.7
Haryana,Zaid,Loamy,Jowar,433.1,33.8,93.3,6.43,12.47,104.1,36.4,40.1,Organic,Flood,2259.4
Maharashtra,Kharif,Alluvial,Maize,903.8,23.1,67.6,6.78,6.55,49.8,58.3,47.1,NPK,Drip,2450.8
Haryana,Zaid,Loamy,Sugarcane,1015.5,36.9,67.6,5.6,17.0,29.6,24.6,60.1,Compost,Flood,135976.5
Haryana,Rabi,Clay,Sugarcane,1885.3,25.2,57.1,6.18,11.86,50.3,21.7,24.5,Organic,Flood,71877.6
West Bengal,Kharif,Loamy,Rice,1920.9,27.0,67.4,6.42,16.72,108.5,17.9,47.3,NPK,Rain-fed,5273.7
West Bengal,Rabi,Alluvial,Cotton,641.5,22.1,85.0,6.72,18.35,45.1,20.9,27.1,Urea,Drip,622.7
Rajasthan,Rabi,Sandy,Sugarcane,1361.7,27.5,84.9,6.08,16.44,46.0,23.6,42.4,Potash,Drip,118123.8
Tamil Nadu,Kharif,Clay,Mustard,286.6,20.4,42.9,7.12,12.45,73.8,45.6,48.7,Compost,Sprinkler,2163.5
Tamil Nadu,Zaid,Alluvial,Groundnut,540.1,35.4,93.3,8.09,15.02,27.4,33.5,36.4,Potash,Sprinkler,1034.4
West Bengal,Kharif,Sandy,Jowar,505.7,24.1,56.8,7.46,8.18,75.6,50.3,30.9,DAP,Drip,2891.3
Uttar Pradesh,Zaid,Black,Cotton,1124.1,27.7,65.5,6.55,13.72,68.7,63.4,36.6,Compost,Sprinkler,684.3
Karnataka,Zaid,Alluvial,Soybean,1120.2,23.3,58.5,7.29,9.62,120.3,20.0,57.2,Urea,Sprinkler,1507.4
Tamil Nadu,Kharif,Laterite,Mustard,562.7,16.2,42.1,8.26,4.43,28.7,32.9,54.3,Potash,Drip,1626.2
Karnataka,Kharif,Alluvial,Maize,623.5,19.2,85.2,8.32,7.36,60.0,59.4,76.0,DAP,Rain-fed,4263.0
Haryana,Kharif,Laterite,Maize,1103.4,20.0,62.8,8.43,18.72,104.2,18.6,29.7,Potash,Drip,5888.1
Madhya Pradesh,Rabi,Clay,Maize,849.6,18.5,78.0,5.69,15.91,92.3,36.4,73.2,Compost,Drip,3965.8
West Bengal,Rabi,Alluvial,Wheat,418.8,21.0,70.0,6.51,19.32,140.6,12.1,17.2,Potash,Flood,3539.7
Karnataka,Kharif,Loamy,Barley,341.8,9.6,65.0,6.08,12.93,94.1,17.2,66.8,Compost,Sprinkler,3871.7
Haryana,Kharif,Laterite,Rice,942.0,25.6,45.6,8.11,17.08,110.3,58.8,37.8,DAP,Rain-fed,2647.5
Tamil Nadu,Rabi,Sandy,Groundnut,522.4,26.6,93.6,7.44,6.63,60.4,78.0,43.4,NPK,Rain-fed,2661.9
Maharashtra,Rabi,Sandy,Jowar,306.8,24.5,54.6,7.42,13.54,65.5,46.8,55.2,DAP,Flood,1219.7
Andhra Pradesh,Zaid,Black,Maize,747.3,24.3,77.3,7.28,9.43,27.5,76.9,38.2,Organic,Drip,4093.9
Andhra Pradesh,Zaid,Laterite,Barley,504.6,14.3,53.0,8.1,9.77,114.6,59.6,71.6,Compost,Rain-fed,3504.8
West Bengal,Rabi,Alluvial,Barley,322.0,10.1,67.5,8.43,9.44,58.1,40.1,51.4,NPK,Rain-fed,1994.4
Karnataka,Zaid,Loamy,Wheat,491.7,21.7,75.1,6.47,3.31,77.7,40.7,61.6,Organic,Flood,5330.4
Karnataka,Rabi,Clay,Barley,575.8,20.3,48.0,6.67,11.72,129.1,44.9,11.6,Potash,Drip,2574.8
Madhya Pradesh,Rabi,Laterite,Wheat,575.3,19.7,58.4,6.12,6.81,134.0,22.2,53.6,Potash,Rain-fed,5596.1
Andhra Pradesh,Zaid,Alluvial,Soybean,807.4,20.1,82.8,6.45,4.84,46.0,50.6,45.6,Potash,Drip,1891.0
West Bengal,Rabi,Laterite,Maize,516.8,28.4,41.2,6.84,2.79,66.5,40.2,11.5,Compost,Drip,6270.8
Maharashtra,Zaid,Loamy,Wheat,569.0,19.7,94.9,7.66,9.4,101.7,19.9,76.3,DAP,Drip,3334.5
Rajasthan,Rabi,Black,Soybean,847.8,23.3,88.8,5.52,19.5,78.9,18.3,28.1,Organic,Sprinkler,1721.1
Karnataka,Zaid,Laterite,Barley,518.3,20.7,78.9,6.12,14.59,60.6,53.5,71.0,Compost,Flood,3440.3
Haryana,Rabi,Loamy,Rice,1201.0,26.8,91.1,8.48,0.88,117.8,15.1,75.9,NPK,Rain-fed,5615.5
Tamil Nadu,Kharif,Sandy,Cotton,523.7,26.8,89.4,5.6,14.96,53.1,77.3,71.4,NPK,Sprinkler,446.8
Maharashtra,Rabi,Sandy,Wheat,727.6,15.2,48.7,7.38,9.44,95.2,22.4,75.6,NPK,Rain-fed,4298.0
Uttar Pradesh,Zaid,Loamy,Wheat,508.4,20.1,86.4,7.96,7.51,127.8,20.1,78.9,DAP,Drip,6564.5
Andhra Pradesh,Zaid,Sandy,Barley,472.1,21.2,58.1,7.51,19.08,144.3,70.9,52.5,Compost,Drip,3789.7
Uttar Pradesh,Zaid,Clay,Wheat,393.6,23.4,89.4,6.64,5.33,73.3,21.5,18.3,Compost,Drip,5334.7
Maharashtra,Rabi,Red,Barley,501.1,12.8,58.3,7.55,13.02,38.1,32.6,42.0,Compost,Sprinkler,1601.7
Punjab,Rabi,Alluvial,Jowar,565.2,29.7,70.0,7.71,7.61,91.3,30.4,24.9,Organic,Sprinkler,2317.4
Andhra Pradesh,Kharif,Red,Rice,1511.7,34.2,65.1,7.88,16.96,65.4,67.4,36.4,DAP,Drip,3702.9
Madhya Pradesh,Rabi,Alluvial,Barley,495.3,14.3,49.5,7.61,7.99,142.3,43.9,20.7,Potash,Sprinkler,2425.0
Rajasthan,Kharif,Clay,Sugarcane,2149.0,26.7,61.3,5.68,19.69,74.5,65.3,39.2,Potash,Flood,97889.8
West Bengal,Kharif,Loamy,Rice,1219.3,28.7,94.1,5.55,15.1,99.4,39.4,54.3,DAP,Flood,5034.3
Rajasthan,Kharif,Clay,Rice,1473.4,34.3,51.8,7.89,11.74,130.3,54.1,23.1,NPK,Sprinkler,3100.1
Rajasthan,Rabi,Loamy,Rice,1995.5,26.1,44.0,6.73,7.11,80.5,40.5,43.9,Urea,Rain-fed,5422.7
Maharashtra,Rabi,Loamy,Mustard,258.3,14.7,54.5,6.68,19.35,76.1,23.7,36.9,Potash,Drip,1787.1
West Bengal,Rabi,Loamy,Mustard,464.5,11.7,62.5,8.07,3.77,59.8,47.9,76.7,Organic,Rain-fed,1910.9
Andhra Pradesh,Zaid,Black,Cotton,692.4,23.0,84.2,7.21,1.16,54.5,25.3,33.4,NPK,Drip,852.6
Tamil Nadu,Zaid,Alluvial,Maize,703.7,18.5,63.4,8.28,15.44,134.4,52.1,78.1,Organic,Sprinkler,5520.5
Punjab,Zaid,Red,Wheat,376.2,15.2,54.9,7.39,11.19,124.1,20.3,21.9,Compost,Drip,4152.4
Maharashtra,Zaid,Clay,Mustard,507.3,11.7,87.7,5.93,6.51,129.2,13.8,41.4,Compost,Sprinkler,1838.2
Uttar Pradesh,Zaid,Red,Groundnut,420.1,31.6,64.7,7.02,17.27,86.6,45.7,60.9,Potash,Rain-fed,1120.4
Uttar Pradesh,Zaid,Sandy,Mustard,455.3,13.6,43.1,6.0,4.54,37.5,74.4,26.2,NPK,Flood,1532.2
Punjab,Rabi,Alluvial,Groundnut,797.6,23.0,62.5,8.08,19.04,111.0,18.0,72.9,Compost,Sprinkler,1092.4
Haryana,Zaid,Alluvial,Jowar,651.8,27.1,59.4,6.57,2.05,128.4,68.2,12.4,DAP,Sprinkler,1685.8
Andhra Pradesh,Rabi,Laterite,Soybean,1008.5,27.3,66.9,6.28,0.68,71.4,64.8,64.2,Compost,Sprinkler,936.6
Punjab,Rabi,Loamy,Barley,446.1,16.3,91.9,6.28,19.65,135.0,19.1,70.9,Organic,Sprinkler,4220.7
Karnataka,Rabi,Black,Rice,1865.6,30.1,78.8,5.54,19.04,66.6,49.3,60.1,Organic,Rain-fed,2637.1
Maharashtra,Zaid,Alluvial,Soybean,621.8,24.8,51.0,6.73,14.59,24.0,42.4,57.4,Urea,Rain-fed,1845.9
Uttar Pradesh,Kharif,Alluvial,Cotton,616.0,30.6,65.2,7.47,18.62,90.1,68.9,79.6,Organic,Flood,827.8
Madhya Pradesh,Rabi,Loamy,Sugarcane,1910.1,29.4,50.0,7.75,0.68,130.7,40.2,61.8,Potash,Drip,96900.8
Maharashtra,Rabi,Red,Mustard,519.7,18.1,72.2,5.84,11.47,46.7,32.8,39.6,Compost,Flood,1181.9
Maharashtra,Kharif,Alluvial,Maize,952.5,29.7,94.1,5.75,9.85,80.5,45.0,53.5,Potash,Rain-fed,3407.4
Karnataka,Zaid,Loamy,Groundnut,553.8,29.4,83.5,8.32,19.39,40.5,18.4,71.3,Organic,Rain-fed,1488.2
Karnataka,Rabi,Clay,Groundnut,511.5,33.8,46.5,6.54,11.36,33.0,77.2,47.1,DAP,Rain-fed,1552.1
Tamil Nadu,Rabi,Laterite,Soybean,1170.5,24.5,40.2,7.39,17.65,139.2,67.3,25.0,Potash,Rain-fed,2555.4
West Bengal,Kharif,Sandy,Groundnut,751.0,24.7,60.9,5.59,12.38,61.9,21.4,19.8,Compost,Flood,1105.4
Punjab,Kharif,Loamy,Groundnut,666.5,28.6,44.0,7.0,3.64,24.0,41.9,37.6,NPK,Drip,1327.3
Uttar Pradesh,Kharif,Loamy,Mustard,453.4,11.2,94.2,6.45,14.08,90.1,48.4,75.3,Urea,Drip,1922.6
Karnataka,Kharif,Black,Soybean,876.5,26.4,53.7,7.13,2.98,82.8,29.6,31.5,Potash,Sprinkler,903.8
Karnataka,Rabi,Red,Rice,1613.5,33.5,79.2,6.21,13.59,121.3,43.7,38.7,DAP,Rain-fed,2037.0
Rajasthan,Rabi,Red,Wheat,472.6,13.1,82.6,7.41,15.65,79.9,25.4,15.5,Potash,Flood,3965.2
Rajasthan,Zaid,Alluvial,Wheat,572.8,17.3,86.1,6.04,12.04,82.6,40.0,14.7,Urea,Drip,5796.9
Maharashtra,Zaid,Laterite,Barley,459.9,12.2,89.3,7.61,15.12,106.3,41.7,13.6,Urea,Drip,4495.2
Punjab,Zaid,Sandy,Soybean,915.4,29.7,83.9,5.97,6.99,126.6,21.8,37.9,Urea,Flood,1647.9
Haryana,Rabi,Alluvial,Wheat,680.1,20.8,61.5,6.66,5.7,86.1,60.6,48.6,DAP,Flood,2273.1
Punjab,Kharif,Black,Barley,597.4,12.0,64.8,6.01,18.58,76.4,18.6,69.4,Organic,Rain-fed,2716.2
Uttar Pradesh,Rabi,Laterite,Rice,1097.6,28.8,73.7,6.94,10.37,122.8,24.1,51.0,DAP,Sprinkler,5684.7
Karnataka,Zaid,Loamy,Maize,822.8,23.8,43.8,6.88,17.63,145.0,72.6,22.3,Potash,Drip,1746.9
Maharashtra,Kharif,Sandy,Cotton,1076.2,37.4,52.5,5.69,12.73,128.5,47.3,53.5,Organic,Drip,617.5
Andhra Pradesh,Kharif,Clay,Barley,339.7,10.1,56.9,7.43,3.25,38.7,68.8,58.5,DAP,Sprinkler,2784.9
Rajasthan,Zaid,Black,Cotton,686.5,37.8,48.5,7.16,4.15,111.0,22.9,67.3,DAP,Flood,686.9
Uttar Pradesh,Rabi,Red,Mustard,510.5,14.8,56.4,6.65,7.78,110.8,55.9,69.0,Urea,Sprinkler,2030.2
Uttar Pradesh,Kharif,Laterite,Cotton,1017.2,28.6,90.5,7.09,18.75,31.2,65.7,71.6,NPK,Sprinkler,674.0
West Bengal,Zaid,Laterite,Mustard,384.8,16.8,77.4,6.69,7.07,86.7,73.6,21.8,Organic,Flood,848.4
West Bengal,Zaid,Sandy,Barley,571.5,20.9,60.8,8.21,17.28,20.4,34.8,38.3,Compost,Sprinkler,3395.5
West Bengal,Kharif,Clay,Wheat,357.7,14.2,41.9,7.09,11.9,142.2,52.7,22.3,Urea,Rain-fed,4721.6
Andhra Pradesh,Zaid,Black,Soybean,883.9,28.3,66.2,6.39,17.29,70.7,18.0,10.3,Organic,Drip,1186.1
Madhya Pradesh,Kharif,Black,Soybean,980.9,23.3,65.4,8.24,13.9,97.0,79.2,57.9,Urea,Sprinkler,2081.8
Uttar Pradesh,Zaid,Red,Jowar,574.6,33.2,61.4,6.63,4.16,135.1,22.7,14.4,NPK,Rain-fed,2255.7
Karnataka,Rabi,Alluvial,Mustard,418.6,20.0,91.9,7.1,8.29,104.8,36.4,65.8,Urea,Flood,1172.2
Tamil Nadu,Kharif,Clay,Soybean,1167.8,22.9,65.9,5.64,3.76,129.8,77.3,14.8,Urea,Drip,1087.3
Karnataka,Kharif,Clay,Soybean,937.1,22.2,88.9,6.91,19.44,38.7,54.5,38.4,Potash,Drip,1191.0
Tamil Nadu,Rabi,Black,Groundnut,779.5,30.8,65.1,6.7,17.38,137.8,68.9,65.1,Urea,Rain-fed,2429.7
Madhya Pradesh,Zaid,Laterite,Mustard,358.7,22.7,92.0,7.78,14.47,127.8,62.7,51.2,Urea,Sprinkler,699.0
Tamil Nadu,Rabi,Red,Maize,1040.1,23.9,86.9,7.16,18.43,102.0,31.9,69.7,DAP,Flood,5327.5
Haryana,Rabi,Black,Rice,1712.8,27.1,91.4,5.72,11.27,135.6,17.2,27.6,Potash,Flood,5035.6
Andhra Pradesh,Rabi,Laterite,Groundnut,429.9,34.8,54.3,7.72,6.99,121.6,31.6,17.3,Compost,Drip,2242.5
Rajasthan,Rabi,Laterite,Mustard,439.3,18.9,89.5,5.88,1.24,67.8,50.9,54.0,DAP,Sprinkler,1600.9
Maharashtra,Rabi,Alluvial,Cotton,849.4,36.3,76.9,6.32,4.38,100.5,53.3,49.0,Urea,Flood,967.2
Tamil Nadu,Kharif,Sandy,Barley,483.5,17.7,69.6,5.95,10.87,66.2,52.5,38.8,Urea,Drip,3829.8
Andhra Pradesh,Zaid,Alluvial,Groundnut,718.8,23.8,64.5,5.54,6.68,35.8,74.7,75.8,Urea,Sprinkler,2004.3
Andhra Pradesh,Zaid,Clay,Jowar,514.8,33.8,52.2,5.91,4.02,142.2,69.6,16.4,Potash,Flood,1803.9
Karnataka,Kharif,Laterite,Jowar,404.9,28.5,42.5,7.61,15.75,93.3,28.3,60.0,Compost,Sprinkler,1822.6
Rajasthan,Kharif,Clay,Jowar,785.9,22.4,66.4,6.18,0.69,85.5,66.5,71.0,DAP,Drip,2636.4
Punjab,Rabi,Clay,Groundnut,895.7,32.5,72.4,7.31,19.44,54.1,22.3,22.1,DAP,Rain-fed,1785.5
Uttar Pradesh,Zaid,Loamy,Mustard,202.1,22.1,64.7,8.26,0.65,58.6,54.9,32.6,Potash,Flood,1228.5
West Bengal,Kharif,Red,Soybean,993.6,26.2,89.2,7.06,15.47,63.6,39.4,67.9,NPK,Drip,2263.0
Madhya Pradesh,Rabi,Loamy,Soybean,602.8,25.8,70.6,5.66,10.64,147.9,74.1,79.5,Organic,Flood,1564.8
Andhra Pradesh,Kharif,Alluvial,Wheat,745.3,15.0,64.7,8.33,14.71,135.9,16.0,72.8,Urea,Sprinkler,3625.4
Andhra Pradesh,Kharif,Loamy,Soybean,616.2,23.7,70.4,6.57,18.35,95.5,64.7,58.8,Compost,Drip,1999.5
Karnataka,Zaid,Laterite,Mustard,400.7,15.7,50.2,8.43,13.32,28.8,34.9,40.3,Urea,Drip,1363.4
Punjab,Zaid,Black,Sugarcane,1192.6,38.0,91.8,6.46,12.43,81.2,11.2,68.0,Compost,Rain-fed,102803.2
Tamil Nadu,Kharif,Alluvial,Cotton,990.5,26.3,64.3,6.04,17.56,24.5,12.7,39.0,Potash,Drip,754.8
Tamil Nadu,Rabi,Alluvial,Maize,893.8,19.0,73.8,5.62,18.04,24.7,52.8,62.2,DAP,Drip,6118.8
Punjab,Kharif,Alluvial,Mustard,378.7,20.5,69.0,5.58,6.34,129.5,33.1,40.9,NPK,Flood,1985.1
Tamil Nadu,Kharif,Red,Sugarcane,2480.7,32.4,74.7,8.0,13.02,148.8,34.9,36.6,Urea,Sprinkler,53590.9
Rajasthan,Rabi,Clay,Maize,878.9,30.5,72.1,8.09,19.96,70.9,61.5,55.1,Organic,Flood,1743.6
Uttar Pradesh,Rabi,Loamy,Jowar,504.3,32.8,45.3,7.7,11.16,107.1,26.4,47.7,Potash,Flood,1335.7
Madhya Pradesh,Rabi,Red,Mustard,204.1,11.8,48.2,6.46,17.26,89.6,44.3,50.7,Potash,Rain-fed,987.0
Maharashtra,Zaid,Black,Wheat,483.0,19.0,54.7,7.62,18.73,38.8,76.0,24.2,Compost,Flood,1978.6
Tamil Nadu,Kharif,Alluvial,Groundnut,549.2,25.2,69.1,6.48,9.07,120.8,69.0,23.5,Compost,Flood,1497.6
Andhra Pradesh,Rabi,Clay,Soybean,1038.8,21.5,58.6,7.59,8.33,100.6,60.9,17.6,Compost,Rain-fed,1465.8
Rajasthan,Kharif,Black,Barley,300.5,20.6,61.7,7.42,9.1,91.7,40.3,29.3,Compost,Drip,4505.8
Haryana,Rabi,Sandy,Mustard,258.5,22.9,52.0,6.18,9.92,94.1,66.6,45.0,Urea,Flood,1210.0
Haryana,Kharif,Sandy,Wheat,540.7,21.9,57.5,7.73,14.93,66.1,11.1,33.2,Urea,Drip,2343.6
Uttar Pradesh,Zaid,Clay,Sugarcane,2274.7,25.2,57.8,8.48,9.32,142.3,28.2,32.9,DAP,Flood,81728.6
Maharashtra,Zaid,Loamy,Rice,969.5,32.5,71.7,6.94,13.39,58.6,28.9,35.9,Organic,Sprinkler,3743.2
Tamil Nadu,Zaid,Sandy,Barley,628.8,16.4,46.1,6.38,13.06,50.0,19.7,69.4,Organic,Sprinkler,2708.4
Uttar Pradesh,Kharif,Alluvial,Rice,1512.3,27.5,63.1,6.36,18.1,72.6,31.0,13.8,Organic,Sprinkler,2162.4
Haryana,Zaid,Red,Groundnut,685.7,35.6,51.6,5.63,5.66,30.7,34.1,10.6,Urea,Sprinkler,1837.3
Maharashtra,Rabi,Red,Soybean,813.5,29.1,67.5,6.04,16.33,65.1,31.1,39.5,Urea,Rain-fed,1102.7
Uttar Pradesh,Zaid,Red,Sugarcane,2374.7,27.4,74.3,8.08,3.53,28.7,43.2,15.9,DAP,Flood,68109.2
Maharashtra,Zaid,Alluvial,Groundnut,409.3,29.8,70.2,7.24,15.42,69.9,51.4,64.8,NPK,Sprinkler,2093.7
West Bengal,Zaid,Black,Sugarcane,1785.6,28.8,46.0,6.49,13.89,99.3,17.8,67.9,Urea,Flood,111546.1
Rajasthan,Zaid,Sandy,Rice,1588.8,25.0,68.7,8.16,16.46,86.3,20.6,40.7,Urea,Sprinkler,3659.1
Maharashtra,Rabi,Laterite,Jowar,511.6,26.6,90.8,8.37,19.91,120.7,48.7,48.4,Organic,Rain-fed,2201.3
Maharashtra,Rabi,Laterite,Soybean,982.5,22.2,69.5,7.82,12.17,47.5,69.3,71.9,Potash,Sprinkler,2526.6
Madhya Pradesh,Zaid,Black,Groundnut,827.6,32.5,43.0,5.75,2.94,118.4,43.4,14.2,DAP,Flood,1775.1
West Bengal,Rabi,Loamy,Sugarcane,1986.9,31.0,60.4,5.82,10.79,129.2,67.8,67.7,Potash,Drip,88114.1
Maharashtra,Rabi,Black,Rice,963.4,23.2,90.5,8.33,16.89,147.3,59.3,58.5,NPK,Flood,1949.3
Punjab,Kharif,Loamy,Cotton,938.5,26.5,64.5,5.63,10.63,75.2,28.9,77.9,Potash,Sprinkler,317.3
Madhya Pradesh,Kharif,Alluvial,Rice,1140.8,29.5,77.9,7.28,6.89,37.1,14.4,59.0,NPK,Sprinkler,3227.7
Karnataka,Rabi,Black,Sugarcane,1241.5,25.6,58.7,7.49,2.76,87.4,12.2,43.8,Urea,Drip,108348.0
Haryana,Zaid,Clay,Cotton,938.7,37.8,94.1,6.65,19.74,23.9,59.9,76.2,Potash,Drip,380.0
Haryana,Rabi,Sandy,Soybean,641.5,27.9,58.6,6.98,3.51,95.5,24.8,70.5,Compost,Drip,2217.2
Andhra Pradesh,Rabi,Loamy,Rice,1328.5,26.7,45.6,7.92,12.74,26.4,43.3,47.2,NPK,Flood,5598.5
Andhra Pradesh,Zaid,Red,Wheat,349.1,13.8,70.2,7.59,8.99,53.3,58.9,10.4,Compost,Drip,4587.0
West Bengal,Rabi,Sandy,Cotton,697.0,33.9,43.4,7.02,8.25,74.0,49.2,65.0,Organic,Flood,673.3
Uttar Pradesh,Zaid,Loamy,Groundnut,725.4,22.2,85.2,7.14,17.69,80.8,33.1,13.3,Compost,Drip,2995.0
Karnataka,Zaid,Laterite,Sugarcane,2243.4,35.5,73.5,8.24,0.94,101.6,23.0,45.5,Urea,Sprinkler,103307.8
Uttar Pradesh,Zaid,Alluvial,Maize,985.5,23.8,88.3,6.6,14.06,42.0,52.7,73.5,Urea,Sprinkler,2684.8
West Bengal,Rabi,Red,Jowar,852.4,28.1,59.3,7.47,7.34,144.9,12.6,69.9,NPK,Rain-fed,1265.2
Uttar Pradesh,Rabi,Alluvial,Maize,916.9,21.8,71.7,7.52,8.53,82.9,51.0,39.6,Organic,Rain-fed,1621.4
Punjab,Rabi,Red,Maize,667.7,24.4,78.4,8.41,9.39,36.2,69.2,12.7,Potash,Sprinkler,4464.3
Tamil Nadu,Zaid,Sandy,Barley,280.4,8.6,89.3,8.16,0.98,88.5,68.7,22.7,Potash,Rain-fed,1787.3
Haryana,Zaid,Red,Barley,268.7,16.8,42.3,8.39,17.43,20.7,68.9,20.6,Potash,Rain-fed,2443.3
West Bengal,Rabi,Alluvial,Rice,1517.4,27.4,92.4,5.78,18.43,114.5,75.1,56.3,Organic,Flood,3582.8
Tamil Nadu,Zaid,Laterite,Jowar,402.4,32.5,59.1,6.67,16.84,130.0,61.4,40.9,Urea,Drip,2326.6
Maharashtra,Rabi,Loamy,Maize,892.7,24.2,48.0,6.91,6.88,126.4,18.6,66.1,DAP,Rain-fed,6024.5
Haryana,Rabi,Sandy,Soybean,1087.9,25.6,80.0,6.02,7.16,125.5,19.3,60.6,DAP,Drip,2478.6
Maharashtra,Kharif,Clay,Cotton,779.9,25.1,85.1,8.09,2.96,109.2,70.9,34.2,Urea,Sprinkler,364.3
Rajasthan,Zaid,Black,Mustard,477.8,11.7,58.8,7.86,11.33,130.2,22.4,47.7,NPK,Flood,1712.8
Karnataka,Rabi,Red,Mustard,237.1,14.3,65.7,7.51,3.26,48.9,64.1,72.5,Urea,Flood,704.5
Haryana,Rabi,Laterite,Mustard,261.7,23.7,82.6,7.19,18.32,131.3,49.5,25.6,Urea,Drip,1413.5
Rajasthan,Zaid,Laterite,Mustard,549.4,19.5,83.9,6.6,14.83,53.3,41.3,61.5,DAP,Rain-fed,2278.0
Haryana,Kharif,Alluvial,Mustard,458.3,19.9,73.9,7.84,15.41,111.0,41.4,26.2,Urea,Sprinkler,1247.4
Andhra Pradesh,Rabi,Loamy,Groundnut,786.5,27.9,69.0,7.77,15.83,58.8,14.2,16.2,Organic,Flood,2383.6
Andhra Pradesh,Kharif,Loamy,Cotton,603.1,25.4,49.8,8.01,19.18,125.5,12.9,65.6,Compost,Rain-fed,428.5
Rajasthan,Zaid,Sandy,Sugarcane,1284.8,36.7,73.0,6.92,15.28,115.4,46.9,79.4,Compost,Flood,119367.7
Andhra Pradesh,Rabi,Sandy,Soybean,1197.2,22.8,52.8,6.42,13.67,99.6,31.3,17.9,Organic,Drip,2632.2
Karnataka,Zaid,Black,Sugarcane,1653.0,30.6,42.8,7.99,11.66,58.5,53.5,68.0,NPK,Drip,60514.6
Madhya Pradesh,Kharif,Sandy,Cotton,1121.2,31.8,67.5,6.09,15.69,52.1,28.2,76.7,Compost,Drip,771.7
Uttar Pradesh,Rabi,Loamy,Wheat,680.4,22.6,68.5,7.49,14.29,133.8,67.0,28.5,DAP,Flood,4433.8
Tamil Nadu,Rabi,Black,Rice,1152.8,29.2,75.0,5.55,3.23,112.1,45.6,54.0,Compost,Rain-fed,4787.5
West Bengal,Kharif,Clay,Groundnut,670.3,29.0,59.5,7.62,18.62,27.4,57.1,34.2,Potash,Drip,1262.8
Maharashtra,Rabi,Red,Mustard,424.7,14.6,42.1,8.01,2.79,38.1,73.4,57.5,DAP,Rain-fed,1174.3
Rajasthan,Kharif,Alluvial,Rice,1259.5,32.0,50.1,6.03,7.53,80.4,34.9,79.9,Organic,Sprinkler,4697.5
Uttar Pradesh,Kharif,Sandy,Rice,1366.3,25.8,83.2,7.35,10.93,111.2,58.9,39.7,Potash,Flood,2851.5
Rajasthan,Rabi,Laterite,Rice,1081.1,28.9,79.2,5.93,6.32,111.8,37.1,37.0,DAP,Drip,6154.5
Tamil Nadu,Rabi,Alluvial,Mustard,412.1,18.2,45.4,8.11,15.21,49.4,37.2,66.4,Potash,Rain-fed,793.6
West Bengal,Zaid,Alluvial,Barley,518.1,14.1,78.4,6.57,6.93,108.2,77.5,24.6,Potash,Drip,3655.2
West Bengal,Zaid,Loamy,Barley,425.0,15.0,85.7,6.89,7.01,125.9,51.4,61.0,Urea,Flood,2200.3
Andhra Pradesh,Kharif,Laterite,Barley,390.7,14.8,81.2,7.58,11.95,145.3,62.6,55.9,Potash,Drip,2171.9
Madhya Pradesh,Kharif,Clay,Cotton,906.1,29.8,83.2,8.39,12.2,36.5,52.8,51.0,Potash,Flood,453.7
Madhya Pradesh,Zaid,Alluvial,Maize,583.4,18.9,74.4,5.98,13.79,122.4,41.3,67.0,DAP,Flood,5295.8
West Bengal,Rabi,Clay,Groundnut,837.6,22.9,71.9,6.01,4.67,147.8,42.0,76.5,Compost,Drip,1805.3
Tamil Nadu,Kharif,Clay,Rice,957.1,27.5,45.0,8.4,7.49,129.3,27.8,50.0,Urea,Flood,1941.9
Tamil Nadu,Rabi,Sandy,Mustard,276.0,22.5,51.0,6.68,11.55,43.3,38.4,20.1,DAP,Sprinkler,1878.0
Maharashtra,Zaid,Loamy,Mustard,223.4,10.4,41.0,7.27,16.74,125.0,14.4,25.0,NPK,Rain-fed,1784.7
Madhya Pradesh,Kharif,Alluvial,Wheat,310.5,11.4,41.9,6.47,8.82,124.8,26.8,44.5,NPK,Drip,3588.2
Haryana,Zaid,Loamy,Jowar,688.5,30.8,55.0,6.23,0.53,94.3,47.1,54.9,Urea,Flood,2075.9
Karnataka,Zaid,Black,Rice,1618.3,25.9,93.2,6.29,8.85,66.2,59.1,56.3,Compost,Sprinkler,1977.5
Haryana,Kharif,Laterite,Cotton,1155.2,22.8,88.1,6.58,11.62,95.7,13.6,43.6,Potash,Sprinkler,544.9
Uttar Pradesh,Rabi,Alluvial,Rice,1937.1,26.2,77.0,6.49,5.89,92.1,21.3,77.3,NPK,Flood,4540.1
Andhra Pradesh,Kharif,Clay,Wheat,481.9,17.9,85.8,6.78,18.94,114.9,61.4,58.9,DAP,Flood,2566.7
Tamil Nadu,Rabi,Black,Barley,390.1,21.8,45.7,6.02,1.27,87.2,61.7,64.8,Potash,Sprinkler,4071.7
West Bengal,Rabi,Red,Cotton,883.8,24.1,45.6,8.35,12.13,72.0,15.7,44.8,Urea,Rain-fed,476.2
Haryana,Kharif,Alluvial,Jowar,555.3,27.0,44.7,5.84,1.12,143.9,72.9,33.2,DAP,Rain-fed,2299.5
Haryana,Rabi,Sandy,Maize,569.4,18.6,54.5,8.31,5.0,118.6,45.3,28.4,Urea,Sprinkler,1618.0
Punjab,Kharif,Loamy,Jowar,326.7,24.0,83.0,7.23,16.2,57.4,26.4,19.2,DAP,Rain-fed,1032.8
Tamil Nadu,Kharif,Alluvial,Wheat,315.2,22.2,72.5,7.78,4.36,102.7,42.0,63.8,Potash,Flood,2756.1
Maharashtra,Zaid,Loamy,Sugarcane,1539.1,29.9,55.9,6.86,3.21,106.9,36.0,26.3,Urea,Drip,104004.9
Uttar Pradesh,Zaid,Black,Mustard,583.4,13.6,86.7,8.3,16.63,57.7,59.8,78.2,Potash,Sprinkler,1029.2
Punjab,Rabi,Black,Groundnut,788.1,32.3,94.4,8.15,19.04,83.3,38.5,79.8,Urea,Drip,1804.0
Punjab,Rabi,Clay,Sugarcane,1090.7,28.1,87.8,5.56,10.34,139.4,77.1,19.4,NPK,Rain-fed,117276.3
Karnataka,Rabi,Loamy,Groundnut,881.0,26.9,83.0,7.67,1.79,92.2,60.6,34.9,DAP,Drip,974.6
Karnataka,Zaid,Laterite,Jowar,362.6,23.5,49.7,6.54,13.36,131.8,32.9,52.5,DAP,Flood,921.4
Punjab,Rabi,Loamy,Barley,276.5,18.4,58.3,7.15,19.78,27.7,63.6,22.7,Urea,Drip,3643.6
Uttar Pradesh,Kharif,Clay,Sugarcane,2152.3,33.0,47.9,7.84,9.81,68.6,24.1,66.5,Urea,Drip,80905.9
Andhra Pradesh,Rabi,Sandy,Sugarcane,1127.6,28.8,47.6,5.58,19.76,116.1,23.5,11.9,DAP,Flood,95692.0
Rajasthan,Zaid,Clay,Groundnut,528.2,26.8,81.8,6.05,4.82,106.2,75.0,43.9,Organic,Rain-fed,2494.0
West Bengal,Zaid,Black,Mustard,350.9,19.3,79.0,6.51,17.18,122.3,59.9,41.5,Potash,Rain-fed,1364.7
Punjab,Rabi,Black,Soybean,644.6,28.7,58.2,6.36,4.59,148.5,75.0,41.9,Compost,Drip,1183.9
Haryana,Rabi,Laterite,Jowar,493.2,23.5,70.6,8.33,18.83,86.8,10.5,16.3,Potash,Drip,2649.2
Haryana,Zaid,Alluvial,Maize,1088.9,29.5,93.9,7.51,7.69,136.4,76.5,41.8,Compost,Rain-fed,6233.0
Karnataka,Zaid,Sandy,Sugarcane,1031.3,31.8,42.1,7.68,14.79,119.8,22.4,10.5,Compost,Drip,65917.6
Punjab,Kharif,Black,Mustard,553.4,16.9,57.9,6.36,9.24,76.3,48.4,64.8,Organic,Drip,868.8
Punjab,Kharif,Sandy,Cotton,622.3,30.5,78.3,7.22,0.69,35.0,15.5,58.7,Potash,Drip,902.1
Karnataka,Rabi,Clay,Wheat,284.6,22.0,60.1,6.97,10.83,74.0,46.2,66.0,Potash,Sprinkler,2773.4
Madhya Pradesh,Kharif,Sandy,Rice,1038.8,22.9,67.8,7.2,13.11,88.9,51.6,40.9,Potash,Flood,4693.7
Uttar Pradesh,Kharif,Clay,Maize,549.3,25.4,41.7,8.47,9.62,40.6,52.6,36.7,NPK,Drip,6598.3
Maharashtra,Kharif,Alluvial,Maize,690.4,25.6,62.9,6.51,11.79,66.8,11.4,13.3,Potash,Sprinkler,5774.5
Uttar Pradesh,Zaid,Clay,Barley,456.5,8.1,52.4,5.6,8.54,75.0,55.0,28.5,Compost,Rain-fed,3026.0
Haryana,Rabi,Laterite,Barley,329.2,18.7,65.2,8.02,7.47,99.2,17.8,49.1,Urea,Flood,1970.7
Andhra Pradesh,Rabi,Black,Jowar,447.5,27.9,63.1,6.12,0.79,90.4,70.6,24.2,DAP,Rain-fed,1880.0
Punjab,Rabi,Sandy,Groundnut,483.5,22.2,73.6,7.53,17.76,57.6,47.7,59.8,Potash,Sprinkler,2133.2
Madhya Pradesh,Kharif,Black,Mustard,276.3,19.3,47.9,7.82,18.32,125.8,26.9,44.1,DAP,Flood,1664.2
West Bengal,Zaid,Clay,Cotton,915.5,36.9,82.7,6.94,13.08,118.2,60.8,10.4,Organic,Flood,346.4
Uttar Pradesh,Rabi,Red,Rice,1214.5,32.9,90.0,6.93,11.26,24.2,78.3,78.4,DAP,Flood,5375.5
Rajasthan,Zaid,Laterite,Mustard,322.4,19.2,79.3,7.37,4.75,20.7,22.4,60.9,Organic,Rain-fed,1208.5
Madhya Pradesh,Rabi,Red,Barley,480.7,17.5,85.1,5.67,9.35,64.8,73.7,62.9,Potash,Rain-fed,2493.9
West Bengal,Kharif,Clay,Soybean,1191.2,23.1,82.9,7.81,16.63,110.9,50.0,76.7,NPK,Rain-fed,1636.2
Madhya Pradesh,Rabi,Sandy,Groundnut,482.5,30.6,90.1,7.6,6.69,88.9,47.5,21.1,Urea,Rain-fed,1070.0
Maharashtra,Rabi,Red,Barley,678.7,9.2,60.8,7.36,8.07,120.6,29.8,40.4,Urea,Sprinkler,3676.4
Maharashtra,Kharif,Sandy,Soybean,795.0,21.5,50.5,6.9,19.62,78.8,10.5,30.1,Potash,Sprinkler,1305.0
Punjab,Zaid,Red,Jowar,825.5,28.6,83.9,8.28,3.11,64.8,52.7,54.2,Urea,Sprinkler,1902.6
Punjab,Rabi,Loamy,Soybean,886.6,22.6,48.8,6.08,7.12,89.1,62.7,65.5,Urea,Rain-fed,1243.5
Uttar Pradesh,Zaid,Loamy,Jowar,695.3,29.7,84.3,6.04,3.7,35.1,66.7,55.0,Urea,Rain-fed,891.2
Rajasthan,Rabi,Laterite,Groundnut,654.9,28.9,67.5,5.51,16.0,115.6,52.2,30.7,Urea,Flood,1975.7
Madhya Pradesh,Zaid,Black,Groundnut,829.7,33.6,89.8,6.16,14.21,104.5,68.1,57.2,Potash,Flood,1797.0
West Bengal,Kharif,Red,Soybean,1020.9,28.7,66.6,7.3,13.34,56.6,44.1,36.0,Organic,Flood,1000.2
Rajasthan,Kharif,Alluvial,Barley,441.5,9.3,52.6,5.69,15.08,91.4,46.7,67.3,Compost,Rain-fed,3155.0
Uttar Pradesh,Rabi,Sandy,Sugarcane,2014.9,29.1,51.6,8.38,7.13,142.4,25.0,70.0,Potash,Drip,130281.7
Karnataka,Zaid,Sandy,Cotton,525.1,28.7,51.6,7.19,2.55,96.1,54.4,28.9,NPK,Sprinkler,428.1
Karnataka,Kharif,Clay,Wheat,670.3,12.8,91.9,5.75,1.28,121.7,74.6,67.6,Potash,Rain-fed,4778.7
West Bengal,Kharif,Clay,Soybean,655.5,29.4,76.1,6.91,9.42,60.0,19.6,23.0,Organic,Flood,1065.6
West Bengal,Kharif,Clay,Jowar,860.0,31.0,87.5,8.18,14.39,57.9,33.5,79.8,Organic,Rain-fed,1726.0
Andhra Pradesh,Kharif,Sandy,Mustard,207.3,10.3,63.1,5.63,14.96,85.7,76.8,47.4,NPK,Sprinkler,1019.5
Rajasthan,Kharif,Clay,Groundnut,820.7,33.4,84.0,7.43,17.51,146.2,42.9,68.8,NPK,Flood,2551.1
Andhra Pradesh,Rabi,Clay,Barley,580.4,13.6,75.7,8.36,8.22,46.1,69.6,63.6,Potash,Drip,2663.2
Punjab,Zaid,Sandy,Wheat,268.9,21.0,61.6,8.35,18.15,139.3,22.5,72.7,Urea,Rain-fed,2763.9
Uttar Pradesh,Kharif,Laterite,Soybean,836.1,21.5,84.9,6.69,15.0,28.2,36.3,72.0,Urea,Rain-fed,2338.7
Karnataka,Zaid,Red,Barley,220.3,14.4,52.6,8.2,4.41,93.0,24.0,44.4,Urea,Sprinkler,1944.6
Karnataka,Zaid,Red,Sugarcane,2492.3,24.2,69.0,7.86,1.67,71.9,15.2,75.8,DAP,Rain-fed,70367.5
Maharashtra,Kharif,Alluvial,Soybean,903.9,29.2,83.2,7.4,10.76,87.3,78.2,46.9,Organic,Flood,1436.3
Punjab,Zaid,Black,Rice,1074.6,27.6,62.1,5.96,11.31,123.3,47.4,73.6,Potash,Flood,4017.7
West Bengal,Kharif,Red,Soybean,779.4,29.0,92.3,7.99,13.29,57.4,31.6,34.3,Urea,Rain-fed,1483.3
Punjab,Zaid,Black,Soybean,908.1,20.8,40.8,7.5,10.45,65.2,42.3,43.2,Potash,Rain-fed,1184.1
Tamil Nadu,Zaid,Clay,Maize,1008.7,28.3,55.9,8.45,1.44,82.0,34.7,79.0,Compost,Rain-fed,4091.7
Punjab,Rabi,Laterite,Mustard,315.4,18.9,50.4,6.29,6.14,126.3,24.4,20.2,NPK,Flood,971.3
Madhya Pradesh,Kharif,Loamy,Groundnut,892.3,33.4,61.9,7.07,6.03,68.2,15.7,70.7,Organic,Rain-fed,1497.4
Maharashtra,Zaid,Clay,Wheat,260.0,18.0,62.8,7.79,1.15,73.2,48.6,62.7,Urea,Rain-fed,4297.0
Maharashtra,Zaid,Red,Maize,840.6,21.4,64.1,6.26,13.06,105.3,64.0,68.6,Organic,Flood,2592.6
Uttar Pradesh,Zaid,Laterite,Groundnut,476.4,30.2,93.0,6.37,10.38,88.9,64.7,18.0,NPK,Rain-fed,2229.0
Uttar Pradesh,Kharif,Sandy,Jowar,873.1,33.2,50.7,6.06,18.92,61.4,67.2,64.0,Organic,Sprinkler,1524.3
Rajasthan,Rabi,Loamy,Mustard,374.1,16.8,87.5,8.1,5.99,116.9,43.8,34.3,Potash,Flood,1212.1
Tamil Nadu,Kharif,Sandy,Soybean,847.5,24.2,50.1,8.29,19.76,118.0,79.4,76.9,DAP,Flood,1868.0
Punjab,Zaid,Sandy,Mustard,311.2,21.4,71.1,7.11,12.6,59.6,71.6,43.3,NPK,Sprinkler,1933.1
Punjab,Kharif,Alluvial,Maize,534.3,25.0,89.6,8.32,3.12,91.2,78.8,34.3,Urea,Drip,4875.8
Haryana,Kharif,Laterite,Cotton,737.2,37.5,74.3,6.28,3.14,90.6,68.7,14.4,NPK,Sprinkler,460.2
Andhra Pradesh,Rabi,Laterite,Rice,1210.5,34.0,55.4,6.17,17.8,82.0,47.8,36.2,DAP,Drip,3299.9
Punjab,Kharif,Clay,Wheat,427.3,16.3,49.8,8.32,11.65,146.3,50.5,57.2,DAP,Sprinkler,3831.6
Uttar Pradesh,Kharif,Red,Maize,666.8,20.2,75.2,7.9,1.24,45.3,15.4,36.3,DAP,Sprinkler,3938.2
Punjab,Kharif,Laterite,Barley,516.5,10.7,78.9,6.13,3.13,29.5,54.0,72.0,Organic,Rain-fed,4004.7
Tamil Nadu,Rabi,Alluvial,Jowar,668.3,25.9,75.9,5.74,8.31,131.2,66.9,46.9,Organic,Flood,2833.0
Madhya Pradesh,Rabi,Clay,Groundnut,579.6,22.6,52.8,8.27,4.82,123.5,66.1,29.5,Potash,Sprinkler,2622.6
Madhya Pradesh,Rabi,Alluvial,Sugarcane,1278.9,28.0,47.5,7.17,16.81,141.3,18.7,46.2,NPK,Rain-fed,65500.8
Karnataka,Kharif,Clay,Wheat,715.9,20.9,42.8,5.93,2.49,29.7,49.5,62.4,NPK,Flood,5893.7
West Bengal,Rabi,Red,Barley,364.3,17.0,54.1,8.4,4.22,57.8,71.5,31.4,Organic,Drip,2704.8
Punjab,Zaid,Red,Cotton,633.5,25.8,90.7,6.23,1.66,51.6,41.5,17.8,Urea,Flood,388.8
Madhya Pradesh,Kharif,Sandy,Sugarcane,1638.8,31.0,45.4,8.16,16.21,43.8,39.8,30.8,Organic,Sprinkler,103440.9
Tamil Nadu,Kharif,Clay,Groundnut,443.9,35.0,56.3,6.1,1.16,117.9,75.0,38.9,NPK,Rain-fed,2542.0
Andhra Pradesh,Kharif,Laterite,Soybean,826.8,23.8,69.5,8.08,14.91,72.7,42.3,53.1,Organic,Rain-fed,1499.7
Andhra Pradesh,Kharif,Sandy,Cotton,1114.0,26.8,65.6,5.63,17.82,106.0,32.1,37.0,Compost,Rain-fed,741.9
Maharashtra,Rabi,Alluvial,Wheat,401.2,17.5,57.8,6.89,19.51,132.0,36.0,59.4,Potash,Rain-fed,3554.1
Punjab,Rabi,Clay,Wheat,388.2,16.2,70.8,7.67,10.88,53.2,32.9,59.4,NPK,Sprinkler,4452.2
Punjab,Zaid,Loamy,Rice,1890.7,31.2,76.5,5.56,0.64,86.8,32.1,65.6,DAP,Flood,5396.1
Madhya Pradesh,Zaid,Alluvial,Soybean,1192.4,25.6,83.3,6.2,14.39,31.3,46.2,36.3,DAP,Sprinkler,1941.4
Punjab,Rabi,Loamy,Soybean,843.9,23.7,66.6,6.65,12.93,106.7,31.4,65.2,DAP,Flood,1510.8
West Bengal,Zaid,Alluvial,Sugarcane,1058.6,30.3,53.3,6.28,17.91,107.2,13.8,17.2,NPK,Drip,115793.2
Andhra Pradesh,Rabi,Laterite,Sugarcane,2163.9,37.0,88.0,5.53,8.42,118.6,34.2,71.4,Potash,Flood,89855.1
Andhra Pradesh,Rabi,Sandy,Cotton,681.8,28.1,90.5,6.94,14.05,90.7,36.5,66.6,Compost,Drip,839.1
West Bengal,Rabi,Black,Barley,637.3,12.2,47.4,8.06,6.94,53.0,50.8,66.0,DAP,Flood,3133.2
Punjab,Zaid,Alluvial,Barley,241.9,12.8,74.1,5.72,7.53,104.0,52.4,31.0,NPK,Sprinkler,1666.7
Madhya Pradesh,Kharif,Black,Maize,897.9,20.4,88.4,6.24,4.13,66.9,55.4,57.0,DAP,Flood,2894.6
Karnataka,Zaid,Loamy,Maize,554.3,24.0,42.3,7.92,12.73,72.7,57.2,23.0,Organic,Flood,5210.3
Maharashtra,Kharif,Black,Soybean,619.0,29.0,65.8,6.59,14.79,32.2,43.7,40.0,Compost,Rain-fed,2344.3
Haryana,Rabi,Clay,Sugarcane,2497.5,33.9,63.7,7.7,5.86,48.6,43.9,76.1,Potash,Flood,75062.6
Tamil Nadu,Rabi,Laterite,Maize,734.9,25.2,90.6,7.79,17.18,146.2,20.1,27.6,Organic,Sprinkler,3068.0
Uttar Pradesh,Rabi,Alluvial,Wheat,277.6,15.8,49.6,6.24,17.21,125.0,39.1,74.1,Compost,Drip,3999.9
